brand,series,model,normalized_model,URL,source_path,page_type,current_verified_fields,current_spec_mentions,popularModels,data_quality,research_priority,normalization_status,family,marketing_name,model_family,model_code,generation
Acer,acer-aspire,acer-aspire-5,Acer | acer-aspire-5,/รับซื้อโน๊ตบุ๊ค/acer-aspire-5/,src/content/brands/acer-aspire-5.md,Model,popularModels|faqs,AMD Ryzen 3,"Aspire 5 Intel | Aspire 5 Ryzen | Aspire 5 ที่อัปเกรด RAM / SSD แล้ว",repo_rich_unverified,C,OK,acer-aspire-5,acer-aspire-5,acer-aspire-5,5,
Acer,acer-nitro,acer-nitro-16,Acer | acer-nitro-16,/รับซื้อโน๊ตบุ๊ค/acer-nitro-16/,src/content/brands/acer-nitro-16.md,Model,popularModels|faqs,RTX 4050 | RTX 4060 | RTX 4070 | RTX 4080 | Intel Core i7 | AMD Ryzen 7 | 16GB / 32GB | 512GB | 16 นิ้ว | 165Hz,"Nitro 16 AN16-41 (AMD Ryzen) | Nitro 16 AN16-51 (Intel Core)",repo_rich_unverified,A,OK,acer-nitro-16,acer-nitro-16,acer-nitro-16,16,
Acer,acer-nitro,acer-nitro-17,Acer | acer-nitro-17,/รับซื้อโน๊ตบุ๊ค/acer-nitro-17/,src/content/brands/acer-nitro-17.md,Model,popularModels|faqs,RTX 4050 | RTX 4060 | 17.3 นิ้ว,"Nitro 17 RTX 4050 | Nitro 17 RTX 4060 | Nitro 17 ที่อัปเกรด RAM / SSD แล้ว",repo_rich_unverified,A,OK,acer-nitro-17,acer-nitro-17,acer-nitro-17,17,
Acer,acer-nitro,acer-nitro-v,Acer | acer-nitro-v,/รับซื้อโน๊ตบุ๊ค/acer-nitro-v/,src/content/brands/acer-nitro-v.md,Model,popularModels|faqs,RTX 2050 | RTX 3050 | RTX 4050 | RTX 4060 | Intel Core i5 | AMD Ryzen 5 | 8GB / 16GB | 512GB | 15.6 นิ้ว | 16 นิ้ว | 144Hz | 165Hz,"Nitro V 15 (Intel Core) | Nitro V 16 (AMD Ryzen)",repo_rich_unverified,A,OK,acer-nitro-v,acer-nitro-v,acer-nitro-v,v,
Acer,acer-predator,acer-predator-helios,Acer | acer-predator-helios,/รับซื้อโน๊ตบุ๊ค/acer-predator-helios/,src/content/brands/acer-predator-helios.md,Model,popularModels|faqs,RTX 4070,"Predator Helios 16 | Predator Helios 18 | Predator Helios ที่ใช้ RTX 4070 ขึ้นไป",repo_rich_unverified,A,OK,acer-predator-helios,acer-predator-helios,acer-predator-helios,helios,
Acer,acer-predator,acer-predator-neo,Acer | acer-predator-neo,/รับซื้อโน๊ตบุ๊ค/acer-predator-neo/,src/content/brands/acer-predator-neo.md,Model,popularModels|faqs,RTX 4050 | RTX 4060 | RTX 4070 | RTX 4080 | Intel Core i5 | Intel Core i7 | 16GB / 32GB | 512GB | 16 นิ้ว | 165Hz | 240Hz,"Predator Helios Neo 16 (Intel Core i5) | Predator Helios Neo 16 (Intel Core i7 / i9)",repo_rich_unverified,A,OK,acer-predator-neo,acer-predator-neo,acer-predator-neo,neo,
Acer,acer-predator,acer-predator-triton,Acer | acer-predator-triton,/รับซื้อโน๊ตบุ๊ค/acer-predator-triton/,src/content/brands/acer-predator-triton.md,Model,popularModels|faqs,RTX 4070,"Predator Triton 14 | Predator Triton 16 | Predator Triton ที่ใช้ RTX 4070 ขึ้นไป",repo_rich_unverified,A,OK,acer-predator-triton,acer-predator-triton,acer-predator-triton,triton,
Acer,acer-swift,,Acer | acer-swift,/รับซื้อโน๊ตบุ๊ค/acer-swift/,src/content/brands/acer-swift.md,Series,popularModels|faqs,Intel Core i5 | AMD Ryzen 5 | 8GB / 16GB | 512GB | 14 นิ้ว | 16 นิ้ว,"Swift 3 / Swift 5 | Swift Go 14 / Go 16 | Swift Edge (หน้าจอ OLED บางเบาพิเศษ)",repo_rich_unverified,B,OK,acer-swift,acer-swift,acer-swift,,
Acer,acer-travelmate,,Acer | acer-travelmate,/รับซื้อโน๊ตบุ๊ค/acer-travelmate/,src/content/brands/acer-travelmate.md,Series,popularModels|faqs,Intel Core i3 | AMD Ryzen 3 | 8GB / 16GB | 32GB | 256GB / 512GB,"TravelMate P2 / P4 / P6 | TravelMate Spin (พับหน้าจอได้) | TravelMate B Series",repo_rich_unverified,B,OK,acer-travelmate,acer-travelmate,acer-travelmate,,
Dell,alienware-m15,alienware-m15-r7-r8,Dell | alienware-m15-r7-r8,/รับซื้อโน๊ตบุ๊ค/alienware-m15-r7-r8/,src/content/brands/alienware-m15-r7-r8.md,Model,popularModels|faqs,RTX 3060 | RTX 3070 | RTX 4060 | RTX 3070Ti | RTX 4070 | m1,"Alienware m15 R7 RTX 3060 | Alienware m15 R7 RTX 3070 | Alienware m15 R8 RTX 4060 / 4070",repo_rich_unverified,B,OK,Alienware,alienware-m15-r7-r8,alienware-m15-r7-r8,r7-r8,
Dell,alienware-m16,alienware-m16,Dell | alienware-m16,/รับซื้อโน๊ตบุ๊ค/alienware-m16/,src/content/brands/alienware-m16.md,Model,popularModels|faqs,RTX 4060 | RTX 4070 | RTX 4080 | m1 | 16 นิ้ว,"Alienware m16 RTX 4060 | Alienware m16 RTX 4070 | Alienware m16 RTX 4080 ขึ้นไป",repo_rich_unverified,B,OK,Alienware,alienware-m16,alienware-m16,,
Dell,alienware-m18,alienware-m18,Dell | alienware-m18,/รับซื้อโน๊ตบุ๊ค/alienware-m18/,src/content/brands/alienware-m18.md,Model,popularModels|faqs,RTX 4070 | RTX 4080 | RTX 4090 | m1 | 18 นิ้ว,"Alienware m18 RTX 4070 | Alienware m18 RTX 4080 | Alienware m18 RTX 4090",repo_rich_unverified,B,OK,Alienware,alienware-m18,alienware-m18,,
Dell,alienware-x16,,Dell | alienware-x16,/รับซื้อโน๊ตบุ๊ค/alienware-x16/,src/content/brands/alienware-x16.md,Series,popularModels|faqs,RTX 4070 | RTX 4080 | RTX 4090 | RTX 4060 | 165Hz | 240Hz,"Alienware x16 RTX 4070 | Alienware x16 RTX 4080 | Alienware x16 RTX 4090",repo_rich_unverified,B,OK,Alienware,alienware-x16,alienware-x16,,
ASUS,asus-expertbook,,ASUS | asus-expertbook,/รับซื้อโน๊ตบุ๊ค/asus-expertbook/,src/content/brands/asus-expertbook.md,Series,popularModels|faqs,Intel Core i3 | AMD Ryzen 3 | 8GB / 16GB | 32GB | 256GB / 512GB,"ExpertBook B1 / B3 / B5 | ExpertBook B9 (รุ่นบางเบาพิเศษ) | ExpertBook Essential",repo_rich_unverified,B,OK,asus-expertbook,asus-expertbook,asus-expertbook,,
ASUS,asus-rog,asus-rog-ally-x,ASUS | asus-rog-ally-x,/รับซื้อโน๊ตบุ๊ค/asus-rog-ally-x/,src/content/brands/asus-rog-ally-x.md,Model,popularModels|faqs,7 นิ้ว | 120Hz,"ROG Ally X 1TB | ROG Ally X พร้อมเคสและอะแดปเตอร์เดิม",repo_partial_unverified,A,OK,asus-rog-ally-x,asus-rog-ally-x,asus-rog-ally-x,ally-x,
ASUS,asus-rog,asus-rog-flow,ASUS | asus-rog-flow,/รับซื้อโน๊ตบุ๊ค/asus-rog-flow/,src/content/brands/asus-rog-flow.md,Model,popularModels|faqs,,"ROG Flow X13 | ROG Flow Z13 | ROG Flow X16",repo_rich_unverified,A,OK,asus-rog-flow,asus-rog-flow,asus-rog-flow,flow,
ASUS,asus-rog,asus-rog-strix,ASUS | asus-rog-strix,/รับซื้อโน๊ตบุ๊ค/asus-rog-strix/,src/content/brands/asus-rog-strix.md,Model,popularModels|faqs,RTX 3070 | RTX 3080 | RTX 4060 | RTX 4070 | RTX 4080 | RTX 4090 | Intel Core i7 | AMD Ryzen 7 | 16GB / 32GB | 64GB | 512GB | 15.6 นิ้ว | 16 นิ้ว | 17.3 นิ้ว | 18 นิ้ว | 165Hz | 240Hz | 360Hz,"ROG Strix G15 / G16 | ROG Strix G17 / G18 | ROG Strix Scar (รุ่นท็อปประสิทธิภาพเต็มประสิทธิภาพ)",repo_rich_unverified,A,OK,asus-rog-strix,asus-rog-strix,asus-rog-strix,strix,
ASUS,asus-tuf,asus-tuf-a15-f15,ASUS | asus-tuf-a15-f15,/รับซื้อโน๊ตบุ๊ค/asus-tuf-a15-f15/,src/content/brands/asus-tuf-a15-f15.md,Model,popularModels|faqs,RTX 2060 | RTX 3050 | RTX 3060 | RTX 4050 | RTX 4060 | GTX 1650 | Intel Core i5 | AMD Ryzen 5 | 8GB / 16GB | 32GB | 512GB | 15.6 นิ้ว | 144Hz | 240Hz,"TUF Gaming F15 (Intel Core) | TUF Gaming A15 (AMD Ryzen)",repo_rich_unverified,A,OK,asus-tuf-a15-f15,asus-tuf-a15-f15,asus-tuf-a15-f15,a15-f15,
ASUS,asus-vivobook,,ASUS | asus-vivobook,/รับซื้อโน๊ตบุ๊ค/asus-vivobook/,src/content/brands/asus-vivobook.md,Series,popularModels|faqs,Intel Core i3 | AMD Ryzen 3 | 8GB / 16GB | 256GB / 512GB | 14 นิ้ว | 15.6 นิ้ว,"Vivobook 14 / 15 | Vivobook S14 / S15 | Vivobook OLED / Pro",repo_rich_unverified,B,OK,asus-vivobook,asus-vivobook,asus-vivobook,,
ASUS,asus-zenbook,,ASUS | asus-zenbook,/รับซื้อโน๊ตบุ๊ค/asus-zenbook/,src/content/brands/asus-zenbook.md,Series,popularModels|faqs,Intel Core i5 | AMD Ryzen 5 | 16GB / 32GB | 512GB,"Zenbook 13 / 14 | Zenbook Pro / Flip | Zenbook Duo (สองหน้าจอ)",repo_rich_unverified,B,OK,asus-zenbook,asus-zenbook,asus-zenbook,,
ASUS,asus-zephyrus,asus-zephyrus-g14,ASUS | asus-zephyrus-g14,/รับซื้อโน๊ตบุ๊ค/asus-zephyrus-g14/,src/content/brands/asus-zephyrus-g14.md,Model,popularModels|faqs,RTX 4050 | RTX 4060 | RTX 3060,"Zephyrus G14 RTX 4050 | Zephyrus G14 RTX 4060 | Zephyrus G14 ที่อัปเกรด RAM / SSD แล้ว",repo_rich_unverified,A,OK,asus-zephyrus-g14,asus-zephyrus-g14,asus-zephyrus-g14,g14,
ASUS,asus-zephyrus,asus-zephyrus-g16,ASUS | asus-zephyrus-g16,/รับซื้อโน๊ตบุ๊ค/asus-zephyrus-g16/,src/content/brands/asus-zephyrus-g16.md,Model,popularModels|faqs,RTX 4060 | RTX 4070 | 16 นิ้ว | 240Hz,"Zephyrus G16 RTX 4060 | Zephyrus G16 RTX 4070 | Zephyrus G16 จอ 240Hz",repo_rich_unverified,A,OK,asus-zephyrus-g16,asus-zephyrus-g16,asus-zephyrus-g16,g16,
ASUS,asus-zephyrus,,ASUS | asus-zephyrus,/รับซื้อโน๊ตบุ๊ค/asus-zephyrus/,src/content/brands/asus-zephyrus.md,Series,popularModels|faqs,RTX 3060 | RTX 3070 | RTX 4060 | RTX 4070 | RTX 4080 | RTX 4090 | Intel Core i7 | AMD Ryzen 7 | 16GB / 32GB | 512GB | 120Hz | 240Hz,"ROG Zephyrus G14 | ROG Zephyrus G16 | ROG Zephyrus Duo (สองหน้าจอ)",repo_rich_unverified,A,OK,asus-zephyrus,asus-zephyrus,asus-zephyrus,,
Dell,dell-g15,dell-g15-g16,Dell | dell-g15-g16,/รับซื้อโน๊ตบุ๊ค/dell-g15-g16/,src/content/brands/dell-g15-g16.md,Model,popularModels|faqs,RTX 3050 | RTX 4060,"Dell G15 RTX 3050 / 4050 | Dell G16 RTX 4060 / 4070 | Dell G Series ที่อัปเกรด RAM / SSD แล้ว",repo_rich_unverified,C,OK,dell-g15-g16,dell-g15-g16,dell-g15-g16,g16,
Dell,dell-inspiron,dell-inspiron-15,Dell | dell-inspiron-15,/รับซื้อโน๊ตบุ๊ค/dell-inspiron-15/,src/content/brands/dell-inspiron-15.md,Model,popularModels|faqs,,"Inspiron 15 Intel | Inspiron 15 Ryzen | Inspiron 15 ที่อัปเกรด RAM / SSD แล้ว",repo_rich_unverified,C,OK,dell-inspiron-15,dell-inspiron-15,dell-inspiron-15,15,
Dell,dell-latitude,,Dell | dell-latitude,/รับซื้อโน๊ตบุ๊ค/dell-latitude/,src/content/brands/dell-latitude.md,Series,popularModels|faqs,Intel Core i3 | AMD Ryzen 3 | 8GB / 16GB | 32GB | 256GB / 512GB,"Latitude 3420 / 3430 | Latitude 5420 / 5430 | Latitude 7420 / 7430",repo_rich_unverified,A,OK,dell-latitude,dell-latitude,dell-latitude,,
Dell,dell-vostro,,Dell | dell-vostro,/รับซื้อโน๊ตบุ๊ค/dell-vostro/,src/content/brands/dell-vostro.md,Series,popularModels|faqs,Intel Core i3 | AMD Ryzen 3 | 8GB / 16GB | 256GB / 512GB,"Vostro 14 / 15 | Vostro 3000 ซีรีส์ | Vostro 5000 ซีรีส์",repo_rich_unverified,B,OK,dell-vostro,dell-vostro,dell-vostro,,
Dell,dell-xps,dell-xps-13-15,Dell | dell-xps-13-15,/รับซื้อโน๊ตบุ๊ค/dell-xps-13-15/,src/content/brands/dell-xps-13-15.md,Model,popularModels|faqs,,"XPS 13 | XPS 15 | XPS ที่ใช้จอ 3K / 4K",repo_rich_unverified,A,OK,dell-xps-13-15,dell-xps-13-15,dell-xps-13-15,13-15,
Gigabyte,gigabyte-aorus,,Gigabyte | gigabyte-aorus,/รับซื้อโน๊ตบุ๊ค/gigabyte-aorus/,src/content/brands/gigabyte-aorus.md,Series,popularModels|faqs,RTX 4060,"Aorus 15 | Aorus 17 | Aorus ที่ใช้ RTX 4060 / 4070",repo_rich_unverified,B,OK,gigabyte-aorus,gigabyte-aorus,gigabyte-aorus,,
Honor,honor-magicbook,,Honor | honor-magicbook,/รับซื้อโน๊ตบุ๊ค/honor-magicbook/,src/content/brands/honor-magicbook.md,Series,popularModels|faqs,,"MagicBook 14 | MagicBook 15 | MagicBook X 14",repo_rich_unverified,B,OK,honor-magicbook,honor-magicbook,honor-magicbook,,
HP,hp-elitebook,,HP | hp-elitebook,/รับซื้อโน๊ตบุ๊ค/hp-elitebook/,src/content/brands/hp-elitebook.md,Series,popularModels|faqs,Intel Core i5 | AMD Ryzen 5 | 16GB / 32GB | 64GB | 512GB,"EliteBook 600 ซีรีส์ | EliteBook 800 ซีรีส์ (840 / 850) | EliteBook 1000 ซีรีส์ (รุ่นบางเบาพรีเมียม)",repo_rich_unverified,A,OK,hp-elitebook,hp-elitebook,hp-elitebook,,
HP,hp-envy,hp-envy-x360,HP | hp-envy-x360,/รับซื้อโน๊ตบุ๊ค/hp-envy-x360/,src/content/brands/hp-envy-x360.md,Model,popularModels|faqs,Intel Core i5,"Envy x360 13 | Envy x360 14 | Envy x360 15",repo_rich_unverified,C,OK,hp-envy-x360,hp-envy-x360,hp-envy-x360,x360,
HP,hp-omen,hp-omen-16,HP | hp-omen-16,/รับซื้อโน๊ตบุ๊ค/hp-omen-16/,src/content/brands/hp-omen-16.md,Model,popularModels|faqs,RTX 4060 | RTX 4070 | RTX 3060 | RTX 4050,"OMEN 16 RTX 4060 | OMEN 16 RTX 4070 | OMEN 16 ที่อัปเกรด SSD / RAM แล้ว",repo_rich_unverified,A,OK,hp-omen-16,hp-omen-16,hp-omen-16,16,
HP,hp-omen,hp-omen-17,HP | hp-omen-17,/รับซื้อโน๊ตบุ๊ค/hp-omen-17/,src/content/brands/hp-omen-17.md,Model,popularModels|faqs,RTX 4060 | RTX 4070 | RTX 4080 | RTX 3070 | 17.3 นิ้ว,"OMEN 17 RTX 4060 | OMEN 17 RTX 4070 | OMEN 17 RTX 4080",repo_rich_unverified,A,OK,hp-omen-17,hp-omen-17,hp-omen-17,17,
HP,hp-omen,hp-omen-transcend,HP | hp-omen-transcend,/รับซื้อโน๊ตบุ๊ค/hp-omen-transcend/,src/content/brands/hp-omen-transcend.md,Model,popularModels|faqs,RTX 4060 | 14 นิ้ว | 16 นิ้ว,"OMEN Transcend 14 | OMEN Transcend 16 | OMEN Transcend RTX 4060 / 4070",repo_rich_unverified,A,OK,hp-omen-transcend,hp-omen-transcend,hp-omen-transcend,transcend,
HP,hp-pavilion,,HP | hp-pavilion,/รับซื้อโน๊ตบุ๊ค/hp-pavilion/,src/content/brands/hp-pavilion.md,Series,popularModels|faqs,Intel Core i3 | AMD Ryzen 3 | 8GB / 16GB | 256GB / 512GB | 13.3 นิ้ว | 14 นิ้ว | 15.6 นิ้ว,"Pavilion 14 / 15 | Pavilion x360 (พับหน้าจอได้ 360 องศา) | Pavilion Aero 13 (รุ่นบางเบาพิเศษ)",repo_rich_unverified,B,OK,hp-pavilion,hp-pavilion,hp-pavilion,,
HP,hp-probook,,HP | hp-probook,/รับซื้อโน๊ตบุ๊ค/hp-probook/,src/content/brands/hp-probook.md,Series,popularModels|faqs,Intel Core i3 | AMD Ryzen 3 | 8GB / 16GB | 32GB | 256GB / 512GB,"ProBook 400 ซีรีส์ (440 / 450) | ProBook 600 ซีรีส์ | ProBook x360 (พับหน้าจอได้)",repo_rich_unverified,B,OK,hp-probook,hp-probook,hp-probook,,
HP,hp-spectre,hp-spectre-x360,HP | hp-spectre-x360,/รับซื้อโน๊ตบุ๊ค/hp-spectre-x360/,src/content/brands/hp-spectre-x360.md,Model,popularModels|faqs,Intel Core i5,"Spectre x360 13 | Spectre x360 14 | Spectre x360 16",repo_rich_unverified,C,OK,hp-spectre-x360,hp-spectre-x360,hp-spectre-x360,x360,
HP,hp-victus,hp-victus-15,HP | hp-victus-15,/รับซื้อโน๊ตบุ๊ค/hp-victus-15/,src/content/brands/hp-victus-15.md,Model,popularModels|faqs,RTX 3050 | RTX 4050 | RTX 4060 | GTX 1650 | Intel Core i5 | AMD Ryzen 5 | 8GB / 16GB | 512GB | 15.6 นิ้ว | 144Hz,"Victus 15 (Intel Core) | Victus 15 (AMD Ryzen)",repo_rich_unverified,A,OK,hp-victus-15,hp-victus-15,hp-victus-15,15,
HP,hp-victus,hp-victus-16,HP | hp-victus-16,/รับซื้อโน๊ตบุ๊ค/hp-victus-16/,src/content/brands/hp-victus-16.md,Model,popularModels|faqs,RTX 3050 | RTX 3060 | RTX 4050 | RTX 4060 | RTX 4070 | Intel Core i5 | AMD Ryzen 5 | 8GB / 16GB | 32GB | 512GB | 16.1 นิ้ว | 144Hz | 165Hz,"Victus 16 (Intel Core) | Victus 16 (AMD Ryzen)",repo_rich_unverified,A,OK,hp-victus-16,hp-victus-16,hp-victus-16,16,
HP,hp-victus,hp-victus-17,HP | hp-victus-17,/รับซื้อโน๊ตบุ๊ค/hp-victus-17/,src/content/brands/hp-victus-17.md,Model,popularModels|faqs,RTX 4050 | RTX 4060 | RTX 3050 | GTX 1650 | 17.3 นิ้ว,"Victus 17 RTX 4050 | Victus 17 RTX 4060 | Victus 17 ที่อัปเกรด RAM แล้ว",repo_rich_unverified,A,OK,hp-victus-17,hp-victus-17,hp-victus-17,17,
Huawei,huawei-matebook,,Huawei | huawei-matebook,/รับซื้อโน๊ตบุ๊ค/huawei-matebook/,src/content/brands/huawei-matebook.md,Series,popularModels|faqs,,"MateBook D14 | MateBook D15 | MateBook 14",repo_rich_unverified,B,OK,huawei-matebook,huawei-matebook,huawei-matebook,,
Lenovo,lenovo-ideapad,lenovo-ideapad-3-5,Lenovo | lenovo-ideapad-3-5,/รับซื้อโน๊ตบุ๊ค/lenovo-ideapad-3-5/,src/content/brands/lenovo-ideapad-3-5.md,Model,popularModels|faqs,,"IdeaPad Slim 3 | IdeaPad Slim 5 | IdeaPad 3 / 5 ที่อัปเกรด SSD แล้ว",repo_rich_unverified,C,OK,lenovo-ideapad-3-5,lenovo-ideapad-3-5,lenovo-ideapad-3-5,3-5,
Lenovo,lenovo-legion,lenovo-legion-5,Lenovo | lenovo-legion-5,/รับซื้อโน๊ตบุ๊ค/lenovo-legion-5/,src/content/brands/lenovo-legion-5.md,Model,popularModels,RTX 4060 | RTX 3060 | Intel Core i7 | AMD Ryzen 7 | 15 นิ้ว | 16 นิ้ว | 144Hz | 165Hz,"Legion 5 15 นิ้ว | Legion 5 16 นิ้ว | Legion 5 RTX 4060 / 4070",repo_rich_unverified,A,OK,lenovo-legion-5,lenovo-legion-5,lenovo-legion-5,5,
Lenovo,lenovo-legion,lenovo-legion-pro-7,Lenovo | lenovo-legion-pro-7,/รับซื้อโน๊ตบุ๊ค/lenovo-legion-pro-7/,src/content/brands/lenovo-legion-pro-7.md,Model,popularModels|faqs,RTX 4070 | RTX 4080 | RTX 4090,"Legion Pro 7 RTX 4070 | Legion Pro 7 RTX 4080 | Legion Pro 7 RTX 4090",repo_rich_unverified,A,OK,lenovo-legion-pro-7,lenovo-legion-pro-7,lenovo-legion-pro-7,pro-7,
Lenovo,lenovo-legion,lenovo-legion-pro,Lenovo | lenovo-legion-pro,/รับซื้อโน๊ตบุ๊ค/lenovo-legion-pro/,src/content/brands/lenovo-legion-pro.md,Model,popularModels|faqs,RTX 3070 | RTX 3080 | RTX 4060 | RTX 4070 | RTX 4080 | RTX 4090 | Intel Core i7 | AMD Ryzen 7 | 16GB / 32GB | 64GB | 512GB | 16 นิ้ว | 165Hz | 240Hz,"Legion Pro 5 / 5i | Legion Pro 7 / 7i (รุ่นพรีเมียมสเปกท็อป)",repo_rich_unverified,A,OK,lenovo-legion-pro,lenovo-legion-pro,lenovo-legion-pro,pro,
Lenovo,lenovo-legion,lenovo-legion-slim,Lenovo | lenovo-legion-slim,/รับซื้อโน๊ตบุ๊ค/lenovo-legion-slim/,src/content/brands/lenovo-legion-slim.md,Model,popularModels|faqs,RTX 3060 | RTX 4060 | RTX 4070 | Intel Core i7 | AMD Ryzen 7 | 16GB / 32GB | 512GB | 14 นิ้ว | 16 นิ้ว | 165Hz,"Legion Slim 5 / 5i | Legion Slim 7 / 7i (รุ่นพรีเมียมบางเบาสเปกท็อป)",repo_rich_unverified,A,OK,lenovo-legion-slim,lenovo-legion-slim,lenovo-legion-slim,slim,
Lenovo,lenovo-loq,lenovo-loq-15-16,Lenovo | lenovo-loq-15-16,/รับซื้อโน๊ตบุ๊ค/lenovo-loq-15-16/,src/content/brands/lenovo-loq-15-16.md,Model,popularModels|faqs,RTX 3050 | RTX 4050 | RTX 4060 | Intel Core i5 | AMD Ryzen 5 | 8GB / 16GB | 32GB | 512GB | 16 นิ้ว | 15.6 นิ้ว | 144Hz | 165Hz,"Lenovo LOQ 15 (Intel Core) | Lenovo LOQ 15 (AMD Ryzen) | Lenovo LOQ 16 (หน้าจอ 16 นิ้ว)",repo_rich_unverified,B,OK,lenovo-loq-15-16,lenovo-loq-15-16,lenovo-loq-15-16,15-16,
Lenovo,lenovo-thinkbook,,Lenovo | lenovo-thinkbook,/รับซื้อโน๊ตบุ๊ค/lenovo-thinkbook/,src/content/brands/lenovo-thinkbook.md,Series,popularModels|faqs,Intel Core i3 | AMD Ryzen 3 | 8GB / 16GB | 32GB | 256GB / 512GB,"ThinkBook 14 / 15 | ThinkBook Plus (มีสองหน้าจอ) | ThinkBook Yoga (พับหน้าจอได้)",repo_rich_unverified,B,OK,lenovo-thinkbook,lenovo-thinkbook,lenovo-thinkbook,,
Lenovo,lenovo-yoga,,Lenovo | lenovo-yoga,/รับซื้อโน๊ตบุ๊ค/lenovo-yoga/,src/content/brands/lenovo-yoga.md,Series,popularModels|faqs,Intel Core i5 | AMD Ryzen 5 | 16GB / 32GB | 512GB,"Yoga 7 / 7i (พับหมุน 360 องศา) | Yoga 9 / 9i (รุ่นพรีเมียมเรือธง) | Yoga Slim (ดีไซน์บางเบาไม่พับจอ)",repo_rich_unverified,B,OK,lenovo-yoga,lenovo-yoga,lenovo-yoga,,
LG,lg-gram,,LG | lg-gram,/รับซื้อโน๊ตบุ๊ค/lg-gram/,src/content/brands/lg-gram.md,Series,popularModels|faqs,Intel Core i5 | 17 นิ้ว,"Gram 14 | Gram 16 | Gram 17",repo_rich_unverified,B,OK,lg-gram,lg-gram,lg-gram,,
Apple,MacBook Air,macbook-air-13,Apple | MacBook Air 13,/รับซื้อโน๊ตบุ๊ค/macbook-air-13/,src/content/brands/macbook-air-13.md,Model,popularModels|faqs,M1 | M2 | M3 | M4 | M5,"MacBook Air 13 M1 | MacBook Air 13 M2 | MacBook Air 13 M3 / M4 / M5",repo_rich_unverified,A,OK,MacBook Air,macbook-air-13,MacBook Air 13,,
Apple,MacBook Air,macbook-air-15,Apple | MacBook Air 15,/รับซื้อโน๊ตบุ๊ค/macbook-air-15/,src/content/brands/macbook-air-15.md,Model,popularModels|faqs,M2 | M3 | M4 | M5,"MacBook Air 15 M2 | MacBook Air 15 M3 | MacBook Air 15 M4 / M5",repo_rich_unverified,A,OK,MacBook Air,macbook-air-15,MacBook Air 15,,
Apple,MacBook Air,macbook-air-m1,Apple | MacBook Air M1,/รับซื้อโน๊ตบุ๊ค/macbook-air-m1/,src/content/brands/macbook-air-m1.md,Model,popularModels|faqs,M1 | 8GB/256GB | 8GB/512GB | 16GB/512GB | 8GB | 16GB | 256GB / 512GB | 13.3 นิ้ว | 13 นิ้ว,"MacBook Air M1 8GB/256GB | MacBook Air M1 8GB/512GB | MacBook Air M1 16GB/512GB",repo_rich_unverified,A,OK,MacBook Air,macbook-air-m1,MacBook Air M1,,M1
Apple,MacBook Air,macbook-air-m2,Apple | MacBook Air M2,/รับซื้อโน๊ตบุ๊ค/macbook-air-m2/,src/content/brands/macbook-air-m2.md,Model,popularModels|faqs,M2 | 8GB/256GB | 8GB/512GB | 16GB/512GB | 8GB / 16GB | 24GB | 256GB / 512GB | 13.6 นิ้ว | 13 นิ้ว | 15 นิ้ว,"MacBook Air M2 8GB/256GB | MacBook Air M2 8GB/512GB | MacBook Air M2 16GB/512GB",repo_rich_unverified,A,OK,MacBook Air,macbook-air-m2,MacBook Air M2,,M2
Apple,MacBook Air,macbook-air-m3,Apple | MacBook Air M3,/รับซื้อโน๊ตบุ๊ค/macbook-air-m3/,src/content/brands/macbook-air-m3.md,Model,popularModels|faqs,M3 | 8GB/256GB | 8GB/512GB | 16GB/512GB | 8GB / 16GB | 24GB | 256GB | 13 นิ้ว | 15 นิ้ว,"MacBook Air M3 8GB/256GB | MacBook Air M3 8GB/512GB | MacBook Air M3 16GB/512GB",repo_rich_unverified,A,OK,MacBook Air,macbook-air-m3,MacBook Air M3,,M3
Apple,MacBook Air,macbook-air-m4,Apple | MacBook Air M4,/รับซื้อโน๊ตบุ๊ค/macbook-air-m4/,src/content/brands/macbook-air-m4.md,Model,popularModels|faqs,M4 | m4 | 512GB | 13 นิ้ว | 15 นิ้ว,"MacBook Air M4 13 นิ้ว | MacBook Air M4 15 นิ้ว | MacBook Air M4 ความจุ 512GB ขึ้นไป",repo_rich_unverified,A,OK,MacBook Air,macbook-air-m4,MacBook Air M4,,M4
Apple,MacBook Air,macbook-air-m5,Apple | MacBook Air M5,/รับซื้อโน๊ตบุ๊ค/macbook-air-m5/,src/content/brands/macbook-air-m5.md,Model,popularModels|faqs,M5 | m5 | 512GB | 13 นิ้ว | 15 นิ้ว,"MacBook Air M5 13 นิ้ว | MacBook Air M5 15 นิ้ว | MacBook Air M5 ความจุ 512GB ขึ้นไป",repo_rich_unverified,A,OK,MacBook Air,macbook-air-m5,MacBook Air M5,,M5
Apple,MacBook Pro,macbook-pro-14,Apple | MacBook Pro 14,/รับซื้อโน๊ตบุ๊ค/macbook-pro-14/,src/content/brands/macbook-pro-14.md,Model,popularModels|faqs,M1 Pro | M2 Pro | M3 | M4 | M5,"MacBook Pro 14 M1 Pro / Max | MacBook Pro 14 M2 Pro / Max | MacBook Pro 14 M3 / M4 / M5",repo_rich_unverified,A,OK,MacBook Pro,macbook-pro-14,MacBook Pro 14,,
Apple,MacBook Pro,macbook-pro-16,Apple | MacBook Pro 16,/รับซื้อโน๊ตบุ๊ค/macbook-pro-16/,src/content/brands/macbook-pro-16.md,Model,popularModels|faqs,M1 Pro | M2 Pro | M3 | M4 | M5,"MacBook Pro 16 M1 Pro / Max | MacBook Pro 16 M2 Pro / Max | MacBook Pro 16 M3 / M4 / M5",repo_rich_unverified,A,OK,MacBook Pro,macbook-pro-16,MacBook Pro 16,,
Apple,MacBook Pro,macbook-pro-m1,Apple | MacBook Pro M1,/รับซื้อโน๊ตบุ๊ค/macbook-pro-m1/,src/content/brands/macbook-pro-m1.md,Model,popularModels|faqs,M1 | 8GB/256GB | 8GB/512GB | 16GB/512GB | 8GB | 16GB | 256GB / 512GB | 13.3 นิ้ว | 14 นิ้ว | 16 นิ้ว,"MacBook Pro 13"" M1 8GB/256GB | MacBook Pro 13"" M1 8GB/512GB | MacBook Pro 13"" M1 16GB/512GB",repo_rich_unverified,A,OK,MacBook Pro,macbook-pro-m1,MacBook Pro M1,,M1
Apple,MacBook Pro,macbook-pro-m2,Apple | MacBook Pro M2,/รับซื้อโน๊ตบุ๊ค/macbook-pro-m2/,src/content/brands/macbook-pro-m2.md,Model,popularModels|faqs,M2 | 8GB/256GB | 8GB/512GB | 16GB/512GB | 8GB / 16GB | 24GB | 256GB / 512GB | 13.3 นิ้ว | 14 นิ้ว | 16 นิ้ว,"MacBook Pro 13"" M2 8GB/256GB | MacBook Pro 13"" M2 8GB/512GB | MacBook Pro 13"" M2 16GB/512GB",repo_rich_unverified,A,OK,MacBook Pro,macbook-pro-m2,MacBook Pro M2,,M2
Apple,MacBook Pro,macbook-pro-m3,Apple | MacBook Pro M3,/รับซื้อโน๊ตบุ๊ค/macbook-pro-m3/,src/content/brands/macbook-pro-m3.md,Model,popularModels|faqs,M3 | M3 Pro | M3 Max | 8GB/512GB | 18GB/512GB | 36GB | 8GB / 16GB | 18GB / 24GB | 36GB / 48GB | 96GB / 128GB | 512GB | 14 นิ้ว | 16 นิ้ว | 14.2 นิ้ว | 16.2 นิ้ว | 120Hz,"MacBook Pro 14"" M3 8GB/512GB | MacBook Pro 14"" M3 Pro 18GB/512GB | MacBook Pro 16"" M3 Max 36GB/1TB",repo_rich_unverified,A,OK,MacBook Pro,macbook-pro-m3,MacBook Pro M3,,M3
Apple,MacBook Pro,macbook-pro-m4,Apple | MacBook Pro M4,/รับซื้อโน๊ตบุ๊ค/macbook-pro-m4/,src/content/brands/macbook-pro-m4.md,Model,popularModels|faqs,M4 | M4 Pro | M4 Max | 16GB/512GB | 24GB/512GB | 36GB | 16GB | 16GB / 24GB | 32GB / 36GB | 48GB / 64GB | 128GB | 512GB | 14 นิ้ว | 16 นิ้ว | 14.2 นิ้ว | 16.2 นิ้ว,"MacBook Pro 14"" M4 16GB/512GB | MacBook Pro 14"" M4 Pro 24GB/512GB | MacBook Pro 16"" M4 Max 36GB/1TB",repo_rich_unverified,A,OK,MacBook Pro,macbook-pro-m4,MacBook Pro M4,,M4
Apple,MacBook Pro,macbook-pro-m5,Apple | MacBook Pro M5,/รับซื้อโน๊ตบุ๊ค/macbook-pro-m5/,src/content/brands/macbook-pro-m5.md,Model,popularModels|faqs,M5 | M5 Pro | M5 Max | 14 นิ้ว | 16 นิ้ว,"MacBook Pro 14 นิ้ว M5 | MacBook Pro 16 นิ้ว M5 | MacBook Pro M5 ความจุ 1TB ขึ้นไป",repo_rich_unverified,A,OK,MacBook Pro,macbook-pro-m5,MacBook Pro M5,,M5
MSI,msi-cyborg,msi-cyborg-15,MSI | msi-cyborg-15,/รับซื้อโน๊ตบุ๊ค/msi-cyborg-15/,src/content/brands/msi-cyborg-15.md,Model,popularModels|faqs,RTX 4050 | RTX 4060,"Cyborg 15 RTX 4050 | Cyborg 15 RTX 4060 | Cyborg 15 ที่อัปเกรด RAM / SSD แล้ว",repo_rich_unverified,C,OK,msi-cyborg-15,msi-cyborg-15,msi-cyborg-15,15,
MSI,msi-katana,msi-katana-15,MSI | msi-katana-15,/รับซื้อโน๊ตบุ๊ค/msi-katana-15/,src/content/brands/msi-katana-15.md,Model,popularModels|faqs,RTX 4050 | RTX 4060,"Katana 15 RTX 4050 | Katana 15 RTX 4060 | Katana 15 ที่อัปเกรด RAM / SSD แล้ว",repo_rich_unverified,A,OK,msi-katana-15,msi-katana-15,msi-katana-15,15,
MSI,msi-modern,,MSI | msi-modern,/รับซื้อโน๊ตบุ๊ค/msi-modern/,src/content/brands/msi-modern.md,Series,popularModels|faqs,Intel Core i3 | AMD Ryzen 5 | 8GB / 16GB | 512GB | 14 นิ้ว | 15.6 นิ้ว,"Modern 14 (C11M / C12M / C13M) | Modern 15 (B11M / B12M / B13M)",repo_rich_unverified,B,OK,msi-modern,msi-modern,msi-modern,,
MSI,msi-raider,msi-raider-18,MSI | msi-raider-18,/รับซื้อโน๊ตบุ๊ค/msi-raider-18/,src/content/brands/msi-raider-18.md,Model,popularModels|faqs,RTX 4080 | RTX 4090,"Raider 18 RTX 4080 | Raider 18 RTX 4090 | Raider 18 ที่อัปเกรด SSD เพิ่ม",repo_rich_unverified,C,OK,msi-raider-18,msi-raider-18,msi-raider-18,18,
MSI,msi-stealth,msi-stealth-14,MSI | msi-stealth-14,/รับซื้อโน๊ตบุ๊ค/msi-stealth-14/,src/content/brands/msi-stealth-14.md,Model,popularModels|faqs,RTX 4060 | RTX 4070,"Stealth 14 RTX 4060 | Stealth 14 RTX 4070 | Stealth 14 Studio",repo_rich_unverified,A,OK,msi-stealth-14,msi-stealth-14,msi-stealth-14,14,
MSI,msi-stealth,msi-stealth-16,MSI | msi-stealth-16,/รับซื้อโน๊ตบุ๊ค/msi-stealth-16/,src/content/brands/msi-stealth-16.md,Model,popularModels|faqs,RTX 4060 | RTX 4070,"Stealth 16 RTX 4060 | Stealth 16 RTX 4070 | Stealth 16 Studio",repo_rich_unverified,A,OK,msi-stealth-16,msi-stealth-16,msi-stealth-16,16,
MSI,msi-vector,msi-vector-16-hx,MSI | msi-vector-16-hx,/รับซื้อโน๊ตบุ๊ค/msi-vector-16-hx/,src/content/brands/msi-vector-16-hx.md,Model,popularModels|faqs,RTX 4070 | RTX 4080,"Vector 16 HX RTX 4070 | Vector 16 HX RTX 4080 | Vector 16 HX ที่ใช้จอ QHD",repo_rich_unverified,C,OK,msi-vector-16-hx,msi-vector-16-hx,msi-vector-16-hx,16-hx,
Razer,razer-blade,,Razer | razer-blade,/รับซื้อโน๊ตบุ๊ค/razer-blade/,src/content/brands/razer-blade.md,Series,popularModels|faqs,,"Blade 14 | Blade 15 | Blade 16",repo_rich_unverified,B,OK,razer-blade,razer-blade,razer-blade,,
Samsung,samsung-galaxy,samsung-galaxy-book,Samsung | samsung-galaxy-book,/รับซื้อโน๊ตบุ๊ค/samsung-galaxy-book/,src/content/brands/samsung-galaxy-book.md,Model,popularModels|faqs,,"Galaxy Book 2 | Galaxy Book 3 | Galaxy Book Pro",repo_rich_unverified,C,OK,samsung-galaxy-book,samsung-galaxy-book,samsung-galaxy-book,book,
Microsoft,surface-book,,Microsoft | surface-book,/รับซื้อโน๊ตบุ๊ค/surface-book/,src/content/brands/surface-book.md,Series,popularModels|faqs,,"Surface Book 2 | Surface Book 3 | Surface Book พร้อมคีย์บอร์ดเดิม",repo_rich_unverified,B,OK,Surface,surface-book,surface-book,,
Microsoft,surface-laptop,surface-laptop-go,Microsoft | surface-laptop-go,/รับซื้อโน๊ตบุ๊ค/surface-laptop-go/,src/content/brands/surface-laptop-go.md,Model,popularModels|faqs,,"Surface Laptop Go | Surface Laptop Go 2 | Surface Laptop Go 3",repo_rich_unverified,C,OK,Surface,surface-laptop-go,surface-laptop-go,,
Microsoft,surface-laptop,,Microsoft | surface-laptop,/รับซื้อโน๊ตบุ๊ค/surface-laptop/,src/content/brands/surface-laptop.md,Series,popularModels|faqs,Intel Core i5 | AMD Ryzen 5 | 8GB / 16GB | 32GB | 256GB / 512GB | 13.5 นิ้ว | 15 นิ้ว,"Surface Laptop 3 / 4 / 5 | Surface Laptop 6 (รุ่นล่าสุด) | Surface Laptop Go (รุ่นบางเบาพิเศษ)",repo_rich_unverified,B,OK,Surface,surface-laptop,surface-laptop,,
Microsoft,surface-pro,,Microsoft | surface-pro,/รับซื้อโน๊ตบุ๊ค/surface-pro/,src/content/brands/surface-pro.md,Series,popularModels|faqs,Intel Core i5 | 8GB / 16GB | 32GB | 128GB / 256GB | 512GB | 12.3 นิ้ว | 13 นิ้ว,"Surface Pro 7 / 7+ | Surface Pro 8 / 9 | Surface Pro 10 / X (รุ่นบางเบา)",repo_rich_unverified,B,OK,Surface,surface-pro,surface-pro,,
Lenovo,thinkpad-e14,thinkpad-e14-e15,Lenovo | thinkpad-e14-e15,/รับซื้อโน๊ตบุ๊ค/thinkpad-e14-e15/,src/content/brands/thinkpad-e14-e15.md,Model,popularModels|faqs,Intel Core i3 | AMD Ryzen 3 | 8GB / 16GB | 32GB | 256GB / 512GB,"ThinkPad E14 Gen 1 / Gen 2 / Gen 3 / Gen 4 | ThinkPad E15 Gen 1 / Gen 2 / Gen 3 / Gen 4",repo_rich_unverified,A,OK,ThinkPad,thinkpad-e14-e15,thinkpad-e14-e15,e15,
Lenovo,thinkpad-t14,,Lenovo | thinkpad-t14,/รับซื้อโน๊ตบุ๊ค/thinkpad-t14/,src/content/brands/thinkpad-t14.md,Series,popularModels|faqs,Intel Core i5 | AMD Ryzen 5 | 8GB / 16GB | 32GB | 256GB / 512GB,"ThinkPad T14 Gen 1 / Gen 2 | ThinkPad T14 Gen 3 / Gen 4 | ThinkPad T14s (รุ่นบางเบาพิเศษ)",repo_rich_unverified,A,OK,ThinkPad,thinkpad-t14,thinkpad-t14,,
Lenovo,thinkpad-x1,thinkpad-x1-carbon,Lenovo | thinkpad-x1-carbon,/รับซื้อโน๊ตบุ๊ค/thinkpad-x1-carbon/,src/content/brands/thinkpad-x1-carbon.md,Model,popularModels|faqs,Intel Core i5 | 8GB / 16GB | 32GB / 64GB | 256GB / 512GB | 14 นิ้ว,"ThinkPad X1 Carbon Gen 8 / Gen 9 | ThinkPad X1 Carbon Gen 10 / Gen 11 | ThinkPad X1 Carbon Gen 12 (รุ่นล่าสุด)",repo_rich_unverified,A,OK,ThinkPad,thinkpad-x1-carbon,thinkpad-x1-carbon,carbon,
