URL,Type,Title,H1,Canonical,Word count,Quality score,Internal inbound links,Sitemap status,Content hash,Last content modification,Main entity,Search intent,Source
/,Homepage,รับซื้อโน๊ตบุ๊ค ประเมินตามรุ่น สเปก และสภาพจริง | ร้านรับซื้อโน๊ตบุ๊ค.com,รับซื้อโน๊ตบุ๊ค ประเมินตามรุ่น สเปก และสภาพจริง,https://ร้านรับซื้อโน๊ตบุ๊ค.com/,1033,88,TBD,indexable,819439528fcbf957,2026-08-08T02:50:35.743Z,Core transactional รับซื้อโน๊ตบุ๊ค,Core transactional รับซื้อโน๊ตบุ๊ค,src/pages/index.astro
/รับซื้อ-notebook/,Notebook-English,รับซื้อ Notebook คืออะไร แยกประเภทเครื่องก่อนส่งประเมิน | ร้านรับซื้อโน๊ตบุ๊ค.com,รับซื้อ Notebook,https://ร้านรับซื้อโน๊ตบุ๊ค.com/รับซื้อ-notebook/,1184,88,TBD,indexable,8acde55ef1069db3,2026-08-08T02:50:35.746Z,English spelling notebook service,English spelling notebook service,src/pages/รับซื้อ-notebook.astro
/รับซื้อโน๊ตบุ๊คมือสอง/,Second-hand,รับซื้อโน๊ตบุ๊คมือสอง อายุการใช้งาน สภาพ และอุปกรณ์ | ร้านรับซื้อโน๊ตบุ๊ค.com,รับซื้อโน๊ตบุ๊คมือสอง,https://ร้านรับซื้อโน๊ตบุ๊ค.com/รับซื้อโน๊ตบุ๊คมือสอง/,1081,88,TBD,indexable,f92002f215907122,2026-08-08T02:50:35.749Z,Used notebook resale,Used notebook resale,src/pages/รับซื้อโน๊ตบุ๊คมือสอง.astro
/รับซื้อโน๊ตบุ๊คบริษัท/,Secondary service,รับซื้อโน๊ตบุ๊คบริษัท โละเครื่ององค์กร ประเมินตามสเปก | ร้านรับซื้อโน๊ตบุ๊ค.com,รับซื้อโน๊ตบุ๊คบริษัท,https://ร้านรับซื้อโน๊ตบุ๊ค.com/รับซื้อโน๊ตบุ๊คบริษัท/,3921,85,TBD,indexable,29507af2b372b57e,2026-07-29T16:11:18.967Z,Corporate / bulk sell,Corporate / bulk sell,src/pages/รับซื้อโน๊ตบุ๊คบริษัท.astro
/เช็คราคาโน๊ตบุ๊ค/,Price/valuation,เช็คราคาโน๊ตบุ๊ค รู้กรอบราคาก่อนตัดสินใจขาย | ร้านรับซื้อโน๊ตบุ๊ค.com,เช็คราคาโน๊ตบุ๊ค,https://ร้านรับซื้อโน๊ตบุ๊ค.com/เช็คราคาโน๊ตบุ๊ค/,891,88,TBD,indexable,e88d6fcf2b02b043,2026-08-08T02:50:35.754Z,Check price before selling,Check price before selling,src/pages/เช็คราคาโน๊ตบุ๊ค.astro
/เช็คราคาโน๊ตบุ๊คมือสอง/,Price/valuation,เช็คราคาโน๊ตบุ๊คมือสอง ประเมินฟรี แจ้งราคาก่อนขาย | ร้านรับซื้อโน๊ตบุ๊ค.com,เช็คราคาโน๊ตบุ๊คมือสอง,https://ร้านรับซื้อโน๊ตบุ๊ค.com/เช็คราคาโน๊ตบุ๊คมือสอง/,4456,85,TBD,indexable,e55197472b25d332,2026-07-01T15:14:23.699Z,Used price check,Used price check,src/pages/เช็คราคาโน๊ตบุ๊คมือสอง.astro
/ตีราคาโน๊ตบุ๊ค/,Price/valuation,ตีราคาโน๊ตบุ๊ค วิธีประเมินจากสเปกและจุดตรวจสภาพ | ร้านรับซื้อโน๊ตบุ๊ค.com,ตีราคาโน๊ตบุ๊ค วิธีประเมินจากสเปกและจุดตรวจสภาพ | ร้านรับซื้อโน๊ตบุ๊ค.com,https://ร้านรับซื้อโน๊ตบุ๊ค.com/ตีราคาโน๊ตบุ๊ค/,1811,88,TBD,indexable,911d815370b63ca0,2026-08-08T02:50:35.745Z,Valuation methodology,Valuation methodology,src/pages/ตีราคาโน๊ตบุ๊ค.astro
/ขายโน๊ตบุ๊ค/,Secondary service,ขายโน๊ตบุ๊ค คู่มือเตรียมเครื่องก่อนส่งมอบ | ร้านรับซื้อโน๊ตบุ๊ค.com,ขายโน๊ตบุ๊ค,https://ร้านรับซื้อโน๊ตบุ๊ค.com/ขายโน๊ตบุ๊ค/,897,88,TBD,indexable,7ecfb05ad04eb62a,2026-08-08T02:50:35.745Z,Seller preparation guide,Seller preparation guide,src/pages/ขายโน๊ตบุ๊ค.astro
/ขายโน๊ตบุ๊คด่วน/,Secondary service,ขายโน๊ตบุ๊คด่วน รู้ขั้นตอนและเงื่อนไขก่อนตัดสินใจ | ร้านรับซื้อโน๊ตบุ๊ค.com,ขายโน๊ตบุ๊คด่วน รู้ขั้นตอนและเงื่อนไขก่อนตัดสินใจ | ร้านรับซื้อโน๊ตบุ๊ค.com,https://ร้านรับซื้อโน๊ตบุ๊ค.com/ขายโน๊ตบุ๊คด่วน/,1992,85,TBD,indexable,cf6983a7610f1e32,2026-07-01T15:20:09.213Z,Fast sell flow,Fast sell flow,src/pages/ขายโน๊ตบุ๊คด่วน.astro
/วิธีขายโน๊ตบุ๊ค/,Guide,วิธีขายโน๊ตบุ๊คมือสองให้ได้ราคาดีและปลอดภัย | ร้านรับซื้อโน๊ตบุ๊ค.com,ลิงก์ที่ช่วยต่อยอด,https://ร้านรับซื้อโน๊ตบุ๊ค.com/วิธีขายโน๊ตบุ๊ค/,4116,85,TBD,indexable,96f42036b5b78c3d,2026-08-08T01:33:02.293Z,How to sell guide,How to sell guide,src/pages/วิธีขายโน๊ตบุ๊ค/index.astro
/รับเหมาโน๊ตบุ๊ค/,Secondary service,รับเหมาโน๊ตบุ๊ค งานยกล็อตสำหรับองค์กร | ร้านรับซื้อโน๊ตบุ๊ค.com,รับเหมาโน๊ตบุ๊ค งานยกล็อตสำหรับองค์กร | ร้านรับซื้อโน๊ตบุ๊ค.com,https://ร้านรับซื้อโน๊ตบุ๊ค.com/รับเหมาโน๊ตบุ๊ค/,2748,85,TBD,indexable,0c13c544b160863e,2026-08-08T02:50:35.752Z,Bulk notebook buyout,Bulk notebook buyout,src/pages/รับเหมาโน๊ตบุ๊ค.astro
/รับเหมาคอมพิวเตอร์/,Secondary service,รับเหมาคอมพิวเตอร์ออฟฟิศ ประเมินราคายกชุด โละคอมบริษัท อิงราคาจากสภาพจริงของเครื่อง | ร้านรับซื้อโน๊ตบุ๊ค.com,รับเหมาคอมพิวเตอร์ออฟฟิศ ประเมินราคายกชุด โละคอมบริษัท อิงราคาจากสภาพจริงของเครื่อง | ร้านรับซื้อโน๊ตบุ๊ค.com,https://ร้านรับซื้อโน๊ตบุ๊ค.com/รับเหมาคอมพิวเตอร์/,2782,85,TBD,indexable,9bdfdabad9d08543,2026-08-08T02:50:35.751Z,Bulk computer buyout,Bulk computer buyout,src/pages/รับเหมาคอมพิวเตอร์.astro
/รับประมูลคอม/,Secondary service,รับประมูลคอมพิวเตอร์ เข้าร่วมประมูลคอมโรงเรียน หน่วยงานราชการ จ่ายสด อิงราคาจากสภาพจริงของเครื่อง | ร้านรับซื้อโน๊ตบุ๊ค.com,รับประมูลคอมพิวเตอร์ เข้าร่วมประมูลคอมโรงเรียน หน่วยงานราชการ จ่ายสด อิงราคาจากสภาพจริงของเครื่อง | ร้านรับซื้อโน๊ตบุ๊ค.com,https://ร้านรับซื้อโน๊ตบุ๊ค.com/รับประมูลคอม/,2658,85,TBD,indexable,c93e0cc25ceb0b2b,2026-08-08T02:50:35.750Z,Auction / tender,Auction / tender,src/pages/รับประมูลคอม.astro
/พื้นที่ให้บริการ/,Utility,พื้นที่ให้บริการรับซื้อโน๊ตบุ๊ค | นัดหรือจัดส่งตามเงื่อนไข,ลิงก์ที่เกี่ยวข้องกับการรับซื้อและการเช็คราคา,https://ร้านรับซื้อโน๊ตบุ๊ค.com/พื้นที่ให้บริการ/,1348,88,TBD,indexable,2f939a827c990760,2026-08-08T01:33:02.293Z,Service area hub,Service area hub,src/pages/พื้นที่ให้บริการ/index.astro
/คำถามที่พบบ่อย/,FAQ,คำถามที่พบบ่อยเกี่ยวกับการรับซื้อโน๊ตบุ๊ค | ร้านรับซื้อโน๊ตบุ๊ค.com,ลิงก์ที่ช่วยเริ่มต้นได้ไว,https://ร้านรับซื้อโน๊ตบุ๊ค.com/คำถามที่พบบ่อย/,4491,85,TBD,indexable,960548463d2f4754,2026-08-08T01:33:02.323Z,Site FAQ,Site FAQ,src/pages/คำถามที่พบบ่อย/index.astro
/เกี่ยวกับเรา/,About,เกี่ยวกับเรา | ร้านรับซื้อโน๊ตบุ๊ค.com,เกี่ยวกับเรา | ร้านรับซื้อโน๊ตบุ๊ค.com,https://ร้านรับซื้อโน๊ตบุ๊ค.com/เกี่ยวกับเรา/,758,86,TBD,indexable,e3f7edca47ca82a0,2026-08-08T01:33:02.287Z,About business,About business,src/pages/เกี่ยวกับเรา.astro
/ติดต่อเรา/,Contact,ติดต่อเรา | ร้านรับซื้อโน๊ตบุ๊ค.com,คำถามสั้น ๆ ก่อนติดต่อ,https://ร้านรับซื้อโน๊ตบุ๊ค.com/ติดต่อเรา/,671,83,TBD,indexable,e52681ff1fd98caf,2026-08-08T02:50:35.170Z,Contact,Contact,src/pages/ติดต่อเรา.astro
/นโยบายความเป็นส่วนตัว/,Legal,นโยบายความเป็นส่วนตัว | ร้านรับซื้อโน๊ตบุ๊ค.com,นโยบายความเป็นส่วนตัว | ร้านรับซื้อโน๊ตบุ๊ค.com,https://ร้านรับซื้อโน๊ตบุ๊ค.com/นโยบายความเป็นส่วนตัว/,476,80,TBD,indexable,d88908410f539191,2026-08-08T01:33:02.308Z,Privacy,Privacy,src/pages/นโยบายความเป็นส่วนตัว.astro
/ขั้นตอนและเงื่อนไขการให้บริการ/,Legal,ขั้นตอนและเงื่อนไขการให้บริการ | ร้านรับซื้อโน๊ตบุ๊ค.com,ขั้นตอนและเงื่อนไขการให้บริการ | ร้านรับซื้อโน๊ตบุ๊ค.com,https://ร้านรับซื้อโน๊ตบุ๊ค.com/ขั้นตอนและเงื่อนไขการให้บริการ/,891,83,TBD,indexable,5d1522fbd35f09bf,2026-08-08T01:33:02.323Z,Terms,Terms,src/pages/ขั้นตอนและเงื่อนไขการให้บริการ.astro
/เว็บไซต์ในเครือ/,Utility,เว็บไซต์ในเครือและบริการรับซื้อสินค้าไอที | ร้านรับซื้อโน๊ตบุ๊ค.com,เว็บไซต์ในเครือและบริการรับซื้อสินค้าไอที | ร้านรับซื้อโน๊ตบุ๊ค.com,https://ร้านรับซื้อโน๊ตบุ๊ค.com/เว็บไซต์ในเครือ/,930,83,TBD,indexable,8964097ded1053d1,2026-08-08T01:33:02.323Z,Partner sites,Partner sites,src/pages/เว็บไซต์ในเครือ/index.astro
/blog/,Blog,บทความ | ร้านรับซื้อโน๊ตบุ๊ค.com,บทความ | ร้านรับซื้อโน๊ตบุ๊ค.com,https://ร้านรับซื้อโน๊ตบุ๊ค.com/blog/,202,72,TBD,indexable,2e0ae6c7831dd358,2026-04-30T16:00:35.702Z,Blog hub,Blog hub,src/pages/blog/index.astro
/sitemap/,Utility,แผนผังเว็บไซต์ (HTML Sitemap) | ร้านรับซื้อโน๊ตบุ๊ค.com,แผนผังเว็บไซต์ (HTML Sitemap) | ร้านรับซื้อโน๊ตบุ๊ค.com,https://ร้านรับซื้อโน๊ตบุ๊ค.com/sitemap/,554,78,TBD,indexable,2cf867517f564bee,2026-06-30T13:50:25.556Z,HTML sitemap,HTML sitemap,src/pages/sitemap.astro
/รับซื้อโน๊ตบุ๊ค/acer-aspire-5/,Model,,,https://ร้านรับซื้อโน๊ตบุ๊ค.com/รับซื้อโน๊ตบุ๊ค/acer-aspire-5/,411,87,TBD,indexable,255a22c45d27a5da,2026-08-08T03:12:17.556Z,Model,Model,src/content/brands/acer-aspire-5.md
/รับซื้อโน๊ตบุ๊ค/acer-nitro-16/,Model,,,https://ร้านรับซื้อโน๊ตบุ๊ค.com/รับซื้อโน๊ตบุ๊ค/acer-nitro-16/,496,91,TBD,indexable,511f506aa5b331ff,2026-08-08T02:50:35.099Z,Model,Model,src/content/brands/acer-nitro-16.md
/รับซื้อโน๊ตบุ๊ค/acer-nitro-17/,Model,,,https://ร้านรับซื้อโน๊ตบุ๊ค.com/รับซื้อโน๊ตบุ๊ค/acer-nitro-17/,398,87,TBD,indexable,0b53928a360281fe,2026-08-08T03:12:17.559Z,Model,Model,src/content/brands/acer-nitro-17.md
/รับซื้อโน๊ตบุ๊ค/acer-nitro-v/,Model,,,https://ร้านรับซื้อโน๊ตบุ๊ค.com/รับซื้อโน๊ตบุ๊ค/acer-nitro-v/,504,91,TBD,indexable,18fca73578d0748a,2026-08-08T02:50:35.101Z,Model,Model,src/content/brands/acer-nitro-v.md
/รับซื้อโน๊ตบุ๊ค/acer-predator-helios/,Model,,,https://ร้านรับซื้อโน๊ตบุ๊ค.com/รับซื้อโน๊ตบุ๊ค/acer-predator-helios/,392,87,TBD,indexable,6a16986e263a8941,2026-08-08T03:12:17.562Z,Model,Model,src/content/brands/acer-predator-helios.md
/รับซื้อโน๊ตบุ๊ค/acer-predator-neo/,Model,,,https://ร้านรับซื้อโน๊ตบุ๊ค.com/รับซื้อโน๊ตบุ๊ค/acer-predator-neo/,489,91,TBD,indexable,032b0dc9682798e8,2026-08-08T02:50:35.102Z,Model,Model,src/content/brands/acer-predator-neo.md
/รับซื้อโน๊ตบุ๊ค/acer-predator-triton/,Model,,,https://ร้านรับซื้อโน๊ตบุ๊ค.com/รับซื้อโน๊ตบุ๊ค/acer-predator-triton/,396,89,TBD,indexable,fd105aff9e4f3f90,2026-08-08T03:12:17.565Z,Model,Model,src/content/brands/acer-predator-triton.md
/รับซื้อโน๊ตบุ๊ค/acer-swift/,Series,,,https://ร้านรับซื้อโน๊ตบุ๊ค.com/รับซื้อโน๊ตบุ๊ค/acer-swift/,686,91,TBD,indexable,144192ee57b28ec0,2026-08-08T03:14:58.030Z,Series,Series,src/content/brands/acer-swift.md
/รับซื้อโน๊ตบุ๊ค/acer-travelmate/,Series,,,https://ร้านรับซื้อโน๊ตบุ๊ค.com/รับซื้อโน๊ตบุ๊ค/acer-travelmate/,680,91,TBD,indexable,253bc76d38c4721c,2026-08-08T03:14:58.032Z,Series,Series,src/content/brands/acer-travelmate.md
/รับซื้อโน๊ตบุ๊ค/acer/,Brand,,,https://ร้านรับซื้อโน๊ตบุ๊ค.com/รับซื้อโน๊ตบุ๊ค/acer/,982,92,TBD,indexable,8b2686ed335dac18,2026-08-08T02:50:35.612Z,Brand,Brand,src/content/brands/acer.md
/รับซื้อโน๊ตบุ๊ค/alienware-m15-r7-r8/,Model,,,https://ร้านรับซื้อโน๊ตบุ๊ค.com/รับซื้อโน๊ตบุ๊ค/alienware-m15-r7-r8/,411,89,TBD,indexable,5a3093461613aa19,2026-08-08T03:12:17.567Z,Model,Model,src/content/brands/alienware-m15-r7-r8.md
/รับซื้อโน๊ตบุ๊ค/alienware-m16/,Model,,,https://ร้านรับซื้อโน๊ตบุ๊ค.com/รับซื้อโน๊ตบุ๊ค/alienware-m16/,401,87,TBD,indexable,e935236182d7cd11,2026-08-08T03:12:17.569Z,Model,Model,src/content/brands/alienware-m16.md
/รับซื้อโน๊ตบุ๊ค/alienware-m18/,Model,,,https://ร้านรับซื้อโน๊ตบุ๊ค.com/รับซื้อโน๊ตบุ๊ค/alienware-m18/,399,87,TBD,indexable,4f310761b8bfc3ee,2026-08-08T03:12:17.571Z,Model,Model,src/content/brands/alienware-m18.md
/รับซื้อโน๊ตบุ๊ค/alienware-x16/,Series,,,https://ร้านรับซื้อโน๊ตบุ๊ค.com/รับซื้อโน๊ตบุ๊ค/alienware-x16/,416,87,TBD,indexable,e4b24018b0a0968c,2026-08-08T03:11:40.438Z,Series,Series,src/content/brands/alienware-x16.md
/รับซื้อโน๊ตบุ๊ค/asus-expertbook/,Series,,,https://ร้านรับซื้อโน๊ตบุ๊ค.com/รับซื้อโน๊ตบุ๊ค/asus-expertbook/,675,91,TBD,indexable,8d51a0424b24eb1e,2026-08-08T03:14:58.035Z,Series,Series,src/content/brands/asus-expertbook.md
/รับซื้อโน๊ตบุ๊ค/asus-rog-ally-x/,Model,,,https://ร้านรับซื้อโน๊ตบุ๊ค.com/รับซื้อโน๊ตบุ๊ค/asus-rog-ally-x/,409,87,TBD,indexable,9784965614e80a9a,2026-08-08T03:12:17.574Z,Model,Model,src/content/brands/asus-rog-ally-x.md
/รับซื้อโน๊ตบุ๊ค/asus-rog-flow/,Model,,,https://ร้านรับซื้อโน๊ตบุ๊ค.com/รับซื้อโน๊ตบุ๊ค/asus-rog-flow/,414,87,TBD,indexable,c9f8eb3e6bdfb963,2026-08-08T03:12:17.576Z,Model,Model,src/content/brands/asus-rog-flow.md
/รับซื้อโน๊ตบุ๊ค/asus-rog-strix/,Model,,,https://ร้านรับซื้อโน๊ตบุ๊ค.com/รับซื้อโน๊ตบุ๊ค/asus-rog-strix/,548,91,TBD,indexable,a37631a2327c7723,2026-08-08T02:50:35.110Z,Model,Model,src/content/brands/asus-rog-strix.md
/รับซื้อโน๊ตบุ๊ค/asus-tuf-a15-f15/,Model,,,https://ร้านรับซื้อโน๊ตบุ๊ค.com/รับซื้อโน๊ตบุ๊ค/asus-tuf-a15-f15/,531,91,TBD,indexable,7d111c24d24a11f8,2026-08-08T02:50:35.111Z,Model,Model,src/content/brands/asus-tuf-a15-f15.md
/รับซื้อโน๊ตบุ๊ค/asus-vivobook/,Series,,,https://ร้านรับซื้อโน๊ตบุ๊ค.com/รับซื้อโน๊ตบุ๊ค/asus-vivobook/,668,91,TBD,indexable,f235f29aa6a13a84,2026-08-08T03:14:58.036Z,Series,Series,src/content/brands/asus-vivobook.md
/รับซื้อโน๊ตบุ๊ค/asus-zenbook/,Series,,,https://ร้านรับซื้อโน๊ตบุ๊ค.com/รับซื้อโน๊ตบุ๊ค/asus-zenbook/,672,91,TBD,indexable,bd4706d26fd6e91c,2026-08-08T03:14:58.039Z,Series,Series,src/content/brands/asus-zenbook.md
/รับซื้อโน๊ตบุ๊ค/asus-zephyrus-g14/,Model,,,https://ร้านรับซื้อโน๊ตบุ๊ค.com/รับซื้อโน๊ตบุ๊ค/asus-zephyrus-g14/,406,87,TBD,indexable,947f79274246d683,2026-08-08T03:12:17.579Z,Model,Model,src/content/brands/asus-zephyrus-g14.md
/รับซื้อโน๊ตบุ๊ค/asus-zephyrus-g16/,Model,,,https://ร้านรับซื้อโน๊ตบุ๊ค.com/รับซื้อโน๊ตบุ๊ค/asus-zephyrus-g16/,403,87,TBD,indexable,38109c53aba0dfa0,2026-08-08T03:12:17.580Z,Model,Model,src/content/brands/asus-zephyrus-g16.md
/รับซื้อโน๊ตบุ๊ค/asus-zephyrus/,Series,,,https://ร้านรับซื้อโน๊ตบุ๊ค.com/รับซื้อโน๊ตบุ๊ค/asus-zephyrus/,703,94,TBD,indexable,73cdc4162d688cc2,2026-08-08T03:14:58.042Z,Series,Series,src/content/brands/asus-zephyrus.md
/รับซื้อโน๊ตบุ๊ค/asus/,Brand,,,https://ร้านรับซื้อโน๊ตบุ๊ค.com/รับซื้อโน๊ตบุ๊ค/asus/,933,92,TBD,indexable,31f308c2b3114034,2026-08-08T02:50:35.118Z,Brand,Brand,src/content/brands/asus.md
/รับซื้อโน๊ตบุ๊ค/dell-g15-g16/,Model,,,https://ร้านรับซื้อโน๊ตบุ๊ค.com/รับซื้อโน๊ตบุ๊ค/dell-g15-g16/,418,87,TBD,indexable,9add8d29e4acfca0,2026-08-08T03:12:17.582Z,Model,Model,src/content/brands/dell-g15-g16.md
/รับซื้อโน๊ตบุ๊ค/dell-inspiron-15/,Model,,,https://ร้านรับซื้อโน๊ตบุ๊ค.com/รับซื้อโน๊ตบุ๊ค/dell-inspiron-15/,398,87,TBD,indexable,5409e0d6330d0418,2026-08-08T03:12:17.583Z,Model,Model,src/content/brands/dell-inspiron-15.md
/รับซื้อโน๊ตบุ๊ค/dell-latitude/,Series,,,https://ร้านรับซื้อโน๊ตบุ๊ค.com/รับซื้อโน๊ตบุ๊ค/dell-latitude/,701,94,TBD,indexable,3e21d141d62489bd,2026-08-08T03:14:58.045Z,Series,Series,src/content/brands/dell-latitude.md
/รับซื้อโน๊ตบุ๊ค/dell-vostro/,Series,,,https://ร้านรับซื้อโน๊ตบุ๊ค.com/รับซื้อโน๊ตบุ๊ค/dell-vostro/,667,91,TBD,indexable,f104f831cb65037e,2026-08-08T03:14:58.047Z,Series,Series,src/content/brands/dell-vostro.md
/รับซื้อโน๊ตบุ๊ค/dell-xps-13-15/,Model,,,https://ร้านรับซื้อโน๊ตบุ๊ค.com/รับซื้อโน๊ตบุ๊ค/dell-xps-13-15/,401,87,TBD,indexable,223986245535b7de,2026-08-08T03:12:17.585Z,Model,Model,src/content/brands/dell-xps-13-15.md
/รับซื้อโน๊ตบุ๊ค/dell/,Brand,,,https://ร้านรับซื้อโน๊ตบุ๊ค.com/รับซื้อโน๊ตบุ๊ค/dell/,938,92,TBD,indexable,e8df9bf894d05c88,2026-08-08T02:50:35.613Z,Brand,Brand,src/content/brands/dell.md
/รับซื้อโน๊ตบุ๊ค/gaming/,Brand,,,https://ร้านรับซื้อโน๊ตบุ๊ค.com/รับซื้อโน๊ตบุ๊ค/gaming/,2687,92,TBD,indexable,c91dc6682ef42f4b,2026-08-08T02:50:35.614Z,Brand,Brand,src/content/brands/gaming.md
/รับซื้อโน๊ตบุ๊ค/gigabyte-aorus/,Series,,,https://ร้านรับซื้อโน๊ตบุ๊ค.com/รับซื้อโน๊ตบุ๊ค/gigabyte-aorus/,437,87,TBD,indexable,36bcdb2c8e246144,2026-08-08T03:11:40.447Z,Series,Series,src/content/brands/gigabyte-aorus.md
/รับซื้อโน๊ตบุ๊ค/gigabyte/,Brand,,,https://ร้านรับซื้อโน๊ตบุ๊ค.com/รับซื้อโน๊ตบุ๊ค/gigabyte/,306,78,TBD,indexable,8efdc4239c086b53,2026-07-01T15:14:23.482Z,Brand,Brand,src/content/brands/gigabyte.md
/รับซื้อโน๊ตบุ๊ค/honor-magicbook/,Series,,,https://ร้านรับซื้อโน๊ตบุ๊ค.com/รับซื้อโน๊ตบุ๊ค/honor-magicbook/,397,87,TBD,indexable,4b425eb62636fcfd,2026-08-08T03:11:40.451Z,Series,Series,src/content/brands/honor-magicbook.md
/รับซื้อโน๊ตบุ๊ค/honor/,Brand,,,https://ร้านรับซื้อโน๊ตบุ๊ค.com/รับซื้อโน๊ตบุ๊ค/honor/,281,78,TBD,indexable,e0148db92d356a9a,2026-07-01T15:14:23.489Z,Brand,Brand,src/content/brands/honor.md
/รับซื้อโน๊ตบุ๊ค/hp-elitebook/,Series,,,https://ร้านรับซื้อโน๊ตบุ๊ค.com/รับซื้อโน๊ตบุ๊ค/hp-elitebook/,677,91,TBD,indexable,4ac56232c3807e11,2026-08-08T03:14:58.049Z,Series,Series,src/content/brands/hp-elitebook.md
/รับซื้อโน๊ตบุ๊ค/hp-envy-x360/,Model,,,https://ร้านรับซื้อโน๊ตบุ๊ค.com/รับซื้อโน๊ตบุ๊ค/hp-envy-x360/,391,87,TBD,indexable,fe448640ebacfa0f,2026-08-08T03:12:17.590Z,Model,Model,src/content/brands/hp-envy-x360.md
/รับซื้อโน๊ตบุ๊ค/hp-omen-16/,Model,,,https://ร้านรับซื้อโน๊ตบุ๊ค.com/รับซื้อโน๊ตบุ๊ค/hp-omen-16/,380,87,TBD,indexable,5626f873070ee205,2026-08-08T03:12:17.592Z,Model,Model,src/content/brands/hp-omen-16.md
/รับซื้อโน๊ตบุ๊ค/hp-omen-17/,Model,,,https://ร้านรับซื้อโน๊ตบุ๊ค.com/รับซื้อโน๊ตบุ๊ค/hp-omen-17/,393,87,TBD,indexable,5dd1b677209a3f34,2026-08-08T03:12:17.593Z,Model,Model,src/content/brands/hp-omen-17.md
/รับซื้อโน๊ตบุ๊ค/hp-omen-transcend/,Model,,,https://ร้านรับซื้อโน๊ตบุ๊ค.com/รับซื้อโน๊ตบุ๊ค/hp-omen-transcend/,414,87,TBD,indexable,160a74678153534a,2026-08-08T03:12:17.594Z,Model,Model,src/content/brands/hp-omen-transcend.md
/รับซื้อโน๊ตบุ๊ค/hp-pavilion/,Series,,,https://ร้านรับซื้อโน๊ตบุ๊ค.com/รับซื้อโน๊ตบุ๊ค/hp-pavilion/,653,91,TBD,indexable,355566d4757b45d1,2026-08-08T03:14:58.051Z,Series,Series,src/content/brands/hp-pavilion.md
/รับซื้อโน๊ตบุ๊ค/hp-probook/,Series,,,https://ร้านรับซื้อโน๊ตบุ๊ค.com/รับซื้อโน๊ตบุ๊ค/hp-probook/,677,91,TBD,indexable,d804f18aacb6dd1c,2026-08-08T03:14:58.053Z,Series,Series,src/content/brands/hp-probook.md
/รับซื้อโน๊ตบุ๊ค/hp-spectre-x360/,Model,,,https://ร้านรับซื้อโน๊ตบุ๊ค.com/รับซื้อโน๊ตบุ๊ค/hp-spectre-x360/,412,87,TBD,indexable,e1701831ba8d1a4a,2026-08-08T03:12:17.596Z,Model,Model,src/content/brands/hp-spectre-x360.md
/รับซื้อโน๊ตบุ๊ค/hp-victus-15/,Model,,,https://ร้านรับซื้อโน๊ตบุ๊ค.com/รับซื้อโน๊ตบุ๊ค/hp-victus-15/,485,91,TBD,indexable,0065bd2896e15a5a,2026-08-08T02:50:35.125Z,Model,Model,src/content/brands/hp-victus-15.md
/รับซื้อโน๊ตบุ๊ค/hp-victus-16/,Model,,,https://ร้านรับซื้อโน๊ตบุ๊ค.com/รับซื้อโน๊ตบุ๊ค/hp-victus-16/,492,91,TBD,indexable,017c34c52d10fac0,2026-08-08T02:50:35.127Z,Model,Model,src/content/brands/hp-victus-16.md
/รับซื้อโน๊ตบุ๊ค/hp-victus-17/,Model,,,https://ร้านรับซื้อโน๊ตบุ๊ค.com/รับซื้อโน๊ตบุ๊ค/hp-victus-17/,416,87,TBD,indexable,d31c132e3e07de12,2026-08-08T03:12:17.598Z,Model,Model,src/content/brands/hp-victus-17.md
/รับซื้อโน๊ตบุ๊ค/hp/,Brand,,,https://ร้านรับซื้อโน๊ตบุ๊ค.com/รับซื้อโน๊ตบุ๊ค/hp/,927,92,TBD,indexable,a1e743d8f3b02713,2026-08-08T02:50:35.128Z,Brand,Brand,src/content/brands/hp.md
/รับซื้อโน๊ตบุ๊ค/huawei-matebook/,Series,,,https://ร้านรับซื้อโน๊ตบุ๊ค.com/รับซื้อโน๊ตบุ๊ค/huawei-matebook/,410,87,TBD,indexable,2a404c9ed78a51f3,2026-08-08T03:11:40.456Z,Series,Series,src/content/brands/huawei-matebook.md
/รับซื้อโน๊ตบุ๊ค/huawei/,Brand,,,https://ร้านรับซื้อโน๊ตบุ๊ค.com/รับซื้อโน๊ตบุ๊ค/huawei/,843,92,TBD,indexable,ee39f5768fe63474,2026-08-08T02:50:35.129Z,Brand,Brand,src/content/brands/huawei.md
/รับซื้อโน๊ตบุ๊ค/lenovo-ideapad-3-5/,Model,,,https://ร้านรับซื้อโน๊ตบุ๊ค.com/รับซื้อโน๊ตบุ๊ค/lenovo-ideapad-3-5/,413,92,TBD,indexable,de8ff3b8e7a7aa95,2026-08-08T03:12:17.600Z,Model,Model,src/content/brands/lenovo-ideapad-3-5.md
/รับซื้อโน๊ตบุ๊ค/lenovo-legion-5/,Model,,,https://ร้านรับซื้อโน๊ตบุ๊ค.com/รับซื้อโน๊ตบุ๊ค/lenovo-legion-5/,483,88,TBD,indexable,5ea82a2d786935fd,2026-06-30T17:02:24.936Z,Model,Model,src/content/brands/lenovo-legion-5.md
/รับซื้อโน๊ตบุ๊ค/lenovo-legion-pro-7/,Model,,,https://ร้านรับซื้อโน๊ตบุ๊ค.com/รับซื้อโน๊ตบุ๊ค/lenovo-legion-pro-7/,490,93,TBD,indexable,e42cc6c97c6d9d00,2026-08-08T03:11:40.458Z,Model,Model,src/content/brands/lenovo-legion-pro-7.md
/รับซื้อโน๊ตบุ๊ค/lenovo-legion-pro/,Model,,,https://ร้านรับซื้อโน๊ตบุ๊ค.com/รับซื้อโน๊ตบุ๊ค/lenovo-legion-pro/,588,91,TBD,indexable,814bed8327b6e404,2026-08-08T02:50:35.129Z,Model,Model,src/content/brands/lenovo-legion-pro.md
/รับซื้อโน๊ตบุ๊ค/lenovo-legion-slim/,Model,,,https://ร้านรับซื้อโน๊ตบุ๊ค.com/รับซื้อโน๊ตบุ๊ค/lenovo-legion-slim/,590,91,TBD,indexable,d753863d69fe0083,2026-08-08T02:50:35.131Z,Model,Model,src/content/brands/lenovo-legion-slim.md
/รับซื้อโน๊ตบุ๊ค/lenovo-loq-15-16/,Model,,,https://ร้านรับซื้อโน๊ตบุ๊ค.com/รับซื้อโน๊ตบุ๊ค/lenovo-loq-15-16/,540,91,TBD,indexable,103af4a63ca5eab2,2026-08-08T02:50:35.132Z,Model,Model,src/content/brands/lenovo-loq-15-16.md
/รับซื้อโน๊ตบุ๊ค/lenovo-thinkbook/,Series,,,https://ร้านรับซื้อโน๊ตบุ๊ค.com/รับซื้อโน๊ตบุ๊ค/lenovo-thinkbook/,677,91,TBD,indexable,cae09ebed1ee1d81,2026-08-08T03:14:58.055Z,Series,Series,src/content/brands/lenovo-thinkbook.md
/รับซื้อโน๊ตบุ๊ค/lenovo-yoga/,Series,,,https://ร้านรับซื้อโน๊ตบุ๊ค.com/รับซื้อโน๊ตบุ๊ค/lenovo-yoga/,704,94,TBD,indexable,14100a18234fff63,2026-08-08T03:14:58.057Z,Series,Series,src/content/brands/lenovo-yoga.md
/รับซื้อโน๊ตบุ๊ค/lenovo/,Brand,,,https://ร้านรับซื้อโน๊ตบุ๊ค.com/รับซื้อโน๊ตบุ๊ค/lenovo/,1016,92,TBD,indexable,39b42b13f7162648,2026-08-08T02:50:35.135Z,Brand,Brand,src/content/brands/lenovo.md
/รับซื้อโน๊ตบุ๊ค/lg-gram/,Series,,,https://ร้านรับซื้อโน๊ตบุ๊ค.com/รับซื้อโน๊ตบุ๊ค/lg-gram/,410,87,TBD,indexable,1bd531e052343329,2026-08-08T03:11:40.464Z,Series,Series,src/content/brands/lg-gram.md
/รับซื้อโน๊ตบุ๊ค/lg/,Brand,,,https://ร้านรับซื้อโน๊ตบุ๊ค.com/รับซื้อโน๊ตบุ๊ค/lg/,310,78,TBD,indexable,2ac2f384aab2e43e,2026-07-01T15:14:23.514Z,Brand,Brand,src/content/brands/lg.md
/รับซื้อโน๊ตบุ๊ค/macbook-air-13/,Model,,,https://ร้านรับซื้อโน๊ตบุ๊ค.com/รับซื้อโน๊ตบุ๊ค/macbook-air-13/,478,93,TBD,indexable,1cbd1645caf5d5fb,2026-08-08T03:11:40.466Z,Model,Model,src/content/brands/macbook-air-13.md
/รับซื้อโน๊ตบุ๊ค/macbook-air-15/,Model,,,https://ร้านรับซื้อโน๊ตบุ๊ค.com/รับซื้อโน๊ตบุ๊ค/macbook-air-15/,477,93,TBD,indexable,2aa5fa3ded8b33d0,2026-08-08T03:11:40.467Z,Model,Model,src/content/brands/macbook-air-15.md
/รับซื้อโน๊ตบุ๊ค/macbook-air-m1/,Model,,,https://ร้านรับซื้อโน๊ตบุ๊ค.com/รับซื้อโน๊ตบุ๊ค/macbook-air-m1/,505,91,TBD,indexable,638d5ab0c4fdc205,2026-07-01T15:14:23.515Z,Model,Model,src/content/brands/macbook-air-m1.md
/รับซื้อโน๊ตบุ๊ค/macbook-air-m2/,Model,,,https://ร้านรับซื้อโน๊ตบุ๊ค.com/รับซื้อโน๊ตบุ๊ค/macbook-air-m2/,517,91,TBD,indexable,9217285d969ef3af,2026-07-01T15:14:23.515Z,Model,Model,src/content/brands/macbook-air-m2.md
/รับซื้อโน๊ตบุ๊ค/macbook-air-m3/,Model,,,https://ร้านรับซื้อโน๊ตบุ๊ค.com/รับซื้อโน๊ตบุ๊ค/macbook-air-m3/,418,87,TBD,indexable,28b123775dd47351,2026-08-08T03:12:17.610Z,Model,Model,src/content/brands/macbook-air-m3.md
/รับซื้อโน๊ตบุ๊ค/macbook-air-m4/,Model,,,https://ร้านรับซื้อโน๊ตบุ๊ค.com/รับซื้อโน๊ตบุ๊ค/macbook-air-m4/,482,93,TBD,indexable,1c8b4d470ff421d7,2026-08-08T03:11:40.469Z,Model,Model,src/content/brands/macbook-air-m4.md
/รับซื้อโน๊ตบุ๊ค/macbook-air-m5/,Model,,,https://ร้านรับซื้อโน๊ตบุ๊ค.com/รับซื้อโน๊ตบุ๊ค/macbook-air-m5/,482,93,TBD,indexable,1a85a6eac77154a3,2026-08-08T03:11:40.471Z,Model,Model,src/content/brands/macbook-air-m5.md
/รับซื้อโน๊ตบุ๊ค/macbook-pro-14/,Model,,,https://ร้านรับซื้อโน๊ตบุ๊ค.com/รับซื้อโน๊ตบุ๊ค/macbook-pro-14/,482,93,TBD,indexable,e6f2acf9c3db24cf,2026-08-08T03:11:40.472Z,Model,Model,src/content/brands/macbook-pro-14.md
/รับซื้อโน๊ตบุ๊ค/macbook-pro-16/,Model,,,https://ร้านรับซื้อโน๊ตบุ๊ค.com/รับซื้อโน๊ตบุ๊ค/macbook-pro-16/,482,93,TBD,indexable,eedf5009bb782ca6,2026-08-08T03:11:40.473Z,Model,Model,src/content/brands/macbook-pro-16.md
/รับซื้อโน๊ตบุ๊ค/macbook-pro-m1/,Model,,,https://ร้านรับซื้อโน๊ตบุ๊ค.com/รับซื้อโน๊ตบุ๊ค/macbook-pro-m1/,529,91,TBD,indexable,98910584c8a23dd3,2026-07-01T15:14:23.517Z,Model,Model,src/content/brands/macbook-pro-m1.md
/รับซื้อโน๊ตบุ๊ค/macbook-pro-m2/,Model,,,https://ร้านรับซื้อโน๊ตบุ๊ค.com/รับซื้อโน๊ตบุ๊ค/macbook-pro-m2/,524,91,TBD,indexable,0fd498c413ecea26,2026-07-01T15:14:23.517Z,Model,Model,src/content/brands/macbook-pro-m2.md
/รับซื้อโน๊ตบุ๊ค/macbook-pro-m3/,Model,,,https://ร้านรับซื้อโน๊ตบุ๊ค.com/รับซื้อโน๊ตบุ๊ค/macbook-pro-m3/,503,91,TBD,indexable,b82ced577adc852a,2026-07-01T15:14:23.517Z,Model,Model,src/content/brands/macbook-pro-m3.md
/รับซื้อโน๊ตบุ๊ค/macbook-pro-m4/,Model,,,https://ร้านรับซื้อโน๊ตบุ๊ค.com/รับซื้อโน๊ตบุ๊ค/macbook-pro-m4/,495,91,TBD,indexable,e7f9abc3869a19d5,2026-07-01T15:14:23.517Z,Model,Model,src/content/brands/macbook-pro-m4.md
/รับซื้อโน๊ตบุ๊ค/macbook-pro-m5/,Model,,,https://ร้านรับซื้อโน๊ตบุ๊ค.com/รับซื้อโน๊ตบุ๊ค/macbook-pro-m5/,460,91,TBD,indexable,8a543e411900c2c2,2026-08-08T03:12:17.615Z,Model,Model,src/content/brands/macbook-pro-m5.md
/รับซื้อโน๊ตบุ๊ค/macbook/,Brand,,,https://ร้านรับซื้อโน๊ตบุ๊ค.com/รับซื้อโน๊ตบุ๊ค/macbook/,904,92,TBD,indexable,82332c79905294c4,2026-08-08T02:50:35.138Z,Brand,Brand,src/content/brands/macbook.md
/รับซื้อโน๊ตบุ๊ค/msi-cyborg-15/,Model,,,https://ร้านรับซื้อโน๊ตบุ๊ค.com/รับซื้อโน๊ตบุ๊ค/msi-cyborg-15/,484,93,TBD,indexable,da0ea67b83ab1f32,2026-08-08T03:11:40.476Z,Model,Model,src/content/brands/msi-cyborg-15.md
/รับซื้อโน๊ตบุ๊ค/msi-katana-15/,Model,,,https://ร้านรับซื้อโน๊ตบุ๊ค.com/รับซื้อโน๊ตบุ๊ค/msi-katana-15/,484,93,TBD,indexable,dfc36dde60e0f0cf,2026-08-08T03:11:40.477Z,Model,Model,src/content/brands/msi-katana-15.md
/รับซื้อโน๊ตบุ๊ค/msi-modern/,Series,,,https://ร้านรับซื้อโน๊ตบุ๊ค.com/รับซื้อโน๊ตบุ๊ค/msi-modern/,663,91,TBD,indexable,513db0ecc2c2c854,2026-08-08T03:14:58.059Z,Series,Series,src/content/brands/msi-modern.md
/รับซื้อโน๊ตบุ๊ค/msi-raider-18/,Model,,,https://ร้านรับซื้อโน๊ตบุ๊ค.com/รับซื้อโน๊ตบุ๊ค/msi-raider-18/,484,93,TBD,indexable,f5368cf393c15849,2026-08-08T03:11:40.479Z,Model,Model,src/content/brands/msi-raider-18.md
/รับซื้อโน๊ตบุ๊ค/msi-stealth-14/,Model,,,https://ร้านรับซื้อโน๊ตบุ๊ค.com/รับซื้อโน๊ตบุ๊ค/msi-stealth-14/,479,93,TBD,indexable,963370b6808aebf2,2026-08-08T03:11:40.480Z,Model,Model,src/content/brands/msi-stealth-14.md
/รับซื้อโน๊ตบุ๊ค/msi-stealth-16/,Model,,,https://ร้านรับซื้อโน๊ตบุ๊ค.com/รับซื้อโน๊ตบุ๊ค/msi-stealth-16/,479,93,TBD,indexable,9502fbf3890a5350,2026-08-08T03:11:40.481Z,Model,Model,src/content/brands/msi-stealth-16.md
/รับซื้อโน๊ตบุ๊ค/msi-vector-16-hx/,Model,,,https://ร้านรับซื้อโน๊ตบุ๊ค.com/รับซื้อโน๊ตบุ๊ค/msi-vector-16-hx/,491,93,TBD,indexable,d90c6edc584e7b62,2026-08-08T03:11:40.482Z,Model,Model,src/content/brands/msi-vector-16-hx.md
/รับซื้อโน๊ตบุ๊ค/msi/,Brand,,,https://ร้านรับซื้อโน๊ตบุ๊ค.com/รับซื้อโน๊ตบุ๊ค/msi/,934,92,TBD,indexable,d3d66e301d7ca95d,2026-08-08T02:50:35.140Z,Brand,Brand,src/content/brands/msi.md
/รับซื้อโน๊ตบุ๊ค/razer-blade/,Series,,,https://ร้านรับซื้อโน๊ตบุ๊ค.com/รับซื้อโน๊ตบุ๊ค/razer-blade/,430,87,TBD,indexable,ffe73355bf30cd3f,2026-08-08T03:11:40.485Z,Series,Series,src/content/brands/razer-blade.md
/รับซื้อโน๊ตบุ๊ค/razer/,Brand,,,https://ร้านรับซื้อโน๊ตบุ๊ค.com/รับซื้อโน๊ตบุ๊ค/razer/,305,78,TBD,indexable,2b1c0775e3005c5b,2026-07-01T15:14:23.525Z,Brand,Brand,src/content/brands/razer.md
/รับซื้อโน๊ตบุ๊ค/samsung-galaxy-book/,Model,รับซื้อ Samsung Galaxy Book มือสอง ประเมินฟรี | ร้านรับซื้อโน๊ตบุ๊ค.com,รับซื้อ Samsung Galaxy Book มือสอง ส่งรูปเช็คราคาไว,https://ร้านรับซื้อโน๊ตบุ๊ค.com/รับซื้อโน๊ตบุ๊ค/samsung-galaxy-book/,469,97,TBD,indexable,f303eeb76458cd2f,2026-08-08T03:11:40.486Z,Model,Model,src/content/brands/samsung-galaxy-book.md
/รับซื้อโน๊ตบุ๊ค/samsung/,Brand,,,https://ร้านรับซื้อโน๊ตบุ๊ค.com/รับซื้อโน๊ตบุ๊ค/samsung/,861,92,TBD,indexable,bb0287c981eddc80,2026-08-08T02:50:35.618Z,Brand,Brand,src/content/brands/samsung.md
/รับซื้อโน๊ตบุ๊ค/surface-book/,Series,,,https://ร้านรับซื้อโน๊ตบุ๊ค.com/รับซื้อโน๊ตบุ๊ค/surface-book/,448,87,TBD,indexable,e09824bf6b6e506f,2026-08-08T03:11:40.490Z,Series,Series,src/content/brands/surface-book.md
/รับซื้อโน๊ตบุ๊ค/surface-laptop-go/,Model,,,https://ร้านรับซื้อโน๊ตบุ๊ค.com/รับซื้อโน๊ตบุ๊ค/surface-laptop-go/,392,92,TBD,indexable,74435eaaebac360f,2026-08-08T03:12:17.627Z,Model,Model,src/content/brands/surface-laptop-go.md
/รับซื้อโน๊ตบุ๊ค/surface-laptop/,Series,,,https://ร้านรับซื้อโน๊ตบุ๊ค.com/รับซื้อโน๊ตบุ๊ค/surface-laptop/,674,91,TBD,indexable,cf78701d08976cdc,2026-08-08T03:14:58.061Z,Series,Series,src/content/brands/surface-laptop.md
/รับซื้อโน๊ตบุ๊ค/surface-pro/,Series,,,https://ร้านรับซื้อโน๊ตบุ๊ค.com/รับซื้อโน๊ตบุ๊ค/surface-pro/,694,91,TBD,indexable,83ccd14e2e326269,2026-08-08T03:14:58.063Z,Series,Series,src/content/brands/surface-pro.md
/รับซื้อโน๊ตบุ๊ค/surface/,Brand,,,https://ร้านรับซื้อโน๊ตบุ๊ค.com/รับซื้อโน๊ตบุ๊ค/surface/,887,92,TBD,indexable,401e50eb9572372f,2026-08-08T02:50:35.144Z,Brand,Brand,src/content/brands/surface.md
/รับซื้อโน๊ตบุ๊ค/thinkpad-e14-e15/,Model,,,https://ร้านรับซื้อโน๊ตบุ๊ค.com/รับซื้อโน๊ตบุ๊ค/thinkpad-e14-e15/,576,91,TBD,indexable,2cf87fc8e3e3d288,2026-08-08T02:50:35.145Z,Model,Model,src/content/brands/thinkpad-e14-e15.md
/รับซื้อโน๊ตบุ๊ค/thinkpad-t14/,Series,,,https://ร้านรับซื้อโน๊ตบุ๊ค.com/รับซื้อโน๊ตบุ๊ค/thinkpad-t14/,680,91,TBD,indexable,6b87d7d053c7fdbc,2026-08-08T03:14:58.065Z,Series,Series,src/content/brands/thinkpad-t14.md
/รับซื้อโน๊ตบุ๊ค/thinkpad-x1-carbon/,Model,,,https://ร้านรับซื้อโน๊ตบุ๊ค.com/รับซื้อโน๊ตบุ๊ค/thinkpad-x1-carbon/,578,91,TBD,indexable,4a529615cbe9ed95,2026-08-08T02:50:35.147Z,Model,Model,src/content/brands/thinkpad-x1-carbon.md
/รับซื้อโน๊ตบุ๊ค/hdmi-เสีย/,Condition,,,https://ร้านรับซื้อโน๊ตบุ๊ค.com/รับซื้อโน๊ตบุ๊ค/hdmi-เสีย/,352,85,TBD,indexable,694a64367246f809,2026-08-08T02:50:35.619Z,Condition,Condition,src/content/conditions/hdmi-เสีย.md
/รับซื้อโน๊ตบุ๊ค/macbook-battery-health/,Condition,รับซื้อ MacBook Battery Health ต่ำ ประเมินฟรี | ร้านรับซื้อโน๊ตบุ๊ค.com,รับซื้อ MacBook Battery Health ต่ำ ส่งรูปเช็คราคาไว,https://ร้านรับซื้อโน๊ตบุ๊ค.com/รับซื้อโน๊ตบุ๊ค/macbook-battery-health/,743,94,TBD,indexable,5f340a7962611d0d,2026-08-08T02:14:52.621Z,Condition,Condition,src/content/conditions/macbook-battery-health.md
/รับซื้อโน๊ตบุ๊ค/macbook-battery-swollen/,Condition,,,https://ร้านรับซื้อโน๊ตบุ๊ค.com/รับซื้อโน๊ตบุ๊ค/macbook-battery-swollen/,307,85,TBD,indexable,9969eee8bacd487c,2026-08-08T02:50:35.620Z,Condition,Condition,src/content/conditions/macbook-battery-swollen.md
/รับซื้อโน๊ตบุ๊ค/macbook-charge-port/,Condition,,,https://ร้านรับซื้อโน๊ตบุ๊ค.com/รับซื้อโน๊ตบุ๊ค/macbook-charge-port/,298,81,TBD,indexable,f7c5399983558808,2026-08-08T02:50:35.621Z,Condition,Condition,src/content/conditions/macbook-charge-port.md
/รับซื้อโน๊ตบุ๊ค/macbook-cycle-count/,Condition,,,https://ร้านรับซื้อโน๊ตบุ๊ค.com/รับซื้อโน๊ตบุ๊ค/macbook-cycle-count/,281,83,TBD,indexable,5d8ca6408c176638,2026-08-08T02:50:35.622Z,Condition,Condition,src/content/conditions/macbook-cycle-count.md
/รับซื้อโน๊ตบุ๊ค/macbook-keyboard-issue/,Condition,,,https://ร้านรับซื้อโน๊ตบุ๊ค.com/รับซื้อโน๊ตบุ๊ค/macbook-keyboard-issue/,269,83,TBD,indexable,847b2be23e3653c6,2026-08-08T02:50:35.623Z,Condition,Condition,src/content/conditions/macbook-keyboard-issue.md
/รับซื้อโน๊ตบุ๊ค/macbook-mdm/,Condition,MacBook ติด MDM ขายได้ไหม | ร้านรับซื้อโน๊ตบุ๊ค.com,MacBook ติด MDM ขายได้ไหม เช็กก่อนนัดขาย,https://ร้านรับซื้อโน๊ตบุ๊ค.com/รับซื้อโน๊ตบุ๊ค/macbook-mdm/,624,89,TBD,indexable,26fdab73334729ab,2026-08-08T02:14:52.623Z,Condition,Condition,src/content/conditions/macbook-mdm.md
/รับซื้อโน๊ตบุ๊ค/macbook-no-box-no-receipt/,Condition,,,https://ร้านรับซื้อโน๊ตบุ๊ค.com/รับซื้อโน๊ตบุ๊ค/macbook-no-box-no-receipt/,353,85,TBD,indexable,f0f69eaf3a96df13,2026-08-08T02:50:35.624Z,Condition,Condition,src/content/conditions/macbook-no-box-no-receipt.md
/รับซื้อโน๊ตบุ๊ค/macbook-screen-crack/,Condition,,,https://ร้านรับซื้อโน๊ตบุ๊ค.com/รับซื้อโน๊ตบุ๊ค/macbook-screen-crack/,307,81,TBD,indexable,3281eebce80cc4df,2026-08-08T02:50:35.624Z,Condition,Condition,src/content/conditions/macbook-screen-crack.md
/รับซื้อโน๊ตบุ๊ค/ssd-เสีย/,Condition,,,https://ร้านรับซื้อโน๊ตบุ๊ค.com/รับซื้อโน๊ตบุ๊ค/ssd-เสีย/,261,88,TBD,indexable,9866f8f24e1de8d7,2026-08-08T02:50:35.625Z,Condition,Condition,src/content/conditions/ssd-เสีย.md
/รับซื้อโน๊ตบุ๊ค/wifi-ไม่ติด/,Condition,,,https://ร้านรับซื้อโน๊ตบุ๊ค.com/รับซื้อโน๊ตบุ๊ค/wifi-ไม่ติด/,264,86,TBD,indexable,1ff376ccb72bd624,2026-08-08T02:50:35.626Z,Condition,Condition,src/content/conditions/wifi-ไม่ติด.md
/รับซื้อโน๊ตบุ๊ค/กล้องเสีย/,Condition,,,https://ร้านรับซื้อโน๊ตบุ๊ค.com/รับซื้อโน๊ตบุ๊ค/กล้องเสีย/,388,88,TBD,indexable,d53d1c8062bf26af,2026-08-08T02:50:35.627Z,Condition,Condition,src/content/conditions/กล้องเสีย.md
/รับซื้อโน๊ตบุ๊ค/คีย์บอร์ดเสีย/,Condition,,,https://ร้านรับซื้อโน๊ตบุ๊ค.com/รับซื้อโน๊ตบุ๊ค/คีย์บอร์ดเสีย/,267,83,TBD,indexable,6974f5624d422637,2026-08-08T02:50:35.150Z,Condition,Condition,src/content/conditions/คีย์บอร์ดเสีย.md
/รับซื้อโน๊ตบุ๊ค/ค้างบ่อย/,Condition,รับซื้อโน๊ตบุ๊คค้างบ่อย ประเมินตามสภาพจริง | ร้านรับซื้อโน๊ตบุ๊ค.com,รับซื้อโน๊ตบุ๊คค้างบ่อย ช้า หรือหน่วงผิดปกติ,https://ร้านรับซื้อโน๊ตบุ๊ค.com/รับซื้อโน๊ตบุ๊ค/ค้างบ่อย/,284,87,TBD,indexable,a083add00ba8c5ca,2026-08-08T02:14:52.628Z,Condition,Condition,src/content/conditions/ค้างบ่อย.md
/รับซื้อโน๊ตบุ๊ค/จอฟ้า/,Condition,,,https://ร้านรับซื้อโน๊ตบุ๊ค.com/รับซื้อโน๊ตบุ๊ค/จอฟ้า/,289,88,TBD,indexable,83a3fb10d67772fe,2026-08-08T02:50:35.628Z,Condition,Condition,src/content/conditions/จอฟ้า.md
/รับซื้อโน๊ตบุ๊ค/จอมีเส้น/,Condition,,,https://ร้านรับซื้อโน๊ตบุ๊ค.com/รับซื้อโน๊ตบุ๊ค/จอมีเส้น/,267,86,TBD,indexable,61f16c6a500d950e,2026-08-08T02:50:35.629Z,Condition,Condition,src/content/conditions/จอมีเส้น.md
/รับซื้อโน๊ตบุ๊ค/จอแตก/,Condition,,,https://ร้านรับซื้อโน๊ตบุ๊ค.com/รับซื้อโน๊ตบุ๊ค/จอแตก/,675,89,TBD,indexable,b4a430eb41a52064,2026-08-08T02:50:35.153Z,Condition,Condition,src/content/conditions/จอแตก.md
/รับซื้อโน๊ตบุ๊ค/จอไม่ติดแต่เครื่องติด/,Condition,,,https://ร้านรับซื้อโน๊ตบุ๊ค.com/รับซื้อโน๊ตบุ๊ค/จอไม่ติดแต่เครื่องติด/,270,86,TBD,indexable,0c0fa6d9c7050633,2026-08-08T02:50:35.630Z,Condition,Condition,src/content/conditions/จอไม่ติดแต่เครื่องติด.md
/รับซื้อโน๊ตบุ๊ค/ช่องหูฟังเสีย/,Condition,,,https://ร้านรับซื้อโน๊ตบุ๊ค.com/รับซื้อโน๊ตบุ๊ค/ช่องหูฟังเสีย/,333,86,TBD,indexable,11565f1e5e6218c7,2026-08-08T02:50:35.631Z,Condition,Condition,src/content/conditions/ช่องหูฟังเสีย.md
/รับซื้อโน๊ตบุ๊ค/ตกรุ่น/,Condition,,,https://ร้านรับซื้อโน๊ตบุ๊ค.com/รับซื้อโน๊ตบุ๊ค/ตกรุ่น/,357,85,TBD,indexable,cd85feb97756b44c,2026-08-08T02:50:35.632Z,Condition,Condition,src/content/conditions/ตกรุ่น.md
/รับซื้อโน๊ตบุ๊ค/ทัชสกรีนเสีย/,Condition,,,https://ร้านรับซื้อโน๊ตบุ๊ค.com/รับซื้อโน๊ตบุ๊ค/ทัชสกรีนเสีย/,285,86,TBD,indexable,c7997f86c6c95094,2026-08-08T02:50:35.632Z,Condition,Condition,src/content/conditions/ทัชสกรีนเสีย.md
/รับซื้อโน๊ตบุ๊ค/ทัชแพดเสีย/,Condition,,,https://ร้านรับซื้อโน๊ตบุ๊ค.com/รับซื้อโน๊ตบุ๊ค/ทัชแพดเสีย/,302,86,TBD,indexable,67e38309cf9fb1ce,2026-08-08T02:50:35.634Z,Condition,Condition,src/content/conditions/ทัชแพดเสีย.md
/รับซื้อโน๊ตบุ๊ค/บลูทูธใช้ไม่ได้/,Condition,,,https://ร้านรับซื้อโน๊ตบุ๊ค.com/รับซื้อโน๊ตบุ๊ค/บลูทูธใช้ไม่ได้/,278,86,TBD,indexable,956dee238d5bd1ca,2026-08-08T02:50:35.635Z,Condition,Condition,src/content/conditions/บลูทูธใช้ไม่ได้.md
/รับซื้อโน๊ตบุ๊ค/บอดี้แตก/,Condition,,,https://ร้านรับซื้อโน๊ตบุ๊ค.com/รับซื้อโน๊ตบุ๊ค/บอดี้แตก/,272,88,TBD,indexable,17642d0933109687,2026-08-08T02:50:35.636Z,Condition,Condition,src/content/conditions/บอดี้แตก.md
/รับซื้อโน๊ตบุ๊ค/บานพับแตก/,Condition,,,https://ร้านรับซื้อโน๊ตบุ๊ค.com/รับซื้อโน๊ตบุ๊ค/บานพับแตก/,244,81,TBD,indexable,77a25133001efae0,2026-08-08T02:50:35.157Z,Condition,Condition,src/content/conditions/บานพับแตก.md
/รับซื้อโน๊ตบุ๊ค/บูตวน/,Condition,,,https://ร้านรับซื้อโน๊ตบุ๊ค.com/รับซื้อโน๊ตบุ๊ค/บูตวน/,254,83,TBD,indexable,9192ecd1592e56c8,2026-08-08T02:50:35.637Z,Condition,Condition,src/content/conditions/บูตวน.md
/รับซื้อโน๊ตบุ๊ค/ฝาหลังบวม/,Condition,,,https://ร้านรับซื้อโน๊ตบุ๊ค.com/รับซื้อโน๊ตบุ๊ค/ฝาหลังบวม/,280,88,TBD,indexable,942191f76bfcbb78,2026-08-08T02:50:35.637Z,Condition,Condition,src/content/conditions/ฝาหลังบวม.md
/รับซื้อโน๊ตบุ๊ค/พอร์ต-type-c-เสีย/,Condition,,,https://ร้านรับซื้อโน๊ตบุ๊ค.com/รับซื้อโน๊ตบุ๊ค/พอร์ต-type-c-เสีย/,301,86,TBD,indexable,e542f9afb1ef2677,2026-08-08T02:50:35.639Z,Condition,Condition,src/content/conditions/พอร์ต-type-c-เสีย.md
/รับซื้อโน๊ตบุ๊ค/พอร์ต-usb-เสีย/,Condition,,,https://ร้านรับซื้อโน๊ตบุ๊ค.com/รับซื้อโน๊ตบุ๊ค/พอร์ต-usb-เสีย/,401,88,TBD,indexable,d340637eeb961566,2026-08-08T02:50:35.640Z,Condition,Condition,src/content/conditions/พอร์ต-usb-เสีย.md
/รับซื้อโน๊ตบุ๊ค/พอร์ตแลนเสีย/,Condition,,,https://ร้านรับซื้อโน๊ตบุ๊ค.com/รับซื้อโน๊ตบุ๊ค/พอร์ตแลนเสีย/,255,85,TBD,indexable,11a485213561c3c2,2026-08-08T02:50:35.641Z,Condition,Condition,src/content/conditions/พอร์ตแลนเสีย.md
/รับซื้อโน๊ตบุ๊ค/พัดลมดัง/,Condition,,,https://ร้านรับซื้อโน๊ตบุ๊ค.com/รับซื้อโน๊ตบุ๊ค/พัดลมดัง/,323,88,TBD,indexable,bbabe199272504a4,2026-08-08T02:50:35.642Z,Condition,Condition,src/content/conditions/พัดลมดัง.md
/รับซื้อโน๊ตบุ๊ค/รีสตาร์ทเอง/,Condition,,,https://ร้านรับซื้อโน๊ตบุ๊ค.com/รับซื้อโน๊ตบุ๊ค/รีสตาร์ทเอง/,276,85,TBD,indexable,f534c7fb575270e7,2026-08-08T02:50:35.642Z,Condition,Condition,src/content/conditions/รีสตาร์ทเอง.md
/รับซื้อโน๊ตบุ๊ค/ร้อนจัดดับเอง/,Condition,,,https://ร้านรับซื้อโน๊ตบุ๊ค.com/รับซื้อโน๊ตบุ๊ค/ร้อนจัดดับเอง/,744,90,TBD,indexable,a9c9e624656a997f,2026-08-08T02:50:35.159Z,Condition,Condition,src/content/conditions/ร้อนจัดดับเอง.md
/รับซื้อโน๊ตบุ๊ค/ลำโพงเสีย/,Condition,,,https://ร้านรับซื้อโน๊ตบุ๊ค.com/รับซื้อโน๊ตบุ๊ค/ลำโพงเสีย/,438,88,TBD,indexable,f53ed185ccf6a50f,2026-08-08T02:50:35.643Z,Condition,Condition,src/content/conditions/ลำโพงเสีย.md
/รับซื้อโน๊ตบุ๊ค/ฮาร์ดดิสก์เสีย/,Condition,,,https://ร้านรับซื้อโน๊ตบุ๊ค.com/รับซื้อโน๊ตบุ๊ค/ฮาร์ดดิสก์เสีย/,277,88,TBD,indexable,e5a2c6e5ce1e1bc5,2026-08-08T02:50:35.644Z,Condition,Condition,src/content/conditions/ฮาร์ดดิสก์เสีย.md
/รับซื้อโน๊ตบุ๊ค/เครื่องเก่า/,Condition,,,https://ร้านรับซื้อโน๊ตบุ๊ค.com/รับซื้อโน๊ตบุ๊ค/เครื่องเก่า/,273,88,TBD,indexable,b179b85d314132a1,2026-08-08T02:50:35.646Z,Condition,Condition,src/content/conditions/เครื่องเก่า.md
/รับซื้อโน๊ตบุ๊ค/เครื่องเสีย/,Condition,รับซื้อโน๊ตบุ๊คเสีย ประเมินตามอาการจริง | ร้านรับซื้อโน๊ตบุ๊ค.com,รับซื้อโน๊ตบุ๊คเสีย,https://ร้านรับซื้อโน๊ตบุ๊ค.com/รับซื้อโน๊ตบุ๊ค/เครื่องเสีย/,1112,94,TBD,indexable,ce7f21a2fad84af3,2026-08-08T02:14:52.640Z,Condition,Condition,src/content/conditions/เครื่องเสีย.md
/รับซื้อโน๊ตบุ๊ค/เปิดไม่ติด/,Condition,,,https://ร้านรับซื้อโน๊ตบุ๊ค.com/รับซื้อโน๊ตบุ๊ค/เปิดไม่ติด/,705,90,TBD,indexable,e9a445486d45f44a,2026-08-08T02:50:35.162Z,Condition,Condition,src/content/conditions/เปิดไม่ติด.md
/รับซื้อโน๊ตบุ๊ค/เมนบอร์ดเสีย/,Condition,,,https://ร้านรับซื้อโน๊ตบุ๊ค.com/รับซื้อโน๊ตบุ๊ค/เมนบอร์ดเสีย/,319,88,TBD,indexable,17de4b56b30a8c68,2026-08-08T02:50:35.647Z,Condition,Condition,src/content/conditions/เมนบอร์ดเสีย.md
/รับซื้อโน๊ตบุ๊ค/แบตเสื่อม/,Condition,,,https://ร้านรับซื้อโน๊ตบุ๊ค.com/รับซื้อโน๊ตบุ๊ค/แบตเสื่อม/,678,87,TBD,indexable,bd9d01fea931ca59,2026-08-08T02:50:35.164Z,Condition,Condition,src/content/conditions/แบตเสื่อม.md
/รับซื้อโน๊ตบุ๊ค/โดนน้ำ/,Condition,,,https://ร้านรับซื้อโน๊ตบุ๊ค.com/รับซื้อโน๊ตบุ๊ค/โดนน้ำ/,274,83,TBD,indexable,a640e8027a371a83,2026-08-08T02:50:35.165Z,Condition,Condition,src/content/conditions/โดนน้ำ.md
/รับซื้อโน๊ตบุ๊ค/ใช้งานปกติ/,Condition,,,https://ร้านรับซื้อโน๊ตบุ๊ค.com/รับซื้อโน๊ตบุ๊ค/ใช้งานปกติ/,286,88,TBD,indexable,cad206982675dcbd,2026-08-08T02:50:35.648Z,Condition,Condition,src/content/conditions/ใช้งานปกติ.md
/รับซื้อโน๊ตบุ๊ค/ไฟไม่เข้า/,Condition,,,https://ร้านรับซื้อโน๊ตบุ๊ค.com/รับซื้อโน๊ตบุ๊ค/ไฟไม่เข้า/,286,85,TBD,indexable,f77547f8055114a6,2026-08-08T02:50:35.649Z,Condition,Condition,src/content/conditions/ไฟไม่เข้า.md
/รับซื้อโน๊ตบุ๊ค/ไม่มีที่ชาร์จ/,Condition,,,https://ร้านรับซื้อโน๊ตบุ๊ค.com/รับซื้อโน๊ตบุ๊ค/ไม่มีที่ชาร์จ/,717,92,TBD,indexable,44f31e02890584d6,2026-08-08T02:50:35.649Z,Condition,Condition,src/content/conditions/ไม่มีที่ชาร์จ.md
/รับซื้อโน๊ตบุ๊ค/กระบี่/,Province,,,https://ร้านรับซื้อโน๊ตบุ๊ค.com/รับซื้อโน๊ตบุ๊ค/กระบี่/,548,89,TBD,indexable,b08ea844b8cbadde,2026-08-08T02:50:35.651Z,Province,Province,src/content/locations/กระบี่.md
/รับซื้อโน๊ตบุ๊ค/กรุงเทพ/,Province,,,https://ร้านรับซื้อโน๊ตบุ๊ค.com/รับซื้อโน๊ตบุ๊ค/กรุงเทพ/,546,92,TBD,indexable,3cf148a4642a3ea6,2026-08-08T02:50:35.652Z,Province,Province,src/content/locations/กรุงเทพ.md
/รับซื้อโน๊ตบุ๊ค/กาญจนบุรี/,Province,,,https://ร้านรับซื้อโน๊ตบุ๊ค.com/รับซื้อโน๊ตบุ๊ค/กาญจนบุรี/,459,92,TBD,indexable,3689a93f041aa51f,2026-08-08T02:50:35.654Z,Province,Province,src/content/locations/กาญจนบุรี.md
/รับซื้อโน๊ตบุ๊ค/กาฬสินธุ์/,Province,,,https://ร้านรับซื้อโน๊ตบุ๊ค.com/รับซื้อโน๊ตบุ๊ค/กาฬสินธุ์/,580,89,TBD,indexable,66285bf6df8d49b9,2026-08-08T02:50:35.655Z,Province,Province,src/content/locations/กาฬสินธุ์.md
/รับซื้อโน๊ตบุ๊ค/กำแพงเพชร/,Province,,,https://ร้านรับซื้อโน๊ตบุ๊ค.com/รับซื้อโน๊ตบุ๊ค/กำแพงเพชร/,505,85,TBD,indexable,7419f702b3f98155,2026-08-08T02:50:35.655Z,Province,Province,src/content/locations/กำแพงเพชร.md
/รับซื้อโน๊ตบุ๊ค/ขอนแก่น/,Province,,,https://ร้านรับซื้อโน๊ตบุ๊ค.com/รับซื้อโน๊ตบุ๊ค/ขอนแก่น/,483,89,TBD,indexable,f7717dd9cbc707e0,2026-08-08T02:50:35.656Z,Province,Province,src/content/locations/ขอนแก่น.md
/รับซื้อโน๊ตบุ๊ค/จันทบุรี/,Province,,,https://ร้านรับซื้อโน๊ตบุ๊ค.com/รับซื้อโน๊ตบุ๊ค/จันทบุรี/,457,89,TBD,indexable,f371e987fad8e0d0,2026-08-08T02:50:35.657Z,Province,Province,src/content/locations/จันทบุรี.md
/รับซื้อโน๊ตบุ๊ค/ฉะเชิงเทรา/,Province,,,https://ร้านรับซื้อโน๊ตบุ๊ค.com/รับซื้อโน๊ตบุ๊ค/ฉะเชิงเทรา/,565,89,TBD,indexable,fa912bb8dae6c8c0,2026-08-08T02:50:35.658Z,Province,Province,src/content/locations/ฉะเชิงเทรา.md
/รับซื้อโน๊ตบุ๊ค/ชลบุรี/,Province,,,https://ร้านรับซื้อโน๊ตบุ๊ค.com/รับซื้อโน๊ตบุ๊ค/ชลบุรี/,487,89,TBD,indexable,51eef39db6c9b396,2026-08-08T02:50:35.660Z,Province,Province,src/content/locations/ชลบุรี.md
/รับซื้อโน๊ตบุ๊ค/ชัยนาท/,Province,,,https://ร้านรับซื้อโน๊ตบุ๊ค.com/รับซื้อโน๊ตบุ๊ค/ชัยนาท/,493,89,TBD,indexable,f5760cfddc270232,2026-08-08T02:50:35.661Z,Province,Province,src/content/locations/ชัยนาท.md
/รับซื้อโน๊ตบุ๊ค/ชัยภูมิ/,Province,,,https://ร้านรับซื้อโน๊ตบุ๊ค.com/รับซื้อโน๊ตบุ๊ค/ชัยภูมิ/,489,92,TBD,indexable,9a0d079da5f6a3bc,2026-08-08T02:50:35.662Z,Province,Province,src/content/locations/ชัยภูมิ.md
/รับซื้อโน๊ตบุ๊ค/ชุมพร/,Province,,,https://ร้านรับซื้อโน๊ตบุ๊ค.com/รับซื้อโน๊ตบุ๊ค/ชุมพร/,522,92,TBD,indexable,74ca543385dac008,2026-08-08T02:50:35.663Z,Province,Province,src/content/locations/ชุมพร.md
/รับซื้อโน๊ตบุ๊ค/ตรัง/,Province,,,https://ร้านรับซื้อโน๊ตบุ๊ค.com/รับซื้อโน๊ตบุ๊ค/ตรัง/,580,89,TBD,indexable,cf9d4cfa3fd62f59,2026-08-08T02:50:35.664Z,Province,Province,src/content/locations/ตรัง.md
/รับซื้อโน๊ตบุ๊ค/ตราด/,Province,,,https://ร้านรับซื้อโน๊ตบุ๊ค.com/รับซื้อโน๊ตบุ๊ค/ตราด/,552,89,TBD,indexable,55386d0df0b8077a,2026-08-08T02:50:35.664Z,Province,Province,src/content/locations/ตราด.md
/รับซื้อโน๊ตบุ๊ค/ตาก/,Province,,,https://ร้านรับซื้อโน๊ตบุ๊ค.com/รับซื้อโน๊ตบุ๊ค/ตาก/,564,92,TBD,indexable,a027eeadcbe90d0e,2026-08-08T02:50:35.665Z,Province,Province,src/content/locations/ตาก.md
/รับซื้อโน๊ตบุ๊ค/นครนายก/,Province,,,https://ร้านรับซื้อโน๊ตบุ๊ค.com/รับซื้อโน๊ตบุ๊ค/นครนายก/,563,92,TBD,indexable,bb8cbebdc9ef5ac1,2026-08-08T02:50:35.666Z,Province,Province,src/content/locations/นครนายก.md
/รับซื้อโน๊ตบุ๊ค/นครปฐม/,Province,,,https://ร้านรับซื้อโน๊ตบุ๊ค.com/รับซื้อโน๊ตบุ๊ค/นครปฐม/,547,92,TBD,indexable,8734a350dc1b13bb,2026-08-08T02:50:35.667Z,Province,Province,src/content/locations/นครปฐม.md
/รับซื้อโน๊ตบุ๊ค/นครพนม/,Province,,,https://ร้านรับซื้อโน๊ตบุ๊ค.com/รับซื้อโน๊ตบุ๊ค/นครพนม/,448,85,TBD,indexable,9986cd4a924b3a39,2026-08-08T02:50:35.669Z,Province,Province,src/content/locations/นครพนม.md
/รับซื้อโน๊ตบุ๊ค/นครราชสีมา/,Province,,,https://ร้านรับซื้อโน๊ตบุ๊ค.com/รับซื้อโน๊ตบุ๊ค/นครราชสีมา/,522,89,TBD,indexable,c9367b54041325b5,2026-08-08T02:50:35.670Z,Province,Province,src/content/locations/นครราชสีมา.md
/รับซื้อโน๊ตบุ๊ค/นครศรีธรรมราช/,Province,,,https://ร้านรับซื้อโน๊ตบุ๊ค.com/รับซื้อโน๊ตบุ๊ค/นครศรีธรรมราช/,592,89,TBD,indexable,df50979e0019a1a7,2026-08-08T02:50:35.671Z,Province,Province,src/content/locations/นครศรีธรรมราช.md
/รับซื้อโน๊ตบุ๊ค/นครสวรรค์/,Province,,,https://ร้านรับซื้อโน๊ตบุ๊ค.com/รับซื้อโน๊ตบุ๊ค/นครสวรรค์/,499,92,TBD,indexable,1e07405bcf1c350b,2026-08-08T02:50:35.671Z,Province,Province,src/content/locations/นครสวรรค์.md
/รับซื้อโน๊ตบุ๊ค/นนทบุรี/,Province,,,https://ร้านรับซื้อโน๊ตบุ๊ค.com/รับซื้อโน๊ตบุ๊ค/นนทบุรี/,583,89,TBD,indexable,327da96a02a43a6c,2026-08-08T02:50:35.673Z,Province,Province,src/content/locations/นนทบุรี.md
/รับซื้อโน๊ตบุ๊ค/นราธิวาส/,Province,,,https://ร้านรับซื้อโน๊ตบุ๊ค.com/รับซื้อโน๊ตบุ๊ค/นราธิวาส/,496,89,TBD,indexable,7c064111f75137d7,2026-08-08T02:50:35.674Z,Province,Province,src/content/locations/นราธิวาส.md
/รับซื้อโน๊ตบุ๊ค/น่าน/,Province,,,https://ร้านรับซื้อโน๊ตบุ๊ค.com/รับซื้อโน๊ตบุ๊ค/น่าน/,558,89,TBD,indexable,0295c4aecb2ac624,2026-08-08T02:50:35.675Z,Province,Province,src/content/locations/น่าน.md
/รับซื้อโน๊ตบุ๊ค/บางนา/,Province,,,https://ร้านรับซื้อโน๊ตบุ๊ค.com/รับซื้อโน๊ตบุ๊ค/บางนา/,568,92,TBD,indexable,5bda4af07f591a76,2026-08-08T02:50:35.676Z,Province,Province,src/content/locations/บางนา.md
/รับซื้อโน๊ตบุ๊ค/บึงกาฬ/,Province,,,https://ร้านรับซื้อโน๊ตบุ๊ค.com/รับซื้อโน๊ตบุ๊ค/บึงกาฬ/,515,89,TBD,indexable,3d23ae414e6ccf16,2026-08-08T02:50:35.677Z,Province,Province,src/content/locations/บึงกาฬ.md
/รับซื้อโน๊ตบุ๊ค/บุรีรัมย์/,Province,,,https://ร้านรับซื้อโน๊ตบุ๊ค.com/รับซื้อโน๊ตบุ๊ค/บุรีรัมย์/,466,92,TBD,indexable,e3ac4b9dc5fb49ed,2026-08-08T02:50:35.678Z,Province,Province,src/content/locations/บุรีรัมย์.md
/รับซื้อโน๊ตบุ๊ค/ปทุมธานี/,Province,,,https://ร้านรับซื้อโน๊ตบุ๊ค.com/รับซื้อโน๊ตบุ๊ค/ปทุมธานี/,499,89,TBD,indexable,bfcab91a08d75e74,2026-08-08T02:50:35.679Z,Province,Province,src/content/locations/ปทุมธานี.md
/รับซื้อโน๊ตบุ๊ค/ประจวบคีรีขันธ์/,Province,,,https://ร้านรับซื้อโน๊ตบุ๊ค.com/รับซื้อโน๊ตบุ๊ค/ประจวบคีรีขันธ์/,634,92,TBD,indexable,e76df6b231b15108,2026-08-08T02:50:35.680Z,Province,Province,src/content/locations/ประจวบคีรีขันธ์.md
/รับซื้อโน๊ตบุ๊ค/ปราจีนบุรี/,Province,,,https://ร้านรับซื้อโน๊ตบุ๊ค.com/รับซื้อโน๊ตบุ๊ค/ปราจีนบุรี/,573,92,TBD,indexable,5027c482d7f6b741,2026-08-08T02:50:35.681Z,Province,Province,src/content/locations/ปราจีนบุรี.md
/รับซื้อโน๊ตบุ๊ค/ปัตตานี/,Province,,,https://ร้านรับซื้อโน๊ตบุ๊ค.com/รับซื้อโน๊ตบุ๊ค/ปัตตานี/,559,92,TBD,indexable,c68335b5b9ca296e,2026-08-08T02:50:35.681Z,Province,Province,src/content/locations/ปัตตานี.md
/รับซื้อโน๊ตบุ๊ค/พระราม2/,Province,,,https://ร้านรับซื้อโน๊ตบุ๊ค.com/รับซื้อโน๊ตบุ๊ค/พระราม2/,506,89,TBD,indexable,27cda84cb5bf15ce,2026-08-08T02:50:35.683Z,Province,Province,src/content/locations/พระราม2.md
/รับซื้อโน๊ตบุ๊ค/พะเยา/,Province,,,https://ร้านรับซื้อโน๊ตบุ๊ค.com/รับซื้อโน๊ตบุ๊ค/พะเยา/,494,92,TBD,indexable,955f5a1c9ecc3654,2026-08-08T02:50:35.684Z,Province,Province,src/content/locations/พะเยา.md
/รับซื้อโน๊ตบุ๊ค/พังงา/,Province,,,https://ร้านรับซื้อโน๊ตบุ๊ค.com/รับซื้อโน๊ตบุ๊ค/พังงา/,543,85,TBD,indexable,6865c554bff338ec,2026-08-08T02:50:35.684Z,Province,Province,src/content/locations/พังงา.md
/รับซื้อโน๊ตบุ๊ค/พัทยา/,Province,,,https://ร้านรับซื้อโน๊ตบุ๊ค.com/รับซื้อโน๊ตบุ๊ค/พัทยา/,554,92,TBD,indexable,bb549374498d1e6d,2026-08-08T02:50:35.685Z,Province,Province,src/content/locations/พัทยา.md
/รับซื้อโน๊ตบุ๊ค/พัทลุง/,Province,,,https://ร้านรับซื้อโน๊ตบุ๊ค.com/รับซื้อโน๊ตบุ๊ค/พัทลุง/,569,92,TBD,indexable,7506cdc32a327fd5,2026-08-08T02:50:35.686Z,Province,Province,src/content/locations/พัทลุง.md
/รับซื้อโน๊ตบุ๊ค/พิจิตร/,Province,,,https://ร้านรับซื้อโน๊ตบุ๊ค.com/รับซื้อโน๊ตบุ๊ค/พิจิตร/,577,92,TBD,indexable,05c3bbf040af2608,2026-08-08T02:50:35.687Z,Province,Province,src/content/locations/พิจิตร.md
/รับซื้อโน๊ตบุ๊ค/พิษณุโลก/,Province,,,https://ร้านรับซื้อโน๊ตบุ๊ค.com/รับซื้อโน๊ตบุ๊ค/พิษณุโลก/,582,92,TBD,indexable,36e0cf8d5ab5ea88,2026-08-08T02:50:35.689Z,Province,Province,src/content/locations/พิษณุโลก.md
/รับซื้อโน๊ตบุ๊ค/ภาคอีสาน/,District/location,,,https://ร้านรับซื้อโน๊ตบุ๊ค.com/รับซื้อโน๊ตบุ๊ค/ภาคอีสาน/,568,92,TBD,indexable,f666481134c00520,2026-08-08T02:50:35.690Z,District/location,District/location,src/content/locations/ภาคอีสาน.md
/รับซื้อโน๊ตบุ๊ค/ภูเก็ต/,Province,,,https://ร้านรับซื้อโน๊ตบุ๊ค.com/รับซื้อโน๊ตบุ๊ค/ภูเก็ต/,501,88,TBD,indexable,7f114d410ddd1218,2026-08-08T02:50:35.690Z,Province,Province,src/content/locations/ภูเก็ต.md
/รับซื้อโน๊ตบุ๊ค/มหาสารคาม/,Province,,,https://ร้านรับซื้อโน๊ตบุ๊ค.com/รับซื้อโน๊ตบุ๊ค/มหาสารคาม/,544,88,TBD,indexable,acf9d5a4fc064f16,2026-08-08T02:50:35.692Z,Province,Province,src/content/locations/มหาสารคาม.md
/รับซื้อโน๊ตบุ๊ค/มุกดาหาร/,Province,,,https://ร้านรับซื้อโน๊ตบุ๊ค.com/รับซื้อโน๊ตบุ๊ค/มุกดาหาร/,507,89,TBD,indexable,c19e32eb04abca37,2026-08-08T02:50:35.693Z,Province,Province,src/content/locations/มุกดาหาร.md
/รับซื้อโน๊ตบุ๊ค/ยะลา/,Province,,,https://ร้านรับซื้อโน๊ตบุ๊ค.com/รับซื้อโน๊ตบุ๊ค/ยะลา/,475,89,TBD,indexable,cc88851b25607bd1,2026-08-08T02:50:35.694Z,Province,Province,src/content/locations/ยะลา.md
/รับซื้อโน๊ตบุ๊ค/ยโสธร/,Province,,,https://ร้านรับซื้อโน๊ตบุ๊ค.com/รับซื้อโน๊ตบุ๊ค/ยโสธร/,510,92,TBD,indexable,8c60f5bae87ffc8e,2026-08-08T02:50:35.695Z,Province,Province,src/content/locations/ยโสธร.md
/รับซื้อโน๊ตบุ๊ค/ระนอง/,Province,,,https://ร้านรับซื้อโน๊ตบุ๊ค.com/รับซื้อโน๊ตบุ๊ค/ระนอง/,526,89,TBD,indexable,49136a774d628c45,2026-08-08T02:50:35.696Z,Province,Province,src/content/locations/ระนอง.md
/รับซื้อโน๊ตบุ๊ค/ระยอง/,Province,,,https://ร้านรับซื้อโน๊ตบุ๊ค.com/รับซื้อโน๊ตบุ๊ค/ระยอง/,438,85,TBD,indexable,a83eba82e2e32652,2026-08-08T02:50:35.696Z,Province,Province,src/content/locations/ระยอง.md
/รับซื้อโน๊ตบุ๊ค/รังสิต/,Province,,,https://ร้านรับซื้อโน๊ตบุ๊ค.com/รับซื้อโน๊ตบุ๊ค/รังสิต/,570,92,TBD,indexable,9c79dfe3f38b721d,2026-08-08T02:50:35.697Z,Province,Province,src/content/locations/รังสิต.md
/รับซื้อโน๊ตบุ๊ค/ราชบุรี/,Province,,,https://ร้านรับซื้อโน๊ตบุ๊ค.com/รับซื้อโน๊ตบุ๊ค/ราชบุรี/,505,89,TBD,indexable,8ee37cd014e34f95,2026-08-08T02:50:35.698Z,Province,Province,src/content/locations/ราชบุรี.md
/รับซื้อโน๊ตบุ๊ค/รามคำแหง/,Province,,,https://ร้านรับซื้อโน๊ตบุ๊ค.com/รับซื้อโน๊ตบุ๊ค/รามคำแหง/,527,89,TBD,indexable,3f2d28e50ab64513,2026-08-08T02:50:35.699Z,Province,Province,src/content/locations/รามคำแหง.md
/รับซื้อโน๊ตบุ๊ค/ร้อยเอ็ด/,Province,,,https://ร้านรับซื้อโน๊ตบุ๊ค.com/รับซื้อโน๊ตบุ๊ค/ร้อยเอ็ด/,515,92,TBD,indexable,ed4a5a9dcbc415e7,2026-08-08T02:50:35.700Z,Province,Province,src/content/locations/ร้อยเอ็ด.md
/รับซื้อโน๊ตบุ๊ค/ลพบุรี/,Province,,,https://ร้านรับซื้อโน๊ตบุ๊ค.com/รับซื้อโน๊ตบุ๊ค/ลพบุรี/,525,92,TBD,indexable,a0ff90c26ae55c6b,2026-08-08T02:50:35.702Z,Province,Province,src/content/locations/ลพบุรี.md
/รับซื้อโน๊ตบุ๊ค/ลาดพร้าว/,Province,,,https://ร้านรับซื้อโน๊ตบุ๊ค.com/รับซื้อโน๊ตบุ๊ค/ลาดพร้าว/,583,89,TBD,indexable,db49af5d1d8b73bb,2026-08-08T02:50:35.703Z,Province,Province,src/content/locations/ลาดพร้าว.md
/รับซื้อโน๊ตบุ๊ค/ลำปาง/,Province,,,https://ร้านรับซื้อโน๊ตบุ๊ค.com/รับซื้อโน๊ตบุ๊ค/ลำปาง/,529,92,TBD,indexable,6d2836b31dcebc03,2026-08-08T02:50:35.704Z,Province,Province,src/content/locations/ลำปาง.md
/รับซื้อโน๊ตบุ๊ค/ลำพูน/,Province,,,https://ร้านรับซื้อโน๊ตบุ๊ค.com/รับซื้อโน๊ตบุ๊ค/ลำพูน/,622,92,TBD,indexable,50a20bcd949ecc29,2026-08-08T02:50:35.705Z,Province,Province,src/content/locations/ลำพูน.md
/รับซื้อโน๊ตบุ๊ค/ศรีสะเกษ/,Province,,,https://ร้านรับซื้อโน๊ตบุ๊ค.com/รับซื้อโน๊ตบุ๊ค/ศรีสะเกษ/,525,89,TBD,indexable,fc7331a43de73397,2026-08-08T02:50:35.707Z,Province,Province,src/content/locations/ศรีสะเกษ.md
/รับซื้อโน๊ตบุ๊ค/สกลนคร/,Province,,,https://ร้านรับซื้อโน๊ตบุ๊ค.com/รับซื้อโน๊ตบุ๊ค/สกลนคร/,604,92,TBD,indexable,3532cfd4b705c19b,2026-08-08T02:50:35.707Z,Province,Province,src/content/locations/สกลนคร.md
/รับซื้อโน๊ตบุ๊ค/สงขลา/,Province,,,https://ร้านรับซื้อโน๊ตบุ๊ค.com/รับซื้อโน๊ตบุ๊ค/สงขลา/,563,92,TBD,indexable,cdd6a66790f57121,2026-08-08T02:50:35.708Z,Province,Province,src/content/locations/สงขลา.md
/รับซื้อโน๊ตบุ๊ค/สตูล/,Province,,,https://ร้านรับซื้อโน๊ตบุ๊ค.com/รับซื้อโน๊ตบุ๊ค/สตูล/,484,89,TBD,indexable,68d913163a590333,2026-08-08T02:50:35.710Z,Province,Province,src/content/locations/สตูล.md
/รับซื้อโน๊ตบุ๊ค/สมุทรปราการ/,Province,,,https://ร้านรับซื้อโน๊ตบุ๊ค.com/รับซื้อโน๊ตบุ๊ค/สมุทรปราการ/,530,92,TBD,indexable,a6692220b21498ef,2026-08-08T02:50:35.711Z,Province,Province,src/content/locations/สมุทรปราการ.md
/รับซื้อโน๊ตบุ๊ค/สมุทรสงคราม/,Province,,,https://ร้านรับซื้อโน๊ตบุ๊ค.com/รับซื้อโน๊ตบุ๊ค/สมุทรสงคราม/,502,89,TBD,indexable,d6b7bf791f1e9e8b,2026-08-08T02:50:35.711Z,Province,Province,src/content/locations/สมุทรสงคราม.md
/รับซื้อโน๊ตบุ๊ค/สมุทรสาคร/,Province,,,https://ร้านรับซื้อโน๊ตบุ๊ค.com/รับซื้อโน๊ตบุ๊ค/สมุทรสาคร/,587,92,TBD,indexable,827410f3d92123ef,2026-08-08T02:50:35.713Z,Province,Province,src/content/locations/สมุทรสาคร.md
/รับซื้อโน๊ตบุ๊ค/สระบุรี/,Province,,,https://ร้านรับซื้อโน๊ตบุ๊ค.com/รับซื้อโน๊ตบุ๊ค/สระบุรี/,482,89,TBD,indexable,8214f60e6f852e28,2026-08-08T02:50:35.714Z,Province,Province,src/content/locations/สระบุรี.md
/รับซื้อโน๊ตบุ๊ค/สระแก้ว/,Province,,,https://ร้านรับซื้อโน๊ตบุ๊ค.com/รับซื้อโน๊ตบุ๊ค/สระแก้ว/,544,92,TBD,indexable,f35a2cc37a28279d,2026-08-08T02:50:35.715Z,Province,Province,src/content/locations/สระแก้ว.md
/รับซื้อโน๊ตบุ๊ค/สิงห์บุรี/,Province,,,https://ร้านรับซื้อโน๊ตบุ๊ค.com/รับซื้อโน๊ตบุ๊ค/สิงห์บุรี/,610,89,TBD,indexable,7bc036d4e0bc4a6f,2026-08-08T02:50:35.716Z,Province,Province,src/content/locations/สิงห์บุรี.md
/รับซื้อโน๊ตบุ๊ค/สุพรรณบุรี/,Province,,,https://ร้านรับซื้อโน๊ตบุ๊ค.com/รับซื้อโน๊ตบุ๊ค/สุพรรณบุรี/,431,85,TBD,indexable,5ccb963111888824,2026-08-08T02:50:35.716Z,Province,Province,src/content/locations/สุพรรณบุรี.md
/รับซื้อโน๊ตบุ๊ค/สุราษฎร์ธานี/,Province,,,https://ร้านรับซื้อโน๊ตบุ๊ค.com/รับซื้อโน๊ตบุ๊ค/สุราษฎร์ธานี/,537,92,TBD,indexable,8d0c50c50490bb93,2026-08-08T02:50:35.718Z,Province,Province,src/content/locations/สุราษฎร์ธานี.md
/รับซื้อโน๊ตบุ๊ค/สุรินทร์/,Province,,,https://ร้านรับซื้อโน๊ตบุ๊ค.com/รับซื้อโน๊ตบุ๊ค/สุรินทร์/,534,92,TBD,indexable,4607ca0fa757c441,2026-08-08T02:50:35.719Z,Province,Province,src/content/locations/สุรินทร์.md
/รับซื้อโน๊ตบุ๊ค/สุโขทัย/,Province,,,https://ร้านรับซื้อโน๊ตบุ๊ค.com/รับซื้อโน๊ตบุ๊ค/สุโขทัย/,541,89,TBD,indexable,7bbc23a7f2cfd317,2026-08-08T02:50:35.719Z,Province,Province,src/content/locations/สุโขทัย.md
/รับซื้อโน๊ตบุ๊ค/หนองคาย/,Province,,,https://ร้านรับซื้อโน๊ตบุ๊ค.com/รับซื้อโน๊ตบุ๊ค/หนองคาย/,564,92,TBD,indexable,18b2ae5936444f12,2026-08-08T02:50:35.722Z,Province,Province,src/content/locations/หนองคาย.md
/รับซื้อโน๊ตบุ๊ค/หนองบัวลำภู/,Province,,,https://ร้านรับซื้อโน๊ตบุ๊ค.com/รับซื้อโน๊ตบุ๊ค/หนองบัวลำภู/,537,89,TBD,indexable,4c8546527290423a,2026-08-08T02:50:35.722Z,Province,Province,src/content/locations/หนองบัวลำภู.md
/รับซื้อโน๊ตบุ๊ค/หาดใหญ่/,Province,,,https://ร้านรับซื้อโน๊ตบุ๊ค.com/รับซื้อโน๊ตบุ๊ค/หาดใหญ่/,603,89,TBD,indexable,4089670dc7d91142,2026-08-08T02:50:35.723Z,Province,Province,src/content/locations/หาดใหญ่.md
/รับซื้อโน๊ตบุ๊ค/ห้วยขวาง/,Province,,,https://ร้านรับซื้อโน๊ตบุ๊ค.com/รับซื้อโน๊ตบุ๊ค/ห้วยขวาง/,571,89,TBD,indexable,82c6c8c650d8038e,2026-08-08T02:50:35.725Z,Province,Province,src/content/locations/ห้วยขวาง.md
/รับซื้อโน๊ตบุ๊ค/อยุธยา/,Province,,,https://ร้านรับซื้อโน๊ตบุ๊ค.com/รับซื้อโน๊ตบุ๊ค/อยุธยา/,559,92,TBD,indexable,8e3a87f5683d23fd,2026-08-08T02:50:35.726Z,Province,Province,src/content/locations/อยุธยา.md
/รับซื้อโน๊ตบุ๊ค/อำนาจเจริญ/,Province,,,https://ร้านรับซื้อโน๊ตบุ๊ค.com/รับซื้อโน๊ตบุ๊ค/อำนาจเจริญ/,499,85,TBD,indexable,425b837deb3e4ce1,2026-08-08T02:50:35.726Z,Province,Province,src/content/locations/อำนาจเจริญ.md
/รับซื้อโน๊ตบุ๊ค/อุดรธานี/,Province,,,https://ร้านรับซื้อโน๊ตบุ๊ค.com/รับซื้อโน๊ตบุ๊ค/อุดรธานี/,524,89,TBD,indexable,bf43898ae67c2255,2026-08-08T02:50:35.728Z,Province,Province,src/content/locations/อุดรธานี.md
/รับซื้อโน๊ตบุ๊ค/อุตรดิตถ์/,Province,,,https://ร้านรับซื้อโน๊ตบุ๊ค.com/รับซื้อโน๊ตบุ๊ค/อุตรดิตถ์/,500,92,TBD,indexable,4ef7c1f54f23adfa,2026-08-08T02:50:35.729Z,Province,Province,src/content/locations/อุตรดิตถ์.md
/รับซื้อโน๊ตบุ๊ค/อุทัยธานี/,Province,,,https://ร้านรับซื้อโน๊ตบุ๊ค.com/รับซื้อโน๊ตบุ๊ค/อุทัยธานี/,514,85,TBD,indexable,f2a94b4a0dfe3600,2026-08-08T02:50:35.730Z,Province,Province,src/content/locations/อุทัยธานี.md
/รับซื้อโน๊ตบุ๊ค/อุบลราชธานี/,Province,,,https://ร้านรับซื้อโน๊ตบุ๊ค.com/รับซื้อโน๊ตบุ๊ค/อุบลราชธานี/,599,92,TBD,indexable,0191f54030fc5a6e,2026-08-08T02:50:35.731Z,Province,Province,src/content/locations/อุบลราชธานี.md
/รับซื้อโน๊ตบุ๊ค/อ่างทอง/,Province,,,https://ร้านรับซื้อโน๊ตบุ๊ค.com/รับซื้อโน๊ตบุ๊ค/อ่างทอง/,509,92,TBD,indexable,eb507387847408f1,2026-08-08T02:50:35.732Z,Province,Province,src/content/locations/อ่างทอง.md
/รับซื้อโน๊ตบุ๊ค/เชียงราย/,Province,,,https://ร้านรับซื้อโน๊ตบุ๊ค.com/รับซื้อโน๊ตบุ๊ค/เชียงราย/,521,89,TBD,indexable,237e8892b1c48bb9,2026-08-08T02:50:35.733Z,Province,Province,src/content/locations/เชียงราย.md
/รับซื้อโน๊ตบุ๊ค/เชียงใหม่/,Province,,,https://ร้านรับซื้อโน๊ตบุ๊ค.com/รับซื้อโน๊ตบุ๊ค/เชียงใหม่/,536,89,TBD,indexable,f3188bb8be1db844,2026-08-08T02:50:35.735Z,Province,Province,src/content/locations/เชียงใหม่.md
/รับซื้อโน๊ตบุ๊ค/เพชรบุรี/,Province,,,https://ร้านรับซื้อโน๊ตบุ๊ค.com/รับซื้อโน๊ตบุ๊ค/เพชรบุรี/,500,89,TBD,indexable,a385e2103c1e603b,2026-08-08T02:50:35.736Z,Province,Province,src/content/locations/เพชรบุรี.md
/รับซื้อโน๊ตบุ๊ค/เพชรบูรณ์/,Province,,,https://ร้านรับซื้อโน๊ตบุ๊ค.com/รับซื้อโน๊ตบุ๊ค/เพชรบูรณ์/,577,89,TBD,indexable,ea804f226ddb9149,2026-08-08T02:50:35.737Z,Province,Province,src/content/locations/เพชรบูรณ์.md
/รับซื้อโน๊ตบุ๊ค/เลย/,Province,,,https://ร้านรับซื้อโน๊ตบุ๊ค.com/รับซื้อโน๊ตบุ๊ค/เลย/,558,92,TBD,indexable,d0b913788797949c,2026-08-08T02:50:35.738Z,Province,Province,src/content/locations/เลย.md
/รับซื้อโน๊ตบุ๊ค/แพร่/,Province,,,https://ร้านรับซื้อโน๊ตบุ๊ค.com/รับซื้อโน๊ตบุ๊ค/แพร่/,538,92,TBD,indexable,e5e1b2ccb9559bb6,2026-08-08T02:50:35.739Z,Province,Province,src/content/locations/แพร่.md
/รับซื้อโน๊ตบุ๊ค/แม่ฮ่องสอน/,Province,,,https://ร้านรับซื้อโน๊ตบุ๊ค.com/รับซื้อโน๊ตบุ๊ค/แม่ฮ่องสอน/,530,89,TBD,indexable,6d0fa0da03fee34e,2026-08-08T02:50:35.740Z,Province,Province,src/content/locations/แม่ฮ่องสอน.md
/รับซื้อโน๊ตบุ๊ค/ใกล้ฉัน/,District/location,,,https://ร้านรับซื้อโน๊ตบุ๊ค.com/รับซื้อโน๊ตบุ๊ค/ใกล้ฉัน/,510,92,TBD,indexable,daf93fd13a9cc92b,2026-08-08T02:50:35.741Z,District/location,District/location,src/content/locations/ใกล้ฉัน.md
/blog/gaming-notebook-มือสองขายได้ราคาดีกว่าไหม/,Blog,,,https://ร้านรับซื้อโน๊ตบุ๊ค.com/blog/gaming-notebook-มือสองขายได้ราคาดีกว่าไหม/,2528,92,TBD,indexable,cb9e3393d55a8f31,2026-08-08T02:50:35.082Z,Blog,Blog,src/content/blog/gaming-notebook-มือสองขายได้ราคาดีกว่าไหม.md
/blog/macbook-battery-health-มีผลต่อราคาไหม/,Blog,,,https://ร้านรับซื้อโน๊ตบุ๊ค.com/blog/macbook-battery-health-มีผลต่อราคาไหม/,477,84,TBD,indexable,d691a459d4641799,2026-08-08T03:13:37.708Z,Blog,Blog,src/content/blog/macbook-battery-health-มีผลต่อราคาไหม.md
/blog/macbook-cycle-count-เท่าไหร่ถึงราคาตก/,Blog,,,https://ร้านรับซื้อโน๊ตบุ๊ค.com/blog/macbook-cycle-count-เท่าไหร่ถึงราคาตก/,450,82,TBD,indexable,680f65dbc10f77e4,2026-08-08T03:13:37.708Z,Blog,Blog,src/content/blog/macbook-cycle-count-เท่าไหร่ถึงราคาตก.md
/blog/macbook-คีย์บอร์ดเสีย-ขายได้ไหม/,Blog,,,https://ร้านรับซื้อโน๊ตบุ๊ค.com/blog/macbook-คีย์บอร์ดเสีย-ขายได้ไหม/,377,76,TBD,indexable,327910a597486243,2026-07-01T15:14:23.398Z,Blog,Blog,src/content/blog/macbook-คีย์บอร์ดเสีย-ขายได้ไหม.md
/blog/macbook-จอร้าว-ขายได้ไหม/,Blog,,,https://ร้านรับซื้อโน๊ตบุ๊ค.com/blog/macbook-จอร้าว-ขายได้ไหม/,159,76,TBD,indexable,399fc29f738dae92,2026-08-08T03:13:37.709Z,Blog,Blog,src/content/blog/macbook-จอร้าว-ขายได้ไหม.md
/blog/macbook-ชาร์จไม่เข้า-ขายได้ไหม/,Blog,,,https://ร้านรับซื้อโน๊ตบุ๊ค.com/blog/macbook-ชาร์จไม่เข้า-ขายได้ไหม/,376,76,TBD,indexable,3034bfb194dc2484,2026-07-01T15:14:23.399Z,Blog,Blog,src/content/blog/macbook-ชาร์จไม่เข้า-ขายได้ไหม.md
/blog/macbook-ติด-mdm-ขายได้ไหม/,Blog,,,https://ร้านรับซื้อโน๊ตบุ๊ค.com/blog/macbook-ติด-mdm-ขายได้ไหม/,188,76,TBD,indexable,b012f3891038512e,2026-08-08T03:13:37.710Z,Blog,Blog,src/content/blog/macbook-ติด-mdm-ขายได้ไหม.md
/blog/macbook-แบตบวม-ขายได้ไหม/,Blog,,,https://ร้านรับซื้อโน๊ตบุ๊ค.com/blog/macbook-แบตบวม-ขายได้ไหม/,351,80,TBD,indexable,db7857183f164ec0,2026-07-01T15:14:23.399Z,Blog,Blog,src/content/blog/macbook-แบตบวม-ขายได้ไหม.md
/blog/macbook-ไม่มีกล่อง-ไม่มีใบเสร็จ-ขายได้ไหม/,Blog,,,https://ร้านรับซื้อโน๊ตบุ๊ค.com/blog/macbook-ไม่มีกล่อง-ไม่มีใบเสร็จ-ขายได้ไหม/,899,87,TBD,indexable,e391926b070c2562,2026-07-01T15:14:23.403Z,Blog,Blog,src/content/blog/macbook-ไม่มีกล่อง-ไม่มีใบเสร็จ-ขายได้ไหม.md
/blog/macbook-ไม่มีที่ชาร์จ-ขายได้ไหม/,Blog,,,https://ร้านรับซื้อโน๊ตบุ๊ค.com/blog/macbook-ไม่มีที่ชาร์จ-ขายได้ไหม/,250,78,TBD,indexable,ae8b622224ac8d78,2026-08-08T03:13:37.705Z,Blog,Blog,src/content/blog/macbook-ไม่มีที่ชาร์จ-ขายได้ไหม.md
/blog/ram-8gb-กับ-16gb-มีผลต่อราคารับซื้อไหม/,Blog,,,https://ร้านรับซื้อโน๊ตบุ๊ค.com/blog/ram-8gb-กับ-16gb-มีผลต่อราคารับซื้อไหม/,408,85,TBD,indexable,9b6e4919f55cc342,2026-07-01T15:14:23.403Z,Blog,Blog,src/content/blog/ram-8gb-กับ-16gb-มีผลต่อราคารับซื้อไหม.md
/blog/ssd-256gb-512gb-1tb-มีผลต่อราคาอย่างไร/,Blog,SSD 256GB 512GB และ 1TB มีผลต่อราคารับซื้อโน๊ตบุ๊คอย่างไร,SSD 256GB 512GB และ 1TB มีผลต่อราคารับซื้อโน๊ตบุ๊คอย่างไร,https://ร้านรับซื้อโน๊ตบุ๊ค.com/blog/ssd-256gb-512gb-1tb-มีผลต่อราคาอย่างไร/,429,87,TBD,indexable,f215c2278ebe1643,2026-05-16T12:26:05.138Z,Blog,Blog,src/content/blog/ssd-256gb-512gb-1tb-มีผลต่อราคาอย่างไร.md
/blog/ssd-เสียขายได้ไหม/,Blog,,,https://ร้านรับซื้อโน๊ตบุ๊ค.com/blog/ssd-เสียขายได้ไหม/,466,84,TBD,indexable,08017016c64ea7f2,2026-08-08T02:50:35.581Z,Blog,Blog,src/content/blog/ssd-เสียขายได้ไหม.md
/blog/กรณีศึกษา-รับซื้อโน๊ตบุ๊คบอร์ดเสียช็อต-ค่าซ่อมไม่คุ้ม/,Blog,,,https://ร้านรับซื้อโน๊ตบุ๊ค.com/blog/กรณีศึกษา-รับซื้อโน๊ตบุ๊คบอร์ดเสียช็อต-ค่าซ่อมไม่คุ้ม/,912,92,TBD,indexable,67dde68860234871,2026-07-01T15:14:23.406Z,Blog,Blog,src/content/blog/กรณีศึกษา-รับซื้อโน๊ตบุ๊คบอร์ดเสียช็อต-ค่าซ่อมไม่คุ้ม.md
/blog/กรณีศึกษา-รับซื้อโน๊ตบุ๊คองค์กร-20-เครื่อง-ปลด-asset-tag/,Blog,,,https://ร้านรับซื้อโน๊ตบุ๊ค.com/blog/กรณีศึกษา-รับซื้อโน๊ตบุ๊คองค์กร-20-เครื่อง-ปลด-asset-tag/,1040,92,TBD,indexable,abddd2e811080d59,2026-07-01T15:14:23.407Z,Blog,Blog,src/content/blog/กรณีศึกษา-รับซื้อโน๊ตบุ๊คองค์กร-20-เครื่อง-ปลด-asset-tag.md
/blog/กรณีศึกษา-รับซื้อโน๊ตบุ๊คโดนน้ำหก-บอร์ดช็อตเปิดไม่ติด/,Blog,,,https://ร้านรับซื้อโน๊ตบุ๊ค.com/blog/กรณีศึกษา-รับซื้อโน๊ตบุ๊คโดนน้ำหก-บอร์ดช็อตเปิดไม่ติด/,813,92,TBD,indexable,307730e98c53e1df,2026-07-01T15:14:23.408Z,Blog,Blog,src/content/blog/กรณีศึกษา-รับซื้อโน๊ตบุ๊คโดนน้ำหก-บอร์ดช็อตเปิดไม่ติด.md
/blog/ก่อนขายโน๊ตบุ๊คต้องล้างข้อมูลอย่างไร/,Blog,,,https://ร้านรับซื้อโน๊ตบุ๊ค.com/blog/ก่อนขายโน๊ตบุ๊คต้องล้างข้อมูลอย่างไร/,994,90,TBD,indexable,d191a666736165c9,2026-08-08T01:33:02.308Z,Blog,Blog,src/content/blog/ก่อนขายโน๊ตบุ๊คต้องล้างข้อมูลอย่างไร.md
/blog/ขาย-macbook-ต้องเตรียมอะไรบ้าง/,Blog,,,https://ร้านรับซื้อโน๊ตบุ๊ค.com/blog/ขาย-macbook-ต้องเตรียมอะไรบ้าง/,2508,92,TBD,indexable,8198ea293401e6ef,2026-08-08T02:50:35.084Z,Blog,Blog,src/content/blog/ขาย-macbook-ต้องเตรียมอะไรบ้าง.md
/blog/ขายโน๊ตบุ๊ค-และขายโน๊ตบุ๊คมือสอง-คู่มือเตรียมเครื่องและปิดดีล/,Blog,,,https://ร้านรับซื้อโน๊ตบุ๊ค.com/blog/ขายโน๊ตบุ๊ค-และขายโน๊ตบุ๊คมือสอง-คู่มือเตรียมเครื่องและปิดดีล/,2355,92,TBD,indexable,ef1ece0d84958e8d,2026-08-08T01:33:02.303Z,Blog,Blog,src/content/blog/ขายโน๊ตบุ๊ค-และขายโน๊ตบุ๊คมือสอง-คู่มือเตรียมเครื่องและปิดดีล.md
/blog/ขายโน๊ตบุ๊ค-ไม่มีกล่อง-ไม่มีใบเสร็จ/,Blog,,,https://ร้านรับซื้อโน๊ตบุ๊ค.com/blog/ขายโน๊ตบุ๊ค-ไม่มีกล่อง-ไม่มีใบเสร็จ/,212,81,TBD,indexable,3e8061cb7fe751ab,2026-08-08T01:33:02.261Z,Blog,Blog,src/content/blog/ขายโน๊ตบุ๊ค-ไม่มีกล่อง-ไม่มีใบเสร็จ.md
/blog/ขายโน๊ตบุ๊คที่ไหนดี-ได้ราคาและปลอดภัย/,Blog,,,https://ร้านรับซื้อโน๊ตบุ๊ค.com/blog/ขายโน๊ตบุ๊คที่ไหนดี-ได้ราคาและปลอดภัย/,2610,92,TBD,indexable,993c545d26477fc5,2026-08-08T01:33:02.289Z,Blog,Blog,src/content/blog/ขายโน๊ตบุ๊คที่ไหนดี-ได้ราคาและปลอดภัย.md
/blog/ขายโน๊ตบุ๊คนักศึกษา-ต้องล้างข้อมูลอะไรบ้าง/,Blog,,,https://ร้านรับซื้อโน๊ตบุ๊ค.com/blog/ขายโน๊ตบุ๊คนักศึกษา-ต้องล้างข้อมูลอะไรบ้าง/,341,85,TBD,indexable,daf49db202cb0949,2026-07-01T15:14:23.413Z,Blog,Blog,src/content/blog/ขายโน๊ตบุ๊คนักศึกษา-ต้องล้างข้อมูลอะไรบ้าง.md
/blog/ขายโน๊ตบุ๊คบริษัท-ต้องเตรียมอะไร/,Blog,ขายโน๊ตบุ๊คบริษัท ต้องเตรียมอะไรบ้าง,ขายโน๊ตบุ๊คบริษัท ต้องเตรียมอะไรบ้าง,https://ร้านรับซื้อโน๊ตบุ๊ค.com/blog/ขายโน๊ตบุ๊คบริษัท-ต้องเตรียมอะไร/,401,87,TBD,indexable,f67356626bd5e5b4,2026-05-23T12:46:56.123Z,Blog,Blog,src/content/blog/ขายโน๊ตบุ๊คบริษัท-ต้องเตรียมอะไร.md
/blog/ขายโน๊ตบุ๊คมี-asset-tag-ได้ไหม/,Blog,ขายโน๊ตบุ๊คมี Asset Tag ได้ไหม,ขายโน๊ตบุ๊คมี Asset Tag ได้ไหม,https://ร้านรับซื้อโน๊ตบุ๊ค.com/blog/ขายโน๊ตบุ๊คมี-asset-tag-ได้ไหม/,360,87,TBD,indexable,3ec757d93c81d380,2026-05-16T12:25:09.146Z,Blog,Blog,src/content/blog/ขายโน๊ตบุ๊คมี-asset-tag-ได้ไหม.md
/blog/ขายโน๊ตบุ๊คไม่มีกล่อง-ไม่มีที่ชาร์จ-ไม่มีใบเสร็จ-พร้อมกันได้ไหม/,Blog,ขายโน๊ตบุ๊คไม่มีกล่อง ไม่มีที่ชาร์จ ไม่มีใบเสร็จ พร้อมกันได้ไหม,ขายโน๊ตบุ๊คไม่มีกล่อง ไม่มีที่ชาร์จ ไม่มีใบเสร็จ พร้อมกันได้ไหม,https://ร้านรับซื้อโน๊ตบุ๊ค.com/blog/ขายโน๊ตบุ๊คไม่มีกล่อง-ไม่มีที่ชาร์จ-ไม่มีใบเสร็จ-พร้อมกันได้ไหม/,324,89,TBD,indexable,dcceceb7c126ccf1,2026-05-16T12:25:09.500Z,Blog,Blog,src/content/blog/ขายโน๊ตบุ๊คไม่มีกล่อง-ไม่มีที่ชาร์จ-ไม่มีใบเสร็จ-พร้อมกันได้ไหม.md
/blog/มีรอยบุบกับรอยขีดข่วน-ราคาต่างกันไหม/,Blog,มีรอยบุบกับรอยขีดข่วน ราคาต่างกันไหม,มีรอยบุบกับรอยขีดข่วน ราคาต่างกันไหม,https://ร้านรับซื้อโน๊ตบุ๊ค.com/blog/มีรอยบุบกับรอยขีดข่วน-ราคาต่างกันไหม/,420,85,TBD,indexable,d5a17f048392b991,2026-05-16T12:25:08.868Z,Blog,Blog,src/content/blog/มีรอยบุบกับรอยขีดข่วน-ราคาต่างกันไหม.md
/blog/รับซื้อ-acer-nitro-predator-ราคาเท่าไหร่/,Blog,,,https://ร้านรับซื้อโน๊ตบุ๊ค.com/blog/รับซื้อ-acer-nitro-predator-ราคาเท่าไหร่/,345,80,TBD,indexable,664627a8ff515b49,2026-07-01T15:14:23.414Z,Blog,Blog,src/content/blog/รับซื้อ-acer-nitro-predator-ราคาเท่าไหร่.md
/blog/รับซื้อ-acer-nitro-v-helios-ราคาเท่าไหร่/,Blog,,,https://ร้านรับซื้อโน๊ตบุ๊ค.com/blog/รับซื้อ-acer-nitro-v-helios-ราคาเท่าไหร่/,186,76,TBD,indexable,9eacd96a9059e1e6,2026-05-23T13:14:19.616Z,Blog,Blog,src/content/blog/รับซื้อ-acer-nitro-v-helios-ราคาเท่าไหร่.md
/blog/รับซื้อ-acer-swift-aspire-ราคาเท่าไหร่/,Blog,,,https://ร้านรับซื้อโน๊ตบุ๊ค.com/blog/รับซื้อ-acer-swift-aspire-ราคาเท่าไหร่/,315,78,TBD,indexable,37eb640e95d07804,2026-07-01T15:14:23.415Z,Blog,Blog,src/content/blog/รับซื้อ-acer-swift-aspire-ราคาเท่าไหร่.md
/blog/รับซื้อ-acer-travelmate-ราคาเท่าไหร่/,Blog,,,https://ร้านรับซื้อโน๊ตบุ๊ค.com/blog/รับซื้อ-acer-travelmate-ราคาเท่าไหร่/,353,78,TBD,indexable,e4d749d01f2a54b8,2026-07-01T15:14:23.415Z,Blog,Blog,src/content/blog/รับซื้อ-acer-travelmate-ราคาเท่าไหร่.md
/blog/รับซื้อ-alienware-m16-x16-ราคาเท่าไหร่/,Blog,,,https://ร้านรับซื้อโน๊ตบุ๊ค.com/blog/รับซื้อ-alienware-m16-x16-ราคาเท่าไหร่/,175,76,TBD,indexable,bae99f19d202f2a6,2026-05-16T04:42:14.039Z,Blog,Blog,src/content/blog/รับซื้อ-alienware-m16-x16-ราคาเท่าไหร่.md
/blog/รับซื้อ-asus-expertbook-ราคาเท่าไหร่/,Blog,,,https://ร้านรับซื้อโน๊ตบุ๊ค.com/blog/รับซื้อ-asus-expertbook-ราคาเท่าไหร่/,345,78,TBD,indexable,d27ed5bca1e42c9d,2026-07-01T15:14:23.415Z,Blog,Blog,src/content/blog/รับซื้อ-asus-expertbook-ราคาเท่าไหร่.md
/blog/รับซื้อ-asus-rog-strix-zephyrus-ราคาเท่าไหร่/,Blog,,,https://ร้านรับซื้อโน๊ตบุ๊ค.com/blog/รับซื้อ-asus-rog-strix-zephyrus-ราคาเท่าไหร่/,282,78,TBD,indexable,ed907d4fc15d450d,2026-05-23T13:14:07.026Z,Blog,Blog,src/content/blog/รับซื้อ-asus-rog-strix-zephyrus-ราคาเท่าไหร่.md
/blog/รับซื้อ-asus-tuf-rog-ราคาเท่าไหร่/,Blog,,,https://ร้านรับซื้อโน๊ตบุ๊ค.com/blog/รับซื้อ-asus-tuf-rog-ราคาเท่าไหร่/,710,92,TBD,indexable,ae2df755a0936297,2026-05-23T13:09:31.137Z,Blog,Blog,src/content/blog/รับซื้อ-asus-tuf-rog-ราคาเท่าไหร่.md
/blog/รับซื้อ-asus-zenbook-vivobook-ราคาเท่าไหร่/,Blog,,,https://ร้านรับซื้อโน๊ตบุ๊ค.com/blog/รับซื้อ-asus-zenbook-vivobook-ราคาเท่าไหร่/,316,80,TBD,indexable,7f06bb893ad7f358,2026-07-01T15:14:23.420Z,Blog,Blog,src/content/blog/รับซื้อ-asus-zenbook-vivobook-ราคาเท่าไหร่.md
/blog/รับซื้อ-dell-alienware-g-series-ราคาเท่าไหร่/,Blog,,,https://ร้านรับซื้อโน๊ตบุ๊ค.com/blog/รับซื้อ-dell-alienware-g-series-ราคาเท่าไหร่/,310,80,TBD,indexable,a2e1f5b4d127a5ff,2026-07-01T15:14:23.420Z,Blog,Blog,src/content/blog/รับซื้อ-dell-alienware-g-series-ราคาเท่าไหร่.md
/blog/รับซื้อ-dell-inspiron-latitude-xps-ราคาเท่าไหร่/,Blog,,,https://ร้านรับซื้อโน๊ตบุ๊ค.com/blog/รับซื้อ-dell-inspiron-latitude-xps-ราคาเท่าไหร่/,185,76,TBD,indexable,ce84957b512da94e,2026-08-08T03:15:04.284Z,Blog,Blog,src/content/blog/รับซื้อ-dell-inspiron-latitude-xps-ราคาเท่าไหร่.md
/blog/รับซื้อ-dell-latitude-xps-ราคาเท่าไหร่/,Blog,,,https://ร้านรับซื้อโน๊ตบุ๊ค.com/blog/รับซื้อ-dell-latitude-xps-ราคาเท่าไหร่/,380,80,TBD,indexable,65a51f656d07ad02,2026-08-08T02:50:35.582Z,Blog,Blog,src/content/blog/รับซื้อ-dell-latitude-xps-ราคาเท่าไหร่.md
/blog/รับซื้อ-dell-vostro-ราคาเท่าไหร่/,Blog,รับซื้อ Dell Vostro ราคาเท่าไหร่,รับซื้อ Dell Vostro ราคาเท่าไหร่,https://ร้านรับซื้อโน๊ตบุ๊ค.com/blog/รับซื้อ-dell-vostro-ราคาเท่าไหร่/,224,80,TBD,indexable,aefd20c86092add3,2026-08-08T03:15:04.291Z,Blog,Blog,src/content/blog/รับซื้อ-dell-vostro-ราคาเท่าไหร่.md
/blog/รับซื้อ-gaming-notebook-rtx-3050-4050-4060-ราคาเท่าไหร่/,Blog,,,https://ร้านรับซื้อโน๊ตบุ๊ค.com/blog/รับซื้อ-gaming-notebook-rtx-3050-4050-4060-ราคาเท่าไหร่/,338,78,TBD,indexable,7c76341d725cbb9a,2026-08-08T02:50:35.583Z,Blog,Blog,src/content/blog/รับซื้อ-gaming-notebook-rtx-3050-4050-4060-ราคาเท่าไหร่.md
/blog/รับซื้อ-gaming-notebook-rtx-4070-4080-4090-ราคาเท่าไหร่/,Blog,,,https://ร้านรับซื้อโน๊ตบุ๊ค.com/blog/รับซื้อ-gaming-notebook-rtx-4070-4080-4090-ราคาเท่าไหร่/,185,76,TBD,indexable,ea9dc2cb4875dbda,2026-05-16T04:42:14.044Z,Blog,Blog,src/content/blog/รับซื้อ-gaming-notebook-rtx-4070-4080-4090-ราคาเท่าไหร่.md
/blog/รับซื้อ-gigabyte-aorus-ราคาเท่าไหร่/,Blog,รับซื้อ Gigabyte Aorus ราคาเท่าไหร่,รับซื้อ Gigabyte Aorus ราคาเท่าไหร่,https://ร้านรับซื้อโน๊ตบุ๊ค.com/blog/รับซื้อ-gigabyte-aorus-ราคาเท่าไหร่/,219,80,TBD,indexable,e72990787aa12b88,2026-08-08T03:15:04.289Z,Blog,Blog,src/content/blog/รับซื้อ-gigabyte-aorus-ราคาเท่าไหร่.md
/blog/รับซื้อ-honor-magicbook-ราคาเท่าไหร่/,Blog,,,https://ร้านรับซื้อโน๊ตบุ๊ค.com/blog/รับซื้อ-honor-magicbook-ราคาเท่าไหร่/,304,80,TBD,indexable,b200a2653e55a82f,2026-07-01T15:14:23.423Z,Blog,Blog,src/content/blog/รับซื้อ-honor-magicbook-ราคาเท่าไหร่.md
/blog/รับซื้อ-hp-elitebook-probook-ราคาเท่าไหร่/,Blog,,,https://ร้านรับซื้อโน๊ตบุ๊ค.com/blog/รับซื้อ-hp-elitebook-probook-ราคาเท่าไหร่/,369,80,TBD,indexable,907d47efcff05318,2026-08-08T02:50:35.584Z,Blog,Blog,src/content/blog/รับซื้อ-hp-elitebook-probook-ราคาเท่าไหร่.md
/blog/รับซื้อ-hp-pavilion-envy-elitebook-probook-ราคาเท่าไหร่/,Blog,,,https://ร้านรับซื้อโน๊ตบุ๊ค.com/blog/รับซื้อ-hp-pavilion-envy-elitebook-probook-ราคาเท่าไหร่/,201,78,TBD,indexable,fea565d96fe4f72a,2026-08-08T03:15:04.286Z,Blog,Blog,src/content/blog/รับซื้อ-hp-pavilion-envy-elitebook-probook-ราคาเท่าไหร่.md
/blog/รับซื้อ-hp-spectre-x360-ราคาเท่าไหร่/,Blog,รับซื้อ HP Spectre x360 ราคาเท่าไหร่,รับซื้อ HP Spectre x360 ราคาเท่าไหร่,https://ร้านรับซื้อโน๊ตบุ๊ค.com/blog/รับซื้อ-hp-spectre-x360-ราคาเท่าไหร่/,223,80,TBD,indexable,c849499c48dc7643,2026-08-08T03:15:04.288Z,Blog,Blog,src/content/blog/รับซื้อ-hp-spectre-x360-ราคาเท่าไหร่.md
/blog/รับซื้อ-hp-victus-15-16-omen-16-ราคาเท่าไหร่/,Blog,,,https://ร้านรับซื้อโน๊ตบุ๊ค.com/blog/รับซื้อ-hp-victus-15-16-omen-16-ราคาเท่าไหร่/,142,76,TBD,indexable,9bb0ef97fad8ef28,2026-05-16T04:42:14.048Z,Blog,Blog,src/content/blog/รับซื้อ-hp-victus-15-16-omen-16-ราคาเท่าไหร่.md
/blog/รับซื้อ-hp-victus-omen-ราคาเท่าไหร่/,Blog,,,https://ร้านรับซื้อโน๊ตบุ๊ค.com/blog/รับซื้อ-hp-victus-omen-ราคาเท่าไหร่/,319,78,TBD,indexable,b3b6a9a372d14f51,2026-07-01T15:14:23.424Z,Blog,Blog,src/content/blog/รับซื้อ-hp-victus-omen-ราคาเท่าไหร่.md
/blog/รับซื้อ-huawei-matebook-ราคาเท่าไหร่/,Blog,,,https://ร้านรับซื้อโน๊ตบุ๊ค.com/blog/รับซื้อ-huawei-matebook-ราคาเท่าไหร่/,328,80,TBD,indexable,52ceee55e6d0826f,2026-07-01T15:14:23.424Z,Blog,Blog,src/content/blog/รับซื้อ-huawei-matebook-ราคาเท่าไหร่.md
/blog/รับซื้อ-lenovo-ideapad-yoga-ราคาเท่าไหร่/,Blog,,,https://ร้านรับซื้อโน๊ตบุ๊ค.com/blog/รับซื้อ-lenovo-ideapad-yoga-ราคาเท่าไหร่/,191,76,TBD,indexable,590e69926b56a028,2026-08-08T03:15:04.285Z,Blog,Blog,src/content/blog/รับซื้อ-lenovo-ideapad-yoga-ราคาเท่าไหร่.md
/blog/รับซื้อ-lenovo-legion-5-pro-ราคาเท่าไหร่/,Blog,,,https://ร้านรับซื้อโน๊ตบุ๊ค.com/blog/รับซื้อ-lenovo-legion-5-pro-ราคาเท่าไหร่/,168,76,TBD,indexable,8467d72a7ee473c3,2026-05-16T04:42:14.048Z,Blog,Blog,src/content/blog/รับซื้อ-lenovo-legion-5-pro-ราคาเท่าไหร่.md
/blog/รับซื้อ-lenovo-legion-loq-ราคาเท่าไหร่/,Blog,,,https://ร้านรับซื้อโน๊ตบุ๊ค.com/blog/รับซื้อ-lenovo-legion-loq-ราคาเท่าไหร่/,203,76,TBD,indexable,5ddd83019f1ae852,2026-05-16T04:42:14.051Z,Blog,Blog,src/content/blog/รับซื้อ-lenovo-legion-loq-ราคาเท่าไหร่.md
/blog/รับซื้อ-lenovo-thinkbook-ราคาเท่าไหร่/,Blog,รับซื้อ Lenovo ThinkBook ราคาเท่าไหร่,รับซื้อ Lenovo ThinkBook ราคาเท่าไหร่,https://ร้านรับซื้อโน๊ตบุ๊ค.com/blog/รับซื้อ-lenovo-thinkbook-ราคาเท่าไหร่/,222,80,TBD,indexable,e65262f3c6d7690d,2026-08-08T03:15:04.290Z,Blog,Blog,src/content/blog/รับซื้อ-lenovo-thinkbook-ราคาเท่าไหร่.md
/blog/รับซื้อ-lg-gram-ราคาเท่าไหร่/,Blog,รับซื้อ LG Gram ราคาเท่าไหร่,รับซื้อ LG Gram ราคาเท่าไหร่,https://ร้านรับซื้อโน๊ตบุ๊ค.com/blog/รับซื้อ-lg-gram-ราคาเท่าไหร่/,225,80,TBD,indexable,47d7c847136125ac,2026-08-08T03:15:04.290Z,Blog,Blog,src/content/blog/รับซื้อ-lg-gram-ราคาเท่าไหร่.md
/blog/รับซื้อ-macbook-air-13-15-ราคาเท่าไหร่/,Blog,,,https://ร้านรับซื้อโน๊ตบุ๊ค.com/blog/รับซื้อ-macbook-air-13-15-ราคาเท่าไหร่/,223,78,TBD,indexable,09097651a16ee89c,2026-08-08T03:13:37.707Z,Blog,Blog,src/content/blog/รับซื้อ-macbook-air-13-15-ราคาเท่าไหร่.md
/blog/รับซื้อ-macbook-air-m1-ราคาเท่าไหร่/,Blog,,,https://ร้านรับซื้อโน๊ตบุ๊ค.com/blog/รับซื้อ-macbook-air-m1-ราคาเท่าไหร่/,763,92,TBD,indexable,1b95290ad8b86180,2026-08-08T02:50:35.585Z,Blog,Blog,src/content/blog/รับซื้อ-macbook-air-m1-ราคาเท่าไหร่.md
/blog/รับซื้อ-macbook-air-m2-ราคาเท่าไหร่/,Blog,,,https://ร้านรับซื้อโน๊ตบุ๊ค.com/blog/รับซื้อ-macbook-air-m2-ราคาเท่าไหร่/,263,78,TBD,indexable,319d899497578529,2026-07-01T15:14:23.424Z,Blog,Blog,src/content/blog/รับซื้อ-macbook-air-m2-ราคาเท่าไหร่.md
/blog/รับซื้อ-macbook-air-m3-ราคาเท่าไหร่/,Blog,,,https://ร้านรับซื้อโน๊ตบุ๊ค.com/blog/รับซื้อ-macbook-air-m3-ราคาเท่าไหร่/,237,72,TBD,indexable,9315c9b4ebec64d3,2026-05-16T04:42:14.051Z,Blog,Blog,src/content/blog/รับซื้อ-macbook-air-m3-ราคาเท่าไหร่.md
/blog/รับซื้อ-macbook-air-m4-ราคาเท่าไหร่/,Blog,,,https://ร้านรับซื้อโน๊ตบุ๊ค.com/blog/รับซื้อ-macbook-air-m4-ราคาเท่าไหร่/,232,72,TBD,indexable,6c016d56ead4264b,2026-08-08T02:50:35.587Z,Blog,Blog,src/content/blog/รับซื้อ-macbook-air-m4-ราคาเท่าไหร่.md
/blog/รับซื้อ-macbook-air-m5-ราคาเท่าไหร่/,Blog,,,https://ร้านรับซื้อโน๊ตบุ๊ค.com/blog/รับซื้อ-macbook-air-m5-ราคาเท่าไหร่/,270,78,TBD,indexable,532bac13d409fcd5,2026-05-16T04:42:14.051Z,Blog,Blog,src/content/blog/รับซื้อ-macbook-air-m5-ราคาเท่าไหร่.md
/blog/รับซื้อ-macbook-pro-14-16-ราคาเท่าไหร่/,Blog,,,https://ร้านรับซื้อโน๊ตบุ๊ค.com/blog/รับซื้อ-macbook-pro-14-16-ราคาเท่าไหร่/,206,76,TBD,indexable,e720c323e6039e07,2026-08-08T03:13:37.707Z,Blog,Blog,src/content/blog/รับซื้อ-macbook-pro-14-16-ราคาเท่าไหร่.md
/blog/รับซื้อ-macbook-pro-m1-ราคาเท่าไหร่/,Blog,,,https://ร้านรับซื้อโน๊ตบุ๊ค.com/blog/รับซื้อ-macbook-pro-m1-ราคาเท่าไหร่/,211,76,TBD,indexable,df67211070356c03,2026-05-16T04:42:14.051Z,Blog,Blog,src/content/blog/รับซื้อ-macbook-pro-m1-ราคาเท่าไหร่.md
/blog/รับซื้อ-macbook-pro-m2-ราคาเท่าไหร่/,Blog,,,https://ร้านรับซื้อโน๊ตบุ๊ค.com/blog/รับซื้อ-macbook-pro-m2-ราคาเท่าไหร่/,208,72,TBD,indexable,c33beb69f3372929,2026-08-08T02:50:35.588Z,Blog,Blog,src/content/blog/รับซื้อ-macbook-pro-m2-ราคาเท่าไหร่.md
/blog/รับซื้อ-macbook-pro-m3-ราคาเท่าไหร่/,Blog,,,https://ร้านรับซื้อโน๊ตบุ๊ค.com/blog/รับซื้อ-macbook-pro-m3-ราคาเท่าไหร่/,205,76,TBD,indexable,32597fcb7994a135,2026-05-16T04:42:14.051Z,Blog,Blog,src/content/blog/รับซื้อ-macbook-pro-m3-ราคาเท่าไหร่.md
/blog/รับซื้อ-macbook-pro-m4-ราคาเท่าไหร่/,Blog,,,https://ร้านรับซื้อโน๊ตบุ๊ค.com/blog/รับซื้อ-macbook-pro-m4-ราคาเท่าไหร่/,213,76,TBD,indexable,2d770b8800f769a3,2026-05-16T04:42:14.051Z,Blog,Blog,src/content/blog/รับซื้อ-macbook-pro-m4-ราคาเท่าไหร่.md
/blog/รับซื้อ-macbook-pro-m5-ราคาเท่าไหร่/,Blog,,,https://ร้านรับซื้อโน๊ตบุ๊ค.com/blog/รับซื้อ-macbook-pro-m5-ราคาเท่าไหร่/,219,76,TBD,indexable,0c8b303656c70444,2026-05-16T04:42:14.051Z,Blog,Blog,src/content/blog/รับซื้อ-macbook-pro-m5-ราคาเท่าไหร่.md
/blog/รับซื้อ-msi-katana-15-cyborg-15-stealth-ราคาเท่าไหร่/,Blog,,,https://ร้านรับซื้อโน๊ตบุ๊ค.com/blog/รับซื้อ-msi-katana-15-cyborg-15-stealth-ราคาเท่าไหร่/,156,76,TBD,indexable,02ee3e488cd5c470,2026-05-16T04:42:14.051Z,Blog,Blog,src/content/blog/รับซื้อ-msi-katana-15-cyborg-15-stealth-ราคาเท่าไหร่.md
/blog/รับซื้อ-msi-katana-cyborg-stealth-raider-ราคาเท่าไหร่/,Blog,,,https://ร้านรับซื้อโน๊ตบุ๊ค.com/blog/รับซื้อ-msi-katana-cyborg-stealth-raider-ราคาเท่าไหร่/,202,76,TBD,indexable,5aa78108b28c1e85,2026-05-16T04:42:14.051Z,Blog,Blog,src/content/blog/รับซื้อ-msi-katana-cyborg-stealth-raider-ราคาเท่าไหร่.md
/blog/รับซื้อ-msi-modern-ราคาเท่าไหร่/,Blog,รับซื้อ MSI Modern ราคาเท่าไหร่,รับซื้อ MSI Modern ราคาเท่าไหร่,https://ร้านรับซื้อโน๊ตบุ๊ค.com/blog/รับซื้อ-msi-modern-ราคาเท่าไหร่/,214,80,TBD,indexable,830ae1abf2f2ea13,2026-08-08T03:15:04.288Z,Blog,Blog,src/content/blog/รับซื้อ-msi-modern-ราคาเท่าไหร่.md
/blog/รับซื้อ-notebook-คู่มือผู้ขายจากสเปกถึงการนัดรับ/,Blog,,,https://ร้านรับซื้อโน๊ตบุ๊ค.com/blog/รับซื้อ-notebook-คู่มือผู้ขายจากสเปกถึงการนัดรับ/,2203,92,TBD,indexable,4a2b0152549087d2,2026-08-08T02:50:35.085Z,Blog,Blog,src/content/blog/รับซื้อ-notebook-คู่มือผู้ขายจากสเปกถึงการนัดรับ.md
/blog/รับซื้อ-razer-blade-ราคาเท่าไหร่/,Blog,รับซื้อ Razer Blade ราคาเท่าไหร่,รับซื้อ Razer Blade ราคาเท่าไหร่,https://ร้านรับซื้อโน๊ตบุ๊ค.com/blog/รับซื้อ-razer-blade-ราคาเท่าไหร่/,222,80,TBD,indexable,9739067fe99418c2,2026-08-08T03:15:04.290Z,Blog,Blog,src/content/blog/รับซื้อ-razer-blade-ราคาเท่าไหร่.md
/blog/รับซื้อ-samsung-galaxy-book-ราคาเท่าไหร่/,Blog,รับซื้อ Samsung Galaxy Book ราคาเท่าไหร่,รับซื้อ Samsung Galaxy Book ราคาเท่าไหร่,https://ร้านรับซื้อโน๊ตบุ๊ค.com/blog/รับซื้อ-samsung-galaxy-book-ราคาเท่าไหร่/,207,80,TBD,indexable,30bfebab99766deb,2026-08-08T03:15:04.286Z,Blog,Blog,src/content/blog/รับซื้อ-samsung-galaxy-book-ราคาเท่าไหร่.md
/blog/รับซื้อ-surface-laptop-go-book-pro-ราคาเท่าไหร่/,Blog,,,https://ร้านรับซื้อโน๊ตบุ๊ค.com/blog/รับซื้อ-surface-laptop-go-book-pro-ราคาเท่าไหร่/,191,76,TBD,indexable,8fbd8dde57ef532a,2026-08-08T03:15:04.285Z,Blog,Blog,src/content/blog/รับซื้อ-surface-laptop-go-book-pro-ราคาเท่าไหร่.md
/blog/รับซื้อ-surface-laptop-pro-ราคาเท่าไหร่/,Blog,,,https://ร้านรับซื้อโน๊ตบุ๊ค.com/blog/รับซื้อ-surface-laptop-pro-ราคาเท่าไหร่/,342,80,TBD,indexable,459a6555602dc1f2,2026-08-08T02:50:35.589Z,Blog,Blog,src/content/blog/รับซื้อ-surface-laptop-pro-ราคาเท่าไหร่.md
/blog/รับซื้อ-thinkpad-x1-carbon-t14-e14-e15-ราคาเท่าไหร่/,Blog,,,https://ร้านรับซื้อโน๊ตบุ๊ค.com/blog/รับซื้อ-thinkpad-x1-carbon-t14-e14-e15-ราคาเท่าไหร่/,354,80,TBD,indexable,f99c72c1bb2b53e3,2026-08-08T02:50:35.589Z,Blog,Blog,src/content/blog/รับซื้อ-thinkpad-x1-carbon-t14-e14-e15-ราคาเท่าไหร่.md
/blog/รับซื้อโน๊ตบุ๊ค-core-i5-i7-ryzen-5-7-ราคาเท่าไหร่/,Blog,,,https://ร้านรับซื้อโน๊ตบุ๊ค.com/blog/รับซื้อโน๊ตบุ๊ค-core-i5-i7-ryzen-5-7-ราคาเท่าไหร่/,934,92,TBD,indexable,d802c8017350da6c,2026-08-08T02:50:35.086Z,Blog,Blog,src/content/blog/รับซื้อโน๊ตบุ๊ค-core-i5-i7-ryzen-5-7-ราคาเท่าไหร่.md
/blog/รับซื้อโน๊ตบุ๊ค-คู่มือครบวงจรสำหรับผู้ขาย/,Blog,,,https://ร้านรับซื้อโน๊ตบุ๊ค.com/blog/รับซื้อโน๊ตบุ๊ค-คู่มือครบวงจรสำหรับผู้ขาย/,2398,92,TBD,indexable,b299bbfc46fe128e,2026-08-08T02:50:35.087Z,Blog,Blog,src/content/blog/รับซื้อโน๊ตบุ๊ค-คู่มือครบวงจรสำหรับผู้ขาย.md
/blog/รับซื้อโน๊ตบุ๊ค-ราคาเท่าไหร่/,Blog,,,https://ร้านรับซื้อโน๊ตบุ๊ค.com/blog/รับซื้อโน๊ตบุ๊ค-ราคาเท่าไหร่/,799,92,TBD,indexable,d9d810e9773169e4,2026-08-08T02:50:35.088Z,Blog,Blog,src/content/blog/รับซื้อโน๊ตบุ๊ค-ราคาเท่าไหร่.md
/blog/รับซื้อโน๊ตบุ๊คมือสอง-คู่มือผู้ขายฉบับลึก/,Blog,,,https://ร้านรับซื้อโน๊ตบุ๊ค.com/blog/รับซื้อโน๊ตบุ๊คมือสอง-คู่มือผู้ขายฉบับลึก/,2219,92,TBD,indexable,4cd191f47ddea15d,2026-08-08T02:50:35.089Z,Blog,Blog,src/content/blog/รับซื้อโน๊ตบุ๊คมือสอง-คู่มือผู้ขายฉบับลึก.md
/blog/รับซื้อโน๊ตบุ๊คออนไลน์-ส่งรูปประเมินราคาผ่านไลน์/,Blog,,,https://ร้านรับซื้อโน๊ตบุ๊ค.com/blog/รับซื้อโน๊ตบุ๊คออนไลน์-ส่งรูปประเมินราคาผ่านไลน์/,227,83,TBD,indexable,841c7a691f1b730c,2026-08-08T01:33:02.289Z,Blog,Blog,src/content/blog/รับซื้อโน๊ตบุ๊คออนไลน์-ส่งรูปประเมินราคาผ่านไลน์.md
/blog/ร้านรับซื้อโน๊ตบุ๊ค-วิธีเลือกร้านที่ปลอดภัยและไม่โดนหลอก/,Blog,,,https://ร้านรับซื้อโน๊ตบุ๊ค.com/blog/ร้านรับซื้อโน๊ตบุ๊ค-วิธีเลือกร้านที่ปลอดภัยและไม่โดนหลอก/,2409,90,TBD,indexable,515727417bd43c3a,2026-08-08T02:50:35.592Z,Blog,Blog,src/content/blog/ร้านรับซื้อโน๊ตบุ๊ค-วิธีเลือกร้านที่ปลอดภัยและไม่โดนหลอก.md
/blog/ร้านรับซื้อโน๊ตบุ๊ค-เช็คราคาโน๊ตบุ๊ค-ประเมินราคา-คีย์หลัก/,Blog,,,https://ร้านรับซื้อโน๊ตบุ๊ค.com/blog/ร้านรับซื้อโน๊ตบุ๊ค-เช็คราคาโน๊ตบุ๊ค-ประเมินราคา-คีย์หลัก/,737,92,TBD,indexable,fd33bef04389c7f1,2026-08-08T02:50:35.091Z,Blog,Blog,src/content/blog/ร้านรับซื้อโน๊ตบุ๊ค-เช็คราคาโน๊ตบุ๊ค-ประเมินราคา-คีย์หลัก.md
/blog/วิธีดูรุ่นโน๊ตบุ๊ค-windows-ก่อนส่งประเมินราคา/,Blog,,,https://ร้านรับซื้อโน๊ตบุ๊ค.com/blog/วิธีดูรุ่นโน๊ตบุ๊ค-windows-ก่อนส่งประเมินราคา/,1020,92,TBD,indexable,0dad8264d4aab1f0,2026-08-08T01:33:02.253Z,Blog,Blog,src/content/blog/วิธีดูรุ่นโน๊ตบุ๊ค-windows-ก่อนส่งประเมินราคา.md
/blog/วิธีดูสเปก-cpu-ram-ssd-ของโน๊ตบุ๊ค/,Blog,,,https://ร้านรับซื้อโน๊ตบุ๊ค.com/blog/วิธีดูสเปก-cpu-ram-ssd-ของโน๊ตบุ๊ค/,1051,92,TBD,indexable,440399080188e2d5,2026-08-08T03:13:37.711Z,Blog,Blog,src/content/blog/วิธีดูสเปก-cpu-ram-ssd-ของโน๊ตบุ๊ค.md
/blog/วิธีเช็คสุขภาพแบตโน๊ตบุ๊ค-windows/,Blog,,,https://ร้านรับซื้อโน๊ตบุ๊ค.com/blog/วิธีเช็คสุขภาพแบตโน๊ตบุ๊ค-windows/,598,89,TBD,indexable,2db6e7feca2e8b55,2026-08-08T02:50:35.092Z,Blog,Blog,src/content/blog/วิธีเช็คสุขภาพแบตโน๊ตบุ๊ค-windows.md
/blog/วิธีเช็คสเปกโน๊ตบุ๊ค-windows-ก่อนขาย/,Blog,,,https://ร้านรับซื้อโน๊ตบุ๊ค.com/blog/วิธีเช็คสเปกโน๊ตบุ๊ค-windows-ก่อนขาย/,180,81,TBD,indexable,673a851bf6753385,2026-08-08T01:33:02.303Z,Blog,Blog,src/content/blog/วิธีเช็คสเปกโน๊ตบุ๊ค-windows-ก่อนขาย.md
/blog/อะไรทำให้ราคาโน๊ตบุ๊คมือสองลดลง/,Blog,,,https://ร้านรับซื้อโน๊ตบุ๊ค.com/blog/อะไรทำให้ราคาโน๊ตบุ๊คมือสองลดลง/,863,92,TBD,indexable,e9bdd987d77a68a3,2026-08-08T01:33:02.279Z,Blog,Blog,src/content/blog/อะไรทำให้ราคาโน๊ตบุ๊คมือสองลดลง.md
/blog/ฮาร์ดดิสก์กับ-ssd-ผลต่อราคารับซื้อโน๊ตบุ๊คมือสอง/,Blog,,,https://ร้านรับซื้อโน๊ตบุ๊ค.com/blog/ฮาร์ดดิสก์กับ-ssd-ผลต่อราคารับซื้อโน๊ตบุ๊คมือสอง/,416,85,TBD,indexable,3575b18f477d6025,2026-08-08T02:50:35.093Z,Blog,Blog,src/content/blog/ฮาร์ดดิสก์กับ-ssd-ผลต่อราคารับซื้อโน๊ตบุ๊คมือสอง.md
/blog/ฮาร์ดดิสก์เสียขายได้ไหม/,Blog,,,https://ร้านรับซื้อโน๊ตบุ๊ค.com/blog/ฮาร์ดดิสก์เสียขายได้ไหม/,427,80,TBD,indexable,5b2e34e6add42a78,2026-08-08T02:50:35.593Z,Blog,Blog,src/content/blog/ฮาร์ดดิสก์เสียขายได้ไหม.md
/blog/เช็คราคาโน๊ตบุ๊ค-ตีราคาโน๊ตบุ๊ค-ประเมินราคา-ต่างกันอย่างไร/,Blog,,,https://ร้านรับซื้อโน๊ตบุ๊ค.com/blog/เช็คราคาโน๊ตบุ๊ค-ตีราคาโน๊ตบุ๊ค-ประเมินราคา-ต่างกันอย่างไร/,2303,92,TBD,indexable,ad1a9444c70c6cf6,2026-08-08T02:50:35.095Z,Blog,Blog,src/content/blog/เช็คราคาโน๊ตบุ๊ค-ตีราคาโน๊ตบุ๊ค-ประเมินราคา-ต่างกันอย่างไร.md
/blog/เช็คลิสต์ถ่ายรูปโน๊ตบุ๊คก่อนส่งประเมินราคา/,Blog,,,https://ร้านรับซื้อโน๊ตบุ๊ค.com/blog/เช็คลิสต์ถ่ายรูปโน๊ตบุ๊คก่อนส่งประเมินราคา/,400,85,TBD,indexable,1aec0b24e653c4ef,2026-08-08T02:50:35.097Z,Blog,Blog,src/content/blog/เช็คลิสต์ถ่ายรูปโน๊ตบุ๊คก่อนส่งประเมินราคา.md
/blog/โน๊ตบุ๊ค-hdmi-เสียขายได้ไหม/,Blog,,,https://ร้านรับซื้อโน๊ตบุ๊ค.com/blog/โน๊ตบุ๊ค-hdmi-เสียขายได้ไหม/,393,80,TBD,indexable,31ff5d5ce8f42c0e,2026-08-08T02:50:35.594Z,Blog,Blog,src/content/blog/โน๊ตบุ๊ค-hdmi-เสียขายได้ไหม.md
/blog/โน๊ตบุ๊คคีย์บอร์ดเสียขายได้ไหม/,Blog,,,https://ร้านรับซื้อโน๊ตบุ๊ค.com/blog/โน๊ตบุ๊คคีย์บอร์ดเสียขายได้ไหม/,562,87,TBD,indexable,3e6e508595acf007,2026-05-16T04:42:14.069Z,Blog,Blog,src/content/blog/โน๊ตบุ๊คคีย์บอร์ดเสียขายได้ไหม.md
/blog/โน๊ตบุ๊คค้างบ่อยขายได้ไหม/,Blog,,,https://ร้านรับซื้อโน๊ตบุ๊ค.com/blog/โน๊ตบุ๊คค้างบ่อยขายได้ไหม/,406,80,TBD,indexable,726f2efe738a7369,2026-08-08T02:50:35.595Z,Blog,Blog,src/content/blog/โน๊ตบุ๊คค้างบ่อยขายได้ไหม.md
/blog/โน๊ตบุ๊คจอกระพริบขายได้ไหม/,Blog,โน๊ตบุ๊คจอกระพริบขายได้ไหม (จอติดบ้างดับบ้าง ภาพสั่น สีเพี้ยน),โน๊ตบุ๊คจอกระพริบขายได้ไหม (จอติดบ้างดับบ้าง ภาพสั่น สีเพี้ยน),https://ร้านรับซื้อโน๊ตบุ๊ค.com/blog/โน๊ตบุ๊คจอกระพริบขายได้ไหม/,507,91,TBD,indexable,4bf9eeefc38d497b,2026-05-16T12:23:08.082Z,Blog,Blog,src/content/blog/โน๊ตบุ๊คจอกระพริบขายได้ไหม.md
/blog/โน๊ตบุ๊คจอฟ้าขายได้ไหม/,Blog,,,https://ร้านรับซื้อโน๊ตบุ๊ค.com/blog/โน๊ตบุ๊คจอฟ้าขายได้ไหม/,371,80,TBD,indexable,07e132a478167361,2026-08-08T02:50:35.596Z,Blog,Blog,src/content/blog/โน๊ตบุ๊คจอฟ้าขายได้ไหม.md
/blog/โน๊ตบุ๊คจอมีเส้นขายได้ไหม/,Blog,โน๊ตบุ๊คจอมีเส้นขายได้ไหม (เส้นแนวตั้ง แนวนอน สีเพี้ยน),โน๊ตบุ๊คจอมีเส้นขายได้ไหม (เส้นแนวตั้ง แนวนอน สีเพี้ยน),https://ร้านรับซื้อโน๊ตบุ๊ค.com/blog/โน๊ตบุ๊คจอมีเส้นขายได้ไหม/,366,87,TBD,indexable,a73a32d68e267d56,2026-05-16T12:38:29.735Z,Blog,Blog,src/content/blog/โน๊ตบุ๊คจอมีเส้นขายได้ไหม.md
/blog/โน๊ตบุ๊คจอแตกยังมีราคาไหม/,Blog,,,https://ร้านรับซื้อโน๊ตบุ๊ค.com/blog/โน๊ตบุ๊คจอแตกยังมีราคาไหม/,2370,92,TBD,indexable,5dc854f754c4d998,2026-08-08T02:50:35.597Z,Blog,Blog,src/content/blog/โน๊ตบุ๊คจอแตกยังมีราคาไหม.md
/blog/โน๊ตบุ๊คจอไม่ติดแต่เครื่องติดขายได้ไหม/,Blog,,,https://ร้านรับซื้อโน๊ตบุ๊ค.com/blog/โน๊ตบุ๊คจอไม่ติดแต่เครื่องติดขายได้ไหม/,342,80,TBD,indexable,f6104d17ba260b92,2026-08-08T02:50:35.598Z,Blog,Blog,src/content/blog/โน๊ตบุ๊คจอไม่ติดแต่เครื่องติดขายได้ไหม.md
/blog/โน๊ตบุ๊คชาร์จไม่เข้า-พอร์ตชาร์จเสียขายได้ไหม/,Blog,,,https://ร้านรับซื้อโน๊ตบุ๊ค.com/blog/โน๊ตบุ๊คชาร์จไม่เข้า-พอร์ตชาร์จเสียขายได้ไหม/,535,89,TBD,indexable,e76f7c7ef6b92f98,2026-07-01T15:14:23.441Z,Blog,Blog,src/content/blog/โน๊ตบุ๊คชาร์จไม่เข้า-พอร์ตชาร์จเสียขายได้ไหม.md
/blog/โน๊ตบุ๊คช่องหูฟังเสียขายได้ไหม/,Blog,,,https://ร้านรับซื้อโน๊ตบุ๊ค.com/blog/โน๊ตบุ๊คช่องหูฟังเสียขายได้ไหม/,367,80,TBD,indexable,e884ca32eebe4cde,2026-08-08T02:50:35.598Z,Blog,Blog,src/content/blog/โน๊ตบุ๊คช่องหูฟังเสียขายได้ไหม.md
/blog/โน๊ตบุ๊คติดรหัส-windows-ขายได้ไหม/,Blog,,,https://ร้านรับซื้อโน๊ตบุ๊ค.com/blog/โน๊ตบุ๊คติดรหัส-windows-ขายได้ไหม/,292,83,TBD,indexable,b9d7622eae1ec1c8,2026-08-08T01:33:02.325Z,Blog,Blog,src/content/blog/โน๊ตบุ๊คติดรหัส-windows-ขายได้ไหม.md
/blog/โน๊ตบุ๊คทัชสกรีนเสียขายได้ไหม/,Blog,,,https://ร้านรับซื้อโน๊ตบุ๊ค.com/blog/โน๊ตบุ๊คทัชสกรีนเสียขายได้ไหม/,367,80,TBD,indexable,b5807a6de515e1bf,2026-08-08T02:50:35.600Z,Blog,Blog,src/content/blog/โน๊ตบุ๊คทัชสกรีนเสียขายได้ไหม.md
/blog/โน๊ตบุ๊คบลูทูธใช้ไม่ได้ขายได้ไหม/,Blog,,,https://ร้านรับซื้อโน๊ตบุ๊ค.com/blog/โน๊ตบุ๊คบลูทูธใช้ไม่ได้ขายได้ไหม/,337,80,TBD,indexable,8ef05f333933c1e1,2026-08-08T02:50:35.601Z,Blog,Blog,src/content/blog/โน๊ตบุ๊คบลูทูธใช้ไม่ได้ขายได้ไหม.md
/blog/โน๊ตบุ๊คบอดี้แตกขายได้ไหม/,Blog,,,https://ร้านรับซื้อโน๊ตบุ๊ค.com/blog/โน๊ตบุ๊คบอดี้แตกขายได้ไหม/,344,80,TBD,indexable,50ca4e4198e7c0e1,2026-08-08T02:50:35.601Z,Blog,Blog,src/content/blog/โน๊ตบุ๊คบอดี้แตกขายได้ไหม.md
/blog/โน๊ตบุ๊คบานพับแตกขายได้ไหม/,Blog,โน๊ตบุ๊คบานพับแตกขายได้ไหม (เปิดปิดฝืด ฝาร้าว ขอบจออ้า),โน๊ตบุ๊คบานพับแตกขายได้ไหม (เปิดปิดฝืด ฝาร้าว ขอบจออ้า),https://ร้านรับซื้อโน๊ตบุ๊ค.com/blog/โน๊ตบุ๊คบานพับแตกขายได้ไหม/,434,87,TBD,indexable,d232c5a5fbc32e3c,2026-05-16T12:23:08.237Z,Blog,Blog,src/content/blog/โน๊ตบุ๊คบานพับแตกขายได้ไหม.md
/blog/โน๊ตบุ๊คบูตวนขายได้ไหม/,Blog,,,https://ร้านรับซื้อโน๊ตบุ๊ค.com/blog/โน๊ตบุ๊คบูตวนขายได้ไหม/,341,80,TBD,indexable,6845798b1dc92c53,2026-08-08T02:50:35.602Z,Blog,Blog,src/content/blog/โน๊ตบุ๊คบูตวนขายได้ไหม.md
/blog/โน๊ตบุ๊คฝาหลังบวมขายได้ไหม/,Blog,,,https://ร้านรับซื้อโน๊ตบุ๊ค.com/blog/โน๊ตบุ๊คฝาหลังบวมขายได้ไหม/,363,80,TBD,indexable,75b7b9683c4bd6b5,2026-08-08T02:50:35.604Z,Blog,Blog,src/content/blog/โน๊ตบุ๊คฝาหลังบวมขายได้ไหม.md
/blog/โน๊ตบุ๊คฝาหลังร้าวขายได้ไหม/,Blog,โน๊ตบุ๊คฝาหลังร้าวขายได้ไหม (ฝาแตก มุมบิ่น โครงแยก),โน๊ตบุ๊คฝาหลังร้าวขายได้ไหม (ฝาแตก มุมบิ่น โครงแยก),https://ร้านรับซื้อโน๊ตบุ๊ค.com/blog/โน๊ตบุ๊คฝาหลังร้าวขายได้ไหม/,390,87,TBD,indexable,09e5dd66f227393c,2026-05-16T12:23:08.382Z,Blog,Blog,src/content/blog/โน๊ตบุ๊คฝาหลังร้าวขายได้ไหม.md
/blog/โน๊ตบุ๊คพอร์ต-type-c-เสียขายได้ไหม/,Blog,,,https://ร้านรับซื้อโน๊ตบุ๊ค.com/blog/โน๊ตบุ๊คพอร์ต-type-c-เสียขายได้ไหม/,370,80,TBD,indexable,73681b27f85cd107,2026-08-08T02:50:35.605Z,Blog,Blog,src/content/blog/โน๊ตบุ๊คพอร์ต-type-c-เสียขายได้ไหม.md
/blog/โน๊ตบุ๊คพอร์ตแลนเสียขายได้ไหม/,Blog,,,https://ร้านรับซื้อโน๊ตบุ๊ค.com/blog/โน๊ตบุ๊คพอร์ตแลนเสียขายได้ไหม/,343,80,TBD,indexable,0b94b85f5fd8ea26,2026-08-08T02:50:35.606Z,Blog,Blog,src/content/blog/โน๊ตบุ๊คพอร์ตแลนเสียขายได้ไหม.md
/blog/โน๊ตบุ๊คพัดลมดังขายได้ไหม/,Blog,,,https://ร้านรับซื้อโน๊ตบุ๊ค.com/blog/โน๊ตบุ๊คพัดลมดังขายได้ไหม/,357,80,TBD,indexable,1c42aa0afd12219e,2026-08-08T02:50:35.606Z,Blog,Blog,src/content/blog/โน๊ตบุ๊คพัดลมดังขายได้ไหม.md
/blog/โน๊ตบุ๊คมีประกันเหลือ-ขายมือสองได้เปรียบเรื่องราคาไหม/,Blog,,,https://ร้านรับซื้อโน๊ตบุ๊ค.com/blog/โน๊ตบุ๊คมีประกันเหลือ-ขายมือสองได้เปรียบเรื่องราคาไหม/,446,85,TBD,indexable,1ef38da5f66180c6,2026-08-08T02:50:35.097Z,Blog,Blog,src/content/blog/โน๊ตบุ๊คมีประกันเหลือ-ขายมือสองได้เปรียบเรื่องราคาไหม.md
/blog/โน๊ตบุ๊ครีสตาร์ทเองขายได้ไหม/,Blog,,,https://ร้านรับซื้อโน๊ตบุ๊ค.com/blog/โน๊ตบุ๊ครีสตาร์ทเองขายได้ไหม/,325,80,TBD,indexable,126d158f91a215f2,2026-08-08T02:50:35.607Z,Blog,Blog,src/content/blog/โน๊ตบุ๊ครีสตาร์ทเองขายได้ไหม.md
/blog/โน๊ตบุ๊คร้อนจัดดับเองขายได้ไหม/,Blog,,,https://ร้านรับซื้อโน๊ตบุ๊ค.com/blog/โน๊ตบุ๊คร้อนจัดดับเองขายได้ไหม/,398,83,TBD,indexable,b1a9c289bd764405,2026-07-01T15:14:23.444Z,Blog,Blog,src/content/blog/โน๊ตบุ๊คร้อนจัดดับเองขายได้ไหม.md
/blog/โน๊ตบุ๊คเปิดไม่ติดขายได้ไหม/,Blog,,,https://ร้านรับซื้อโน๊ตบุ๊ค.com/blog/โน๊ตบุ๊คเปิดไม่ติดขายได้ไหม/,2481,92,TBD,indexable,e20f1fbd46dabab7,2026-08-08T02:50:35.608Z,Blog,Blog,src/content/blog/โน๊ตบุ๊คเปิดไม่ติดขายได้ไหม.md
/blog/โน๊ตบุ๊คเสียขายได้ไหม/,Blog,,,https://ร้านรับซื้อโน๊ตบุ๊ค.com/blog/โน๊ตบุ๊คเสียขายได้ไหม/,997,92,TBD,indexable,a5c9023e4bb9d6f4,2026-08-08T02:50:35.609Z,Blog,Blog,src/content/blog/โน๊ตบุ๊คเสียขายได้ไหม.md
/blog/โน๊ตบุ๊คแบตบวมขายได้ไหม/,Blog,,,https://ร้านรับซื้อโน๊ตบุ๊ค.com/blog/โน๊ตบุ๊คแบตบวมขายได้ไหม/,559,87,TBD,indexable,7b834a78f1cb14ea,2026-05-16T04:42:14.079Z,Blog,Blog,src/content/blog/โน๊ตบุ๊คแบตบวมขายได้ไหม.md
/blog/โน๊ตบุ๊คแบตเสื่อมขายได้ไหม/,Blog,,,https://ร้านรับซื้อโน๊ตบุ๊ค.com/blog/โน๊ตบุ๊คแบตเสื่อมขายได้ไหม/,2466,92,TBD,indexable,e79a3fe452ba65d9,2026-08-08T02:50:35.098Z,Blog,Blog,src/content/blog/โน๊ตบุ๊คแบตเสื่อมขายได้ไหม.md
/blog/โน๊ตบุ๊คโดนน้ำขายได้ไหม/,Blog,โน๊ตบุ๊คโดนน้ำขายได้ไหม (น้ำหก ความชื้นเข้า เปิดติดบ้างไม่ติดบ้าง),โน๊ตบุ๊คโดนน้ำขายได้ไหม (น้ำหก ความชื้นเข้า เปิดติดบ้างไม่ติดบ้าง),https://ร้านรับซื้อโน๊ตบุ๊ค.com/blog/โน๊ตบุ๊คโดนน้ำขายได้ไหม/,424,85,TBD,indexable,12309a2c6f288b0b,2026-05-16T12:23:08.554Z,Blog,Blog,src/content/blog/โน๊ตบุ๊คโดนน้ำขายได้ไหม.md
/blog/โน๊ตบุ๊คไฟไม่เข้าขายได้ไหม/,Blog,,,https://ร้านรับซื้อโน๊ตบุ๊ค.com/blog/โน๊ตบุ๊คไฟไม่เข้าขายได้ไหม/,378,80,TBD,indexable,c46d8c4f17dfea97,2026-08-08T02:50:35.611Z,Blog,Blog,src/content/blog/โน๊ตบุ๊คไฟไม่เข้าขายได้ไหม.md
/blog/โน๊ตบุ๊คไม่มีที่ชาร์จขายได้ไหม/,Blog,,,https://ร้านรับซื้อโน๊ตบุ๊ค.com/blog/โน๊ตบุ๊คไม่มีที่ชาร์จขายได้ไหม/,333,85,TBD,indexable,680f913360c12d18,2026-08-08T03:13:37.707Z,Blog,Blog,src/content/blog/โน๊ตบุ๊คไม่มีที่ชาร์จขายได้ไหม.md
/รับซื้อโน๊ตบุ๊ค/{location}/{brand|condition}/,Noindex combo,generated,generated,self or parent (see route),1059,83,TBD,not_indexable,67a7c3267c124a7f,2026-07-29T16:11:18.966Z,Long-tail geo×topic,Long-tail geo×topic,src/pages/รับซื้อโน๊ตบุ๊ค/[location]/[slug].astro
