Brand,Series,Model,Field,Value,Source path,Verified,Confidence,Used in content
acer,,acer-aspire-5,popularModels_chip,"Aspire 5 Intel",src/content/brands/acer-aspire-5.md,repo_frontmatter,medium,yes
acer,,acer-aspire-5,popularModels_chip,"Aspire 5 Ryzen",src/content/brands/acer-aspire-5.md,repo_frontmatter,medium,yes
acer,,acer-aspire-5,popularModels_chip,Aspire 5 ที่อัปเกรด RAM / SSD แล้ว,src/content/brands/acer-aspire-5.md,repo_frontmatter,medium,yes
acer,,acer-aspire-5,prose_or_frontmatter_mention,AMD Ryzen 3,src/content/brands/acer-aspire-5.md,repo_text,medium_low,yes
acer,,acer-nitro-16,popularModels_chip,"Nitro 16 AN16-41 (AMD Ryzen)",src/content/brands/acer-nitro-16.md,repo_frontmatter,medium,yes
acer,,acer-nitro-16,popularModels_chip,Nitro 16 AN16-51 (Intel Core),src/content/brands/acer-nitro-16.md,repo_frontmatter,medium,yes
acer,,acer-nitro-16,prose_or_frontmatter_mention,Intel Core i7,src/content/brands/acer-nitro-16.md,repo_text,medium_low,yes
acer,,acer-nitro-16,prose_or_frontmatter_mention,AMD Ryzen 7,src/content/brands/acer-nitro-16.md,repo_text,medium_low,yes
acer,,acer-nitro-16,prose_or_frontmatter_mention,RTX 4050,src/content/brands/acer-nitro-16.md,repo_text,medium_low,yes
acer,,acer-nitro-16,prose_or_frontmatter_mention,RTX 4060,src/content/brands/acer-nitro-16.md,repo_text,medium_low,yes
acer,,acer-nitro-16,prose_or_frontmatter_mention,RTX 4070,src/content/brands/acer-nitro-16.md,repo_text,medium_low,yes
acer,,acer-nitro-16,prose_or_frontmatter_mention,RTX 4080,src/content/brands/acer-nitro-16.md,repo_text,medium_low,yes
acer,,acer-nitro-16,prose_or_frontmatter_mention,165Hz,src/content/brands/acer-nitro-16.md,repo_text,medium_low,yes
acer,,acer-nitro-16,prose_or_frontmatter_mention,16 นิ้ว,src/content/brands/acer-nitro-16.md,repo_text,medium_low,yes
acer,,acer-nitro-17,popularModels_chip,"Nitro 17 RTX 4050",src/content/brands/acer-nitro-17.md,repo_frontmatter,medium,yes
acer,,acer-nitro-17,popularModels_chip,"Nitro 17 RTX 4060",src/content/brands/acer-nitro-17.md,repo_frontmatter,medium,yes
acer,,acer-nitro-17,popularModels_chip,Nitro 17 ที่อัปเกรด RAM / SSD แล้ว,src/content/brands/acer-nitro-17.md,repo_frontmatter,medium,yes
acer,,acer-nitro-17,prose_or_frontmatter_mention,RTX 4050,src/content/brands/acer-nitro-17.md,repo_text,medium_low,yes
acer,,acer-nitro-17,prose_or_frontmatter_mention,RTX 4060,src/content/brands/acer-nitro-17.md,repo_text,medium_low,yes
acer,,acer-nitro-17,prose_or_frontmatter_mention,17.3 นิ้ว,src/content/brands/acer-nitro-17.md,repo_text,medium_low,yes
acer,,acer-nitro-v,popularModels_chip,"Nitro V 15 (Intel Core)",src/content/brands/acer-nitro-v.md,repo_frontmatter,medium,yes
acer,,acer-nitro-v,popularModels_chip,Nitro V 16 (AMD Ryzen),src/content/brands/acer-nitro-v.md,repo_frontmatter,medium,yes
acer,,acer-nitro-v,prose_or_frontmatter_mention,Intel Core i5,src/content/brands/acer-nitro-v.md,repo_text,medium_low,yes
acer,,acer-nitro-v,prose_or_frontmatter_mention,AMD Ryzen 5,src/content/brands/acer-nitro-v.md,repo_text,medium_low,yes
acer,,acer-nitro-v,prose_or_frontmatter_mention,RTX 2050,src/content/brands/acer-nitro-v.md,repo_text,medium_low,yes
acer,,acer-nitro-v,prose_or_frontmatter_mention,RTX 3050,src/content/brands/acer-nitro-v.md,repo_text,medium_low,yes
acer,,acer-nitro-v,prose_or_frontmatter_mention,RTX 4050,src/content/brands/acer-nitro-v.md,repo_text,medium_low,yes
acer,,acer-nitro-v,prose_or_frontmatter_mention,RTX 4060,src/content/brands/acer-nitro-v.md,repo_text,medium_low,yes
acer,,acer-nitro-v,prose_or_frontmatter_mention,144Hz,src/content/brands/acer-nitro-v.md,repo_text,medium_low,yes
acer,,acer-nitro-v,prose_or_frontmatter_mention,165Hz,src/content/brands/acer-nitro-v.md,repo_text,medium_low,yes
acer,,acer-nitro-v,prose_or_frontmatter_mention,15.6 นิ้ว,src/content/brands/acer-nitro-v.md,repo_text,medium_low,yes
acer,,acer-nitro-v,prose_or_frontmatter_mention,16 นิ้ว,src/content/brands/acer-nitro-v.md,repo_text,medium_low,yes
acer,,acer-predator-helios,popularModels_chip,"Predator Helios 16",src/content/brands/acer-predator-helios.md,repo_frontmatter,medium,yes
acer,,acer-predator-helios,popularModels_chip,"Predator Helios 18",src/content/brands/acer-predator-helios.md,repo_frontmatter,medium,yes
acer,,acer-predator-helios,popularModels_chip,Predator Helios ที่ใช้ RTX 4070 ขึ้นไป,src/content/brands/acer-predator-helios.md,repo_frontmatter,medium,yes
acer,,acer-predator-helios,prose_or_frontmatter_mention,RTX 4070,src/content/brands/acer-predator-helios.md,repo_text,medium_low,yes
acer,,acer-predator-neo,popularModels_chip,"Predator Helios Neo 16 (Intel Core i5)",src/content/brands/acer-predator-neo.md,repo_frontmatter,medium,yes
acer,,acer-predator-neo,popularModels_chip,Predator Helios Neo 16 (Intel Core i7 / i9),src/content/brands/acer-predator-neo.md,repo_frontmatter,medium,yes
acer,,acer-predator-neo,prose_or_frontmatter_mention,Intel Core i5,src/content/brands/acer-predator-neo.md,repo_text,medium_low,yes
acer,,acer-predator-neo,prose_or_frontmatter_mention,Intel Core i7,src/content/brands/acer-predator-neo.md,repo_text,medium_low,yes
acer,,acer-predator-neo,prose_or_frontmatter_mention,RTX 4050,src/content/brands/acer-predator-neo.md,repo_text,medium_low,yes
acer,,acer-predator-neo,prose_or_frontmatter_mention,RTX 4060,src/content/brands/acer-predator-neo.md,repo_text,medium_low,yes
acer,,acer-predator-neo,prose_or_frontmatter_mention,RTX 4070,src/content/brands/acer-predator-neo.md,repo_text,medium_low,yes
acer,,acer-predator-neo,prose_or_frontmatter_mention,RTX 4080,src/content/brands/acer-predator-neo.md,repo_text,medium_low,yes
acer,,acer-predator-neo,prose_or_frontmatter_mention,165Hz,src/content/brands/acer-predator-neo.md,repo_text,medium_low,yes
acer,,acer-predator-neo,prose_or_frontmatter_mention,240Hz,src/content/brands/acer-predator-neo.md,repo_text,medium_low,yes
acer,,acer-predator-neo,prose_or_frontmatter_mention,16 นิ้ว,src/content/brands/acer-predator-neo.md,repo_text,medium_low,yes
acer,,acer-predator-triton,popularModels_chip,"Predator Triton 14",src/content/brands/acer-predator-triton.md,repo_frontmatter,medium,yes
acer,,acer-predator-triton,popularModels_chip,"Predator Triton 16",src/content/brands/acer-predator-triton.md,repo_frontmatter,medium,yes
acer,,acer-predator-triton,popularModels_chip,Predator Triton ที่ใช้ RTX 4070 ขึ้นไป,src/content/brands/acer-predator-triton.md,repo_frontmatter,medium,yes
acer,,acer-predator-triton,prose_or_frontmatter_mention,RTX 4070,src/content/brands/acer-predator-triton.md,repo_text,medium_low,yes
acer,acer-swift,,popularModels_chip,"Swift 3 / Swift 5",src/content/brands/acer-swift.md,repo_frontmatter,medium,yes
acer,acer-swift,,popularModels_chip,"Swift Go 14 / Go 16",src/content/brands/acer-swift.md,repo_frontmatter,medium,yes
acer,acer-swift,,popularModels_chip,Swift Edge (หน้าจอ OLED บางเบาพิเศษ),src/content/brands/acer-swift.md,repo_frontmatter,medium,yes
acer,acer-swift,,prose_or_frontmatter_mention,Intel Core i5,src/content/brands/acer-swift.md,repo_text,medium_low,yes
acer,acer-swift,,prose_or_frontmatter_mention,AMD Ryzen 5,src/content/brands/acer-swift.md,repo_text,medium_low,yes
acer,acer-swift,,prose_or_frontmatter_mention,14 นิ้ว,src/content/brands/acer-swift.md,repo_text,medium_low,yes
acer,acer-swift,,prose_or_frontmatter_mention,16 นิ้ว,src/content/brands/acer-swift.md,repo_text,medium_low,yes
acer,acer-travelmate,,popularModels_chip,"TravelMate P2 / P4 / P6",src/content/brands/acer-travelmate.md,repo_frontmatter,medium,yes
acer,acer-travelmate,,popularModels_chip,"TravelMate Spin (พับหน้าจอได้)",src/content/brands/acer-travelmate.md,repo_frontmatter,medium,yes
acer,acer-travelmate,,popularModels_chip,TravelMate B Series,src/content/brands/acer-travelmate.md,repo_frontmatter,medium,yes
acer,acer-travelmate,,prose_or_frontmatter_mention,Intel Core i3,src/content/brands/acer-travelmate.md,repo_text,medium_low,yes
acer,acer-travelmate,,prose_or_frontmatter_mention,AMD Ryzen 3,src/content/brands/acer-travelmate.md,repo_text,medium_low,yes
acer,,,popularModels_chip,"Acer Nitro 5 / V15 / Nitro 16",src/content/brands/acer.md,repo_frontmatter,medium,yes
acer,,,popularModels_chip,"Acer Predator Helios / Neo / Triton",src/content/brands/acer.md,repo_frontmatter,medium,yes
acer,,,popularModels_chip,Acer Swift / Aspire,src/content/brands/acer.md,repo_frontmatter,medium,yes
acer,,,prose_or_frontmatter_mention,Intel Core i5,src/content/brands/acer.md,repo_text,medium_low,yes
acer,,,prose_or_frontmatter_mention,AMD Ryzen 5,src/content/brands/acer.md,repo_text,medium_low,yes
acer,,,prose_or_frontmatter_mention,144Hz,src/content/brands/acer.md,repo_text,medium_low,yes
acer,,,prose_or_frontmatter_mention,165Hz,src/content/brands/acer.md,repo_text,medium_low,yes
acer,,,prose_or_frontmatter_mention,60Hz,src/content/brands/acer.md,repo_text,medium_low,yes
dell,,alienware-m15-r7-r8,popularModels_chip,"Alienware m15 R7 RTX 3060",src/content/brands/alienware-m15-r7-r8.md,repo_frontmatter,medium,yes
dell,,alienware-m15-r7-r8,popularModels_chip,"Alienware m15 R7 RTX 3070",src/content/brands/alienware-m15-r7-r8.md,repo_frontmatter,medium,yes
dell,,alienware-m15-r7-r8,popularModels_chip,Alienware m15 R8 RTX 4060 / 4070,src/content/brands/alienware-m15-r7-r8.md,repo_frontmatter,medium,yes
dell,,alienware-m15-r7-r8,prose_or_frontmatter_mention,m1,src/content/brands/alienware-m15-r7-r8.md,repo_text,medium_low,yes
dell,,alienware-m15-r7-r8,prose_or_frontmatter_mention,RTX 3060,src/content/brands/alienware-m15-r7-r8.md,repo_text,medium_low,yes
dell,,alienware-m15-r7-r8,prose_or_frontmatter_mention,RTX 3070,src/content/brands/alienware-m15-r7-r8.md,repo_text,medium_low,yes
dell,,alienware-m15-r7-r8,prose_or_frontmatter_mention,RTX 4060,src/content/brands/alienware-m15-r7-r8.md,repo_text,medium_low,yes
dell,,alienware-m15-r7-r8,prose_or_frontmatter_mention,RTX 3070Ti,src/content/brands/alienware-m15-r7-r8.md,repo_text,medium_low,yes
dell,,alienware-m15-r7-r8,prose_or_frontmatter_mention,RTX 4070,src/content/brands/alienware-m15-r7-r8.md,repo_text,medium_low,yes
dell,,alienware-m16,popularModels_chip,"Alienware m16 RTX 4060",src/content/brands/alienware-m16.md,repo_frontmatter,medium,yes
dell,,alienware-m16,popularModels_chip,"Alienware m16 RTX 4070",src/content/brands/alienware-m16.md,repo_frontmatter,medium,yes
dell,,alienware-m16,popularModels_chip,Alienware m16 RTX 4080 ขึ้นไป,src/content/brands/alienware-m16.md,repo_frontmatter,medium,yes
dell,,alienware-m16,prose_or_frontmatter_mention,m1,src/content/brands/alienware-m16.md,repo_text,medium_low,yes
dell,,alienware-m16,prose_or_frontmatter_mention,RTX 4060,src/content/brands/alienware-m16.md,repo_text,medium_low,yes
dell,,alienware-m16,prose_or_frontmatter_mention,RTX 4070,src/content/brands/alienware-m16.md,repo_text,medium_low,yes
dell,,alienware-m16,prose_or_frontmatter_mention,RTX 4080,src/content/brands/alienware-m16.md,repo_text,medium_low,yes
dell,,alienware-m16,prose_or_frontmatter_mention,16 นิ้ว,src/content/brands/alienware-m16.md,repo_text,medium_low,yes
dell,,alienware-m18,popularModels_chip,"Alienware m18 RTX 4070",src/content/brands/alienware-m18.md,repo_frontmatter,medium,yes
dell,,alienware-m18,popularModels_chip,"Alienware m18 RTX 4080",src/content/brands/alienware-m18.md,repo_frontmatter,medium,yes
dell,,alienware-m18,popularModels_chip,Alienware m18 RTX 4090,src/content/brands/alienware-m18.md,repo_frontmatter,medium,yes
dell,,alienware-m18,prose_or_frontmatter_mention,m1,src/content/brands/alienware-m18.md,repo_text,medium_low,yes
dell,,alienware-m18,prose_or_frontmatter_mention,RTX 4070,src/content/brands/alienware-m18.md,repo_text,medium_low,yes
dell,,alienware-m18,prose_or_frontmatter_mention,RTX 4080,src/content/brands/alienware-m18.md,repo_text,medium_low,yes
dell,,alienware-m18,prose_or_frontmatter_mention,RTX 4090,src/content/brands/alienware-m18.md,repo_text,medium_low,yes
dell,,alienware-m18,prose_or_frontmatter_mention,18 นิ้ว,src/content/brands/alienware-m18.md,repo_text,medium_low,yes
dell,alienware-x16,,popularModels_chip,"Alienware x16 RTX 4070",src/content/brands/alienware-x16.md,repo_frontmatter,medium,yes
dell,alienware-x16,,popularModels_chip,"Alienware x16 RTX 4080",src/content/brands/alienware-x16.md,repo_frontmatter,medium,yes
dell,alienware-x16,,popularModels_chip,Alienware x16 RTX 4090,src/content/brands/alienware-x16.md,repo_frontmatter,medium,yes
dell,alienware-x16,,prose_or_frontmatter_mention,RTX 4070,src/content/brands/alienware-x16.md,repo_text,medium_low,yes
dell,alienware-x16,,prose_or_frontmatter_mention,RTX 4080,src/content/brands/alienware-x16.md,repo_text,medium_low,yes
dell,alienware-x16,,prose_or_frontmatter_mention,RTX 4090,src/content/brands/alienware-x16.md,repo_text,medium_low,yes
dell,alienware-x16,,prose_or_frontmatter_mention,RTX 4060,src/content/brands/alienware-x16.md,repo_text,medium_low,yes
dell,alienware-x16,,prose_or_frontmatter_mention,165Hz,src/content/brands/alienware-x16.md,repo_text,medium_low,yes
dell,alienware-x16,,prose_or_frontmatter_mention,240Hz,src/content/brands/alienware-x16.md,repo_text,medium_low,yes
asus,asus-expertbook,,popularModels_chip,"ExpertBook B1 / B3 / B5",src/content/brands/asus-expertbook.md,repo_frontmatter,medium,yes
asus,asus-expertbook,,popularModels_chip,"ExpertBook B9 (รุ่นบางเบาพิเศษ)",src/content/brands/asus-expertbook.md,repo_frontmatter,medium,yes
asus,asus-expertbook,,popularModels_chip,ExpertBook Essential,src/content/brands/asus-expertbook.md,repo_frontmatter,medium,yes
asus,asus-expertbook,,prose_or_frontmatter_mention,Intel Core i3,src/content/brands/asus-expertbook.md,repo_text,medium_low,yes
asus,asus-expertbook,,prose_or_frontmatter_mention,AMD Ryzen 3,src/content/brands/asus-expertbook.md,repo_text,medium_low,yes
asus,,asus-rog-ally-x,popularModels_chip,"ROG Ally X 1TB",src/content/brands/asus-rog-ally-x.md,repo_frontmatter,medium,yes
asus,,asus-rog-ally-x,popularModels_chip,ROG Ally X พร้อมเคสและอะแดปเตอร์เดิม,src/content/brands/asus-rog-ally-x.md,repo_frontmatter,medium,yes
asus,,asus-rog-ally-x,prose_or_frontmatter_mention,120Hz,src/content/brands/asus-rog-ally-x.md,repo_text,medium_low,yes
asus,,asus-rog-flow,popularModels_chip,"ROG Flow X13",src/content/brands/asus-rog-flow.md,repo_frontmatter,medium,yes
asus,,asus-rog-flow,popularModels_chip,"ROG Flow Z13",src/content/brands/asus-rog-flow.md,repo_frontmatter,medium,yes
asus,,asus-rog-flow,popularModels_chip,ROG Flow X16,src/content/brands/asus-rog-flow.md,repo_frontmatter,medium,yes
asus,,asus-rog-strix,popularModels_chip,"ROG Strix G15 / G16",src/content/brands/asus-rog-strix.md,repo_frontmatter,medium,yes
asus,,asus-rog-strix,popularModels_chip,"ROG Strix G17 / G18",src/content/brands/asus-rog-strix.md,repo_frontmatter,medium,yes
asus,,asus-rog-strix,popularModels_chip,ROG Strix Scar (รุ่นท็อปประสิทธิภาพเต็มประสิทธิภาพ),src/content/brands/asus-rog-strix.md,repo_frontmatter,medium,yes
asus,,asus-rog-strix,prose_or_frontmatter_mention,Intel Core i7,src/content/brands/asus-rog-strix.md,repo_text,medium_low,yes
asus,,asus-rog-strix,prose_or_frontmatter_mention,AMD Ryzen 7,src/content/brands/asus-rog-strix.md,repo_text,medium_low,yes
asus,,asus-rog-strix,prose_or_frontmatter_mention,RTX 3070,src/content/brands/asus-rog-strix.md,repo_text,medium_low,yes
asus,,asus-rog-strix,prose_or_frontmatter_mention,RTX 3080,src/content/brands/asus-rog-strix.md,repo_text,medium_low,yes
asus,,asus-rog-strix,prose_or_frontmatter_mention,RTX 4060,src/content/brands/asus-rog-strix.md,repo_text,medium_low,yes
asus,,asus-rog-strix,prose_or_frontmatter_mention,RTX 4070,src/content/brands/asus-rog-strix.md,repo_text,medium_low,yes
asus,,asus-rog-strix,prose_or_frontmatter_mention,RTX 4080,src/content/brands/asus-rog-strix.md,repo_text,medium_low,yes
asus,,asus-rog-strix,prose_or_frontmatter_mention,RTX 4090,src/content/brands/asus-rog-strix.md,repo_text,medium_low,yes
asus,,asus-rog-strix,prose_or_frontmatter_mention,165Hz,src/content/brands/asus-rog-strix.md,repo_text,medium_low,yes
asus,,asus-rog-strix,prose_or_frontmatter_mention,240Hz,src/content/brands/asus-rog-strix.md,repo_text,medium_low,yes
asus,,asus-rog-strix,prose_or_frontmatter_mention,360Hz,src/content/brands/asus-rog-strix.md,repo_text,medium_low,yes
asus,,asus-rog-strix,prose_or_frontmatter_mention,15.6 นิ้ว,src/content/brands/asus-rog-strix.md,repo_text,medium_low,yes
asus,,asus-rog-strix,prose_or_frontmatter_mention,16 นิ้ว,src/content/brands/asus-rog-strix.md,repo_text,medium_low,yes
asus,,asus-rog-strix,prose_or_frontmatter_mention,17.3 นิ้ว,src/content/brands/asus-rog-strix.md,repo_text,medium_low,yes
asus,,asus-rog-strix,prose_or_frontmatter_mention,18 นิ้ว,src/content/brands/asus-rog-strix.md,repo_text,medium_low,yes
asus,,asus-tuf-a15-f15,popularModels_chip,"TUF Gaming F15 (Intel Core)",src/content/brands/asus-tuf-a15-f15.md,repo_frontmatter,medium,yes
asus,,asus-tuf-a15-f15,popularModels_chip,TUF Gaming A15 (AMD Ryzen),src/content/brands/asus-tuf-a15-f15.md,repo_frontmatter,medium,yes
asus,,asus-tuf-a15-f15,prose_or_frontmatter_mention,Intel Core i5,src/content/brands/asus-tuf-a15-f15.md,repo_text,medium_low,yes
asus,,asus-tuf-a15-f15,prose_or_frontmatter_mention,AMD Ryzen 5,src/content/brands/asus-tuf-a15-f15.md,repo_text,medium_low,yes
asus,,asus-tuf-a15-f15,prose_or_frontmatter_mention,RTX 2060,src/content/brands/asus-tuf-a15-f15.md,repo_text,medium_low,yes
asus,,asus-tuf-a15-f15,prose_or_frontmatter_mention,RTX 3050,src/content/brands/asus-tuf-a15-f15.md,repo_text,medium_low,yes
asus,,asus-tuf-a15-f15,prose_or_frontmatter_mention,RTX 3060,src/content/brands/asus-tuf-a15-f15.md,repo_text,medium_low,yes
asus,,asus-tuf-a15-f15,prose_or_frontmatter_mention,RTX 4050,src/content/brands/asus-tuf-a15-f15.md,repo_text,medium_low,yes
asus,,asus-tuf-a15-f15,prose_or_frontmatter_mention,RTX 4060,src/content/brands/asus-tuf-a15-f15.md,repo_text,medium_low,yes
asus,,asus-tuf-a15-f15,prose_or_frontmatter_mention,GTX 1650,src/content/brands/asus-tuf-a15-f15.md,repo_text,medium_low,yes
asus,,asus-tuf-a15-f15,prose_or_frontmatter_mention,144Hz,src/content/brands/asus-tuf-a15-f15.md,repo_text,medium_low,yes
asus,,asus-tuf-a15-f15,prose_or_frontmatter_mention,240Hz,src/content/brands/asus-tuf-a15-f15.md,repo_text,medium_low,yes
asus,,asus-tuf-a15-f15,prose_or_frontmatter_mention,15.6 นิ้ว,src/content/brands/asus-tuf-a15-f15.md,repo_text,medium_low,yes
asus,asus-vivobook,,popularModels_chip,"Vivobook 14 / 15",src/content/brands/asus-vivobook.md,repo_frontmatter,medium,yes
asus,asus-vivobook,,popularModels_chip,"Vivobook S14 / S15",src/content/brands/asus-vivobook.md,repo_frontmatter,medium,yes
asus,asus-vivobook,,popularModels_chip,Vivobook OLED / Pro,src/content/brands/asus-vivobook.md,repo_frontmatter,medium,yes
asus,asus-vivobook,,prose_or_frontmatter_mention,Intel Core i3,src/content/brands/asus-vivobook.md,repo_text,medium_low,yes
asus,asus-vivobook,,prose_or_frontmatter_mention,AMD Ryzen 3,src/content/brands/asus-vivobook.md,repo_text,medium_low,yes
asus,asus-vivobook,,prose_or_frontmatter_mention,14 นิ้ว,src/content/brands/asus-vivobook.md,repo_text,medium_low,yes
asus,asus-vivobook,,prose_or_frontmatter_mention,15.6 นิ้ว,src/content/brands/asus-vivobook.md,repo_text,medium_low,yes
asus,asus-zenbook,,popularModels_chip,"Zenbook 13 / 14",src/content/brands/asus-zenbook.md,repo_frontmatter,medium,yes
asus,asus-zenbook,,popularModels_chip,"Zenbook Pro / Flip",src/content/brands/asus-zenbook.md,repo_frontmatter,medium,yes
asus,asus-zenbook,,popularModels_chip,Zenbook Duo (สองหน้าจอ),src/content/brands/asus-zenbook.md,repo_frontmatter,medium,yes
asus,asus-zenbook,,prose_or_frontmatter_mention,Intel Core i5,src/content/brands/asus-zenbook.md,repo_text,medium_low,yes
asus,asus-zenbook,,prose_or_frontmatter_mention,AMD Ryzen 5,src/content/brands/asus-zenbook.md,repo_text,medium_low,yes
asus,asus-zephyrus,asus-zephyrus-g14,popularModels_chip,"Zephyrus G14 RTX 4050",src/content/brands/asus-zephyrus-g14.md,repo_frontmatter,medium,yes
asus,asus-zephyrus,asus-zephyrus-g14,popularModels_chip,"Zephyrus G14 RTX 4060",src/content/brands/asus-zephyrus-g14.md,repo_frontmatter,medium,yes
asus,asus-zephyrus,asus-zephyrus-g14,popularModels_chip,Zephyrus G14 ที่อัปเกรด RAM / SSD แล้ว,src/content/brands/asus-zephyrus-g14.md,repo_frontmatter,medium,yes
asus,asus-zephyrus,asus-zephyrus-g14,prose_or_frontmatter_mention,RTX 4050,src/content/brands/asus-zephyrus-g14.md,repo_text,medium_low,yes
asus,asus-zephyrus,asus-zephyrus-g14,prose_or_frontmatter_mention,RTX 4060,src/content/brands/asus-zephyrus-g14.md,repo_text,medium_low,yes
asus,asus-zephyrus,asus-zephyrus-g14,prose_or_frontmatter_mention,RTX 3060,src/content/brands/asus-zephyrus-g14.md,repo_text,medium_low,yes
asus,asus-zephyrus,asus-zephyrus-g16,popularModels_chip,"Zephyrus G16 RTX 4060",src/content/brands/asus-zephyrus-g16.md,repo_frontmatter,medium,yes
asus,asus-zephyrus,asus-zephyrus-g16,popularModels_chip,"Zephyrus G16 RTX 4070",src/content/brands/asus-zephyrus-g16.md,repo_frontmatter,medium,yes
asus,asus-zephyrus,asus-zephyrus-g16,popularModels_chip,Zephyrus G16 จอ 240Hz,src/content/brands/asus-zephyrus-g16.md,repo_frontmatter,medium,yes
asus,asus-zephyrus,asus-zephyrus-g16,prose_or_frontmatter_mention,RTX 4060,src/content/brands/asus-zephyrus-g16.md,repo_text,medium_low,yes
asus,asus-zephyrus,asus-zephyrus-g16,prose_or_frontmatter_mention,RTX 4070,src/content/brands/asus-zephyrus-g16.md,repo_text,medium_low,yes
asus,asus-zephyrus,asus-zephyrus-g16,prose_or_frontmatter_mention,240Hz,src/content/brands/asus-zephyrus-g16.md,repo_text,medium_low,yes
asus,asus-zephyrus,asus-zephyrus-g16,prose_or_frontmatter_mention,16 นิ้ว,src/content/brands/asus-zephyrus-g16.md,repo_text,medium_low,yes
asus,asus-zephyrus,,popularModels_chip,"ROG Zephyrus G14",src/content/brands/asus-zephyrus.md,repo_frontmatter,medium,yes
asus,asus-zephyrus,,popularModels_chip,"ROG Zephyrus G16",src/content/brands/asus-zephyrus.md,repo_frontmatter,medium,yes
asus,asus-zephyrus,,popularModels_chip,ROG Zephyrus Duo (สองหน้าจอ),src/content/brands/asus-zephyrus.md,repo_frontmatter,medium,yes
asus,asus-zephyrus,,prose_or_frontmatter_mention,Intel Core i7,src/content/brands/asus-zephyrus.md,repo_text,medium_low,yes
asus,asus-zephyrus,,prose_or_frontmatter_mention,AMD Ryzen 7,src/content/brands/asus-zephyrus.md,repo_text,medium_low,yes
asus,asus-zephyrus,,prose_or_frontmatter_mention,RTX 3060,src/content/brands/asus-zephyrus.md,repo_text,medium_low,yes
asus,asus-zephyrus,,prose_or_frontmatter_mention,RTX 3070,src/content/brands/asus-zephyrus.md,repo_text,medium_low,yes
asus,asus-zephyrus,,prose_or_frontmatter_mention,RTX 4060,src/content/brands/asus-zephyrus.md,repo_text,medium_low,yes
asus,asus-zephyrus,,prose_or_frontmatter_mention,RTX 4070,src/content/brands/asus-zephyrus.md,repo_text,medium_low,yes
asus,asus-zephyrus,,prose_or_frontmatter_mention,RTX 4080,src/content/brands/asus-zephyrus.md,repo_text,medium_low,yes
asus,asus-zephyrus,,prose_or_frontmatter_mention,RTX 4090,src/content/brands/asus-zephyrus.md,repo_text,medium_low,yes
asus,asus-zephyrus,,prose_or_frontmatter_mention,120Hz,src/content/brands/asus-zephyrus.md,repo_text,medium_low,yes
asus,asus-zephyrus,,prose_or_frontmatter_mention,240Hz,src/content/brands/asus-zephyrus.md,repo_text,medium_low,yes
asus,,,popularModels_chip,"Asus TUF Gaming F15 / A15",src/content/brands/asus.md,repo_frontmatter,medium,yes
asus,,,popularModels_chip,"Asus ROG Strix / Zephyrus",src/content/brands/asus.md,repo_frontmatter,medium,yes
asus,,,popularModels_chip,Asus VivoBook / ZenBook,src/content/brands/asus.md,repo_frontmatter,medium,yes
asus,,,prose_or_frontmatter_mention,RTX 3050,src/content/brands/asus.md,repo_text,medium_low,yes
asus,,,prose_or_frontmatter_mention,RTX 4060,src/content/brands/asus.md,repo_text,medium_low,yes
dell,,dell-g15-g16,popularModels_chip,"Dell G15 RTX 3050 / 4050",src/content/brands/dell-g15-g16.md,repo_frontmatter,medium,yes
dell,,dell-g15-g16,popularModels_chip,"Dell G16 RTX 4060 / 4070",src/content/brands/dell-g15-g16.md,repo_frontmatter,medium,yes
dell,,dell-g15-g16,popularModels_chip,Dell G Series ที่อัปเกรด RAM / SSD แล้ว,src/content/brands/dell-g15-g16.md,repo_frontmatter,medium,yes
dell,,dell-g15-g16,prose_or_frontmatter_mention,RTX 3050,src/content/brands/dell-g15-g16.md,repo_text,medium_low,yes
dell,,dell-g15-g16,prose_or_frontmatter_mention,RTX 4060,src/content/brands/dell-g15-g16.md,repo_text,medium_low,yes
dell,,dell-inspiron-15,popularModels_chip,"Inspiron 15 Intel",src/content/brands/dell-inspiron-15.md,repo_frontmatter,medium,yes
dell,,dell-inspiron-15,popularModels_chip,"Inspiron 15 Ryzen",src/content/brands/dell-inspiron-15.md,repo_frontmatter,medium,yes
dell,,dell-inspiron-15,popularModels_chip,Inspiron 15 ที่อัปเกรด RAM / SSD แล้ว,src/content/brands/dell-inspiron-15.md,repo_frontmatter,medium,yes
dell,dell-latitude,,popularModels_chip,"Latitude 3420 / 3430",src/content/brands/dell-latitude.md,repo_frontmatter,medium,yes
dell,dell-latitude,,popularModels_chip,"Latitude 5420 / 5430",src/content/brands/dell-latitude.md,repo_frontmatter,medium,yes
dell,dell-latitude,,popularModels_chip,Latitude 7420 / 7430,src/content/brands/dell-latitude.md,repo_frontmatter,medium,yes
dell,dell-latitude,,prose_or_frontmatter_mention,Intel Core i3,src/content/brands/dell-latitude.md,repo_text,medium_low,yes
dell,dell-latitude,,prose_or_frontmatter_mention,AMD Ryzen 3,src/content/brands/dell-latitude.md,repo_text,medium_low,yes
dell,dell-vostro,,popularModels_chip,"Vostro 14 / 15",src/content/brands/dell-vostro.md,repo_frontmatter,medium,yes
dell,dell-vostro,,popularModels_chip,"Vostro 3000 ซีรีส์",src/content/brands/dell-vostro.md,repo_frontmatter,medium,yes
dell,dell-vostro,,popularModels_chip,Vostro 5000 ซีรีส์,src/content/brands/dell-vostro.md,repo_frontmatter,medium,yes
dell,dell-vostro,,prose_or_frontmatter_mention,Intel Core i3,src/content/brands/dell-vostro.md,repo_text,medium_low,yes
dell,dell-vostro,,prose_or_frontmatter_mention,AMD Ryzen 3,src/content/brands/dell-vostro.md,repo_text,medium_low,yes
dell,,dell-xps-13-15,popularModels_chip,"XPS 13",src/content/brands/dell-xps-13-15.md,repo_frontmatter,medium,yes
dell,,dell-xps-13-15,popularModels_chip,"XPS 15",src/content/brands/dell-xps-13-15.md,repo_frontmatter,medium,yes
dell,,dell-xps-13-15,popularModels_chip,XPS ที่ใช้จอ 3K / 4K,src/content/brands/dell-xps-13-15.md,repo_frontmatter,medium,yes
dell,,,popularModels_chip,"Dell Latitude / Vostro",src/content/brands/dell.md,repo_frontmatter,medium,yes
dell,,,popularModels_chip,"Dell XPS 13 / 15",src/content/brands/dell.md,repo_frontmatter,medium,yes
dell,,,popularModels_chip,Dell Inspiron 15 / G15,src/content/brands/dell.md,repo_frontmatter,medium,yes
gaming,,,popularModels_chip,"ASUS TUF / ROG",src/content/brands/gaming.md,repo_frontmatter,medium,yes
gaming,,,popularModels_chip,"Acer Nitro / Predator",src/content/brands/gaming.md,repo_frontmatter,medium,yes
gaming,,,popularModels_chip,"Lenovo Legion / LOQ",src/content/brands/gaming.md,repo_frontmatter,medium,yes
gaming,,,popularModels_chip,"MSI Katana / Stealth",src/content/brands/gaming.md,repo_frontmatter,medium,yes
gaming,,,popularModels_chip,HP OMEN / Victus,src/content/brands/gaming.md,repo_frontmatter,medium,yes
gaming,,,prose_or_frontmatter_mention,m1,src/content/brands/gaming.md,repo_text,medium_low,yes
gaming,,,prose_or_frontmatter_mention,RTX 4060,src/content/brands/gaming.md,repo_text,medium_low,yes
gaming,,,prose_or_frontmatter_mention,RTX 4050,src/content/brands/gaming.md,repo_text,medium_low,yes
gaming,,,prose_or_frontmatter_mention,RTX 3060,src/content/brands/gaming.md,repo_text,medium_low,yes
gaming,,,prose_or_frontmatter_mention,RTX 4080,src/content/brands/gaming.md,repo_text,medium_low,yes
gaming,,,prose_or_frontmatter_mention,RTX 3050,src/content/brands/gaming.md,repo_text,medium_low,yes
gaming,,,prose_or_frontmatter_mention,144Hz,src/content/brands/gaming.md,repo_text,medium_low,yes
gaming,,,prose_or_frontmatter_mention,165Hz,src/content/brands/gaming.md,repo_text,medium_low,yes
gaming,,,prose_or_frontmatter_mention,240Hz,src/content/brands/gaming.md,repo_text,medium_low,yes
gigabyte,gigabyte-aorus,,popularModels_chip,"Aorus 15",src/content/brands/gigabyte-aorus.md,repo_frontmatter,medium,yes
gigabyte,gigabyte-aorus,,popularModels_chip,"Aorus 17",src/content/brands/gigabyte-aorus.md,repo_frontmatter,medium,yes
gigabyte,gigabyte-aorus,,popularModels_chip,Aorus ที่ใช้ RTX 4060 / 4070,src/content/brands/gigabyte-aorus.md,repo_frontmatter,medium,yes
gigabyte,gigabyte-aorus,,prose_or_frontmatter_mention,RTX 4060,src/content/brands/gigabyte-aorus.md,repo_text,medium_low,yes
gigabyte,,,popularModels_chip,"Aorus 15",src/content/brands/gigabyte.md,repo_frontmatter,medium,yes
gigabyte,,,popularModels_chip,"Aorus 17",src/content/brands/gigabyte.md,repo_frontmatter,medium,yes
gigabyte,,,popularModels_chip,Aero 14 / 16,src/content/brands/gigabyte.md,repo_frontmatter,medium,yes
honor,honor-magicbook,,popularModels_chip,"MagicBook 14",src/content/brands/honor-magicbook.md,repo_frontmatter,medium,yes
honor,honor-magicbook,,popularModels_chip,"MagicBook 15",src/content/brands/honor-magicbook.md,repo_frontmatter,medium,yes
honor,honor-magicbook,,popularModels_chip,MagicBook X 14,src/content/brands/honor-magicbook.md,repo_frontmatter,medium,yes
honor,,,popularModels_chip,"MagicBook 14",src/content/brands/honor.md,repo_frontmatter,medium,yes
honor,,,popularModels_chip,"MagicBook 15",src/content/brands/honor.md,repo_frontmatter,medium,yes
honor,,,popularModels_chip,MagicBook X,src/content/brands/honor.md,repo_frontmatter,medium,yes
hp,hp-elitebook,,popularModels_chip,"EliteBook 600 ซีรีส์",src/content/brands/hp-elitebook.md,repo_frontmatter,medium,yes
hp,hp-elitebook,,popularModels_chip,"EliteBook 800 ซีรีส์ (840 / 850)",src/content/brands/hp-elitebook.md,repo_frontmatter,medium,yes
hp,hp-elitebook,,popularModels_chip,EliteBook 1000 ซีรีส์ (รุ่นบางเบาพรีเมียม),src/content/brands/hp-elitebook.md,repo_frontmatter,medium,yes
hp,hp-elitebook,,prose_or_frontmatter_mention,Intel Core i5,src/content/brands/hp-elitebook.md,repo_text,medium_low,yes
hp,hp-elitebook,,prose_or_frontmatter_mention,AMD Ryzen 5,src/content/brands/hp-elitebook.md,repo_text,medium_low,yes
hp,,hp-envy-x360,popularModels_chip,"Envy x360 13",src/content/brands/hp-envy-x360.md,repo_frontmatter,medium,yes
hp,,hp-envy-x360,popularModels_chip,"Envy x360 14",src/content/brands/hp-envy-x360.md,repo_frontmatter,medium,yes
hp,,hp-envy-x360,popularModels_chip,Envy x360 15,src/content/brands/hp-envy-x360.md,repo_frontmatter,medium,yes
hp,,hp-envy-x360,prose_or_frontmatter_mention,Intel Core i5,src/content/brands/hp-envy-x360.md,repo_text,medium_low,yes
hp,,hp-omen-16,popularModels_chip,"OMEN 16 RTX 4060",src/content/brands/hp-omen-16.md,repo_frontmatter,medium,yes
hp,,hp-omen-16,popularModels_chip,"OMEN 16 RTX 4070",src/content/brands/hp-omen-16.md,repo_frontmatter,medium,yes
hp,,hp-omen-16,popularModels_chip,OMEN 16 ที่อัปเกรด SSD / RAM แล้ว,src/content/brands/hp-omen-16.md,repo_frontmatter,medium,yes
hp,,hp-omen-16,prose_or_frontmatter_mention,RTX 4060,src/content/brands/hp-omen-16.md,repo_text,medium_low,yes
hp,,hp-omen-16,prose_or_frontmatter_mention,RTX 4070,src/content/brands/hp-omen-16.md,repo_text,medium_low,yes
hp,,hp-omen-16,prose_or_frontmatter_mention,RTX 3060,src/content/brands/hp-omen-16.md,repo_text,medium_low,yes
hp,,hp-omen-16,prose_or_frontmatter_mention,RTX 4050,src/content/brands/hp-omen-16.md,repo_text,medium_low,yes
hp,,hp-omen-17,popularModels_chip,"OMEN 17 RTX 4060",src/content/brands/hp-omen-17.md,repo_frontmatter,medium,yes
hp,,hp-omen-17,popularModels_chip,"OMEN 17 RTX 4070",src/content/brands/hp-omen-17.md,repo_frontmatter,medium,yes
hp,,hp-omen-17,popularModels_chip,OMEN 17 RTX 4080,src/content/brands/hp-omen-17.md,repo_frontmatter,medium,yes
hp,,hp-omen-17,prose_or_frontmatter_mention,RTX 4060,src/content/brands/hp-omen-17.md,repo_text,medium_low,yes
hp,,hp-omen-17,prose_or_frontmatter_mention,RTX 4070,src/content/brands/hp-omen-17.md,repo_text,medium_low,yes
hp,,hp-omen-17,prose_or_frontmatter_mention,RTX 4080,src/content/brands/hp-omen-17.md,repo_text,medium_low,yes
hp,,hp-omen-17,prose_or_frontmatter_mention,RTX 3070,src/content/brands/hp-omen-17.md,repo_text,medium_low,yes
hp,,hp-omen-17,prose_or_frontmatter_mention,17.3 นิ้ว,src/content/brands/hp-omen-17.md,repo_text,medium_low,yes
hp,,hp-omen-transcend,popularModels_chip,"OMEN Transcend 14",src/content/brands/hp-omen-transcend.md,repo_frontmatter,medium,yes
hp,,hp-omen-transcend,popularModels_chip,"OMEN Transcend 16",src/content/brands/hp-omen-transcend.md,repo_frontmatter,medium,yes
hp,,hp-omen-transcend,popularModels_chip,OMEN Transcend RTX 4060 / 4070,src/content/brands/hp-omen-transcend.md,repo_frontmatter,medium,yes
hp,,hp-omen-transcend,prose_or_frontmatter_mention,RTX 4060,src/content/brands/hp-omen-transcend.md,repo_text,medium_low,yes
hp,,hp-omen-transcend,prose_or_frontmatter_mention,14 นิ้ว,src/content/brands/hp-omen-transcend.md,repo_text,medium_low,yes
hp,,hp-omen-transcend,prose_or_frontmatter_mention,16 นิ้ว,src/content/brands/hp-omen-transcend.md,repo_text,medium_low,yes
hp,hp-pavilion,,popularModels_chip,"Pavilion 14 / 15",src/content/brands/hp-pavilion.md,repo_frontmatter,medium,yes
hp,hp-pavilion,,popularModels_chip,"Pavilion x360 (พับหน้าจอได้ 360 องศา)",src/content/brands/hp-pavilion.md,repo_frontmatter,medium,yes
hp,hp-pavilion,,popularModels_chip,Pavilion Aero 13 (รุ่นบางเบาพิเศษ),src/content/brands/hp-pavilion.md,repo_frontmatter,medium,yes
hp,hp-pavilion,,prose_or_frontmatter_mention,Intel Core i3,src/content/brands/hp-pavilion.md,repo_text,medium_low,yes
hp,hp-pavilion,,prose_or_frontmatter_mention,AMD Ryzen 3,src/content/brands/hp-pavilion.md,repo_text,medium_low,yes
hp,hp-pavilion,,prose_or_frontmatter_mention,13.3 นิ้ว,src/content/brands/hp-pavilion.md,repo_text,medium_low,yes
hp,hp-pavilion,,prose_or_frontmatter_mention,14 นิ้ว,src/content/brands/hp-pavilion.md,repo_text,medium_low,yes
hp,hp-pavilion,,prose_or_frontmatter_mention,15.6 นิ้ว,src/content/brands/hp-pavilion.md,repo_text,medium_low,yes
hp,hp-probook,,popularModels_chip,"ProBook 400 ซีรีส์ (440 / 450)",src/content/brands/hp-probook.md,repo_frontmatter,medium,yes
hp,hp-probook,,popularModels_chip,"ProBook 600 ซีรีส์",src/content/brands/hp-probook.md,repo_frontmatter,medium,yes
hp,hp-probook,,popularModels_chip,ProBook x360 (พับหน้าจอได้),src/content/brands/hp-probook.md,repo_frontmatter,medium,yes
hp,hp-probook,,prose_or_frontmatter_mention,Intel Core i3,src/content/brands/hp-probook.md,repo_text,medium_low,yes
hp,hp-probook,,prose_or_frontmatter_mention,AMD Ryzen 3,src/content/brands/hp-probook.md,repo_text,medium_low,yes
hp,,hp-spectre-x360,popularModels_chip,"Spectre x360 13",src/content/brands/hp-spectre-x360.md,repo_frontmatter,medium,yes
hp,,hp-spectre-x360,popularModels_chip,"Spectre x360 14",src/content/brands/hp-spectre-x360.md,repo_frontmatter,medium,yes
hp,,hp-spectre-x360,popularModels_chip,Spectre x360 16,src/content/brands/hp-spectre-x360.md,repo_frontmatter,medium,yes
hp,,hp-spectre-x360,prose_or_frontmatter_mention,Intel Core i5,src/content/brands/hp-spectre-x360.md,repo_text,medium_low,yes
hp,,hp-spectre-x360,prose_or_frontmatter_mention,"13.5""",src/content/brands/hp-spectre-x360.md,repo_text,medium_low,yes
hp,,hp-victus-15,popularModels_chip,"Victus 15 (Intel Core)",src/content/brands/hp-victus-15.md,repo_frontmatter,medium,yes
hp,,hp-victus-15,popularModels_chip,Victus 15 (AMD Ryzen),src/content/brands/hp-victus-15.md,repo_frontmatter,medium,yes
hp,,hp-victus-15,prose_or_frontmatter_mention,Intel Core i5,src/content/brands/hp-victus-15.md,repo_text,medium_low,yes
hp,,hp-victus-15,prose_or_frontmatter_mention,AMD Ryzen 5,src/content/brands/hp-victus-15.md,repo_text,medium_low,yes
hp,,hp-victus-15,prose_or_frontmatter_mention,RTX 3050,src/content/brands/hp-victus-15.md,repo_text,medium_low,yes
hp,,hp-victus-15,prose_or_frontmatter_mention,RTX 4050,src/content/brands/hp-victus-15.md,repo_text,medium_low,yes
hp,,hp-victus-15,prose_or_frontmatter_mention,RTX 4060,src/content/brands/hp-victus-15.md,repo_text,medium_low,yes
hp,,hp-victus-15,prose_or_frontmatter_mention,GTX 1650,src/content/brands/hp-victus-15.md,repo_text,medium_low,yes
hp,,hp-victus-15,prose_or_frontmatter_mention,144Hz,src/content/brands/hp-victus-15.md,repo_text,medium_low,yes
hp,,hp-victus-15,prose_or_frontmatter_mention,15.6 นิ้ว,src/content/brands/hp-victus-15.md,repo_text,medium_low,yes
hp,,hp-victus-16,popularModels_chip,"Victus 16 (Intel Core)",src/content/brands/hp-victus-16.md,repo_frontmatter,medium,yes
hp,,hp-victus-16,popularModels_chip,Victus 16 (AMD Ryzen),src/content/brands/hp-victus-16.md,repo_frontmatter,medium,yes
hp,,hp-victus-16,prose_or_frontmatter_mention,Intel Core i5,src/content/brands/hp-victus-16.md,repo_text,medium_low,yes
hp,,hp-victus-16,prose_or_frontmatter_mention,AMD Ryzen 5,src/content/brands/hp-victus-16.md,repo_text,medium_low,yes
hp,,hp-victus-16,prose_or_frontmatter_mention,RTX 3050,src/content/brands/hp-victus-16.md,repo_text,medium_low,yes
hp,,hp-victus-16,prose_or_frontmatter_mention,RTX 3060,src/content/brands/hp-victus-16.md,repo_text,medium_low,yes
hp,,hp-victus-16,prose_or_frontmatter_mention,RTX 4050,src/content/brands/hp-victus-16.md,repo_text,medium_low,yes
hp,,hp-victus-16,prose_or_frontmatter_mention,RTX 4060,src/content/brands/hp-victus-16.md,repo_text,medium_low,yes
hp,,hp-victus-16,prose_or_frontmatter_mention,RTX 4070,src/content/brands/hp-victus-16.md,repo_text,medium_low,yes
hp,,hp-victus-16,prose_or_frontmatter_mention,144Hz,src/content/brands/hp-victus-16.md,repo_text,medium_low,yes
hp,,hp-victus-16,prose_or_frontmatter_mention,165Hz,src/content/brands/hp-victus-16.md,repo_text,medium_low,yes
hp,,hp-victus-16,prose_or_frontmatter_mention,16.1 นิ้ว,src/content/brands/hp-victus-16.md,repo_text,medium_low,yes
hp,,hp-victus-17,popularModels_chip,"Victus 17 RTX 4050",src/content/brands/hp-victus-17.md,repo_frontmatter,medium,yes
hp,,hp-victus-17,popularModels_chip,"Victus 17 RTX 4060",src/content/brands/hp-victus-17.md,repo_frontmatter,medium,yes
hp,,hp-victus-17,popularModels_chip,Victus 17 ที่อัปเกรด RAM แล้ว,src/content/brands/hp-victus-17.md,repo_frontmatter,medium,yes
hp,,hp-victus-17,prose_or_frontmatter_mention,RTX 4050,src/content/brands/hp-victus-17.md,repo_text,medium_low,yes
hp,,hp-victus-17,prose_or_frontmatter_mention,RTX 4060,src/content/brands/hp-victus-17.md,repo_text,medium_low,yes
hp,,hp-victus-17,prose_or_frontmatter_mention,RTX 3050,src/content/brands/hp-victus-17.md,repo_text,medium_low,yes
hp,,hp-victus-17,prose_or_frontmatter_mention,GTX 1650,src/content/brands/hp-victus-17.md,repo_text,medium_low,yes
hp,,hp-victus-17,prose_or_frontmatter_mention,17.3 นิ้ว,src/content/brands/hp-victus-17.md,repo_text,medium_low,yes
hp,,,popularModels_chip,"HP Victus 15 / 16",src/content/brands/hp.md,repo_frontmatter,medium,yes
hp,,,popularModels_chip,"HP Omen 16 / Transcend",src/content/brands/hp.md,repo_frontmatter,medium,yes
hp,,,popularModels_chip,HP Pavilion / Envy / EliteBook,src/content/brands/hp.md,repo_frontmatter,medium,yes
hp,,,prose_or_frontmatter_mention,144Hz,src/content/brands/hp.md,repo_text,medium_low,yes
hp,,,prose_or_frontmatter_mention,165Hz,src/content/brands/hp.md,repo_text,medium_low,yes
huawei,huawei-matebook,,popularModels_chip,"MateBook D14",src/content/brands/huawei-matebook.md,repo_frontmatter,medium,yes
huawei,huawei-matebook,,popularModels_chip,"MateBook D15",src/content/brands/huawei-matebook.md,repo_frontmatter,medium,yes
huawei,huawei-matebook,,popularModels_chip,MateBook 14,src/content/brands/huawei-matebook.md,repo_frontmatter,medium,yes
huawei,,,popularModels_chip,"Huawei MateBook D14 / D15",src/content/brands/huawei.md,repo_frontmatter,medium,yes
huawei,,,popularModels_chip,"Huawei MateBook 14 / 16",src/content/brands/huawei.md,repo_frontmatter,medium,yes
huawei,,,popularModels_chip,Huawei MateBook X Pro,src/content/brands/huawei.md,repo_frontmatter,medium,yes
lenovo,,lenovo-ideapad-3-5,popularModels_chip,"IdeaPad Slim 3",src/content/brands/lenovo-ideapad-3-5.md,repo_frontmatter,medium,yes
lenovo,,lenovo-ideapad-3-5,popularModels_chip,"IdeaPad Slim 5",src/content/brands/lenovo-ideapad-3-5.md,repo_frontmatter,medium,yes
lenovo,,lenovo-ideapad-3-5,popularModels_chip,IdeaPad 3 / 5 ที่อัปเกรด SSD แล้ว,src/content/brands/lenovo-ideapad-3-5.md,repo_frontmatter,medium,yes
lenovo,,lenovo-legion-5,popularModels_chip,"Legion 5 15 นิ้ว",src/content/brands/lenovo-legion-5.md,repo_frontmatter,medium,yes
lenovo,,lenovo-legion-5,popularModels_chip,"Legion 5 16 นิ้ว",src/content/brands/lenovo-legion-5.md,repo_frontmatter,medium,yes
lenovo,,lenovo-legion-5,popularModels_chip,Legion 5 RTX 4060 / 4070,src/content/brands/lenovo-legion-5.md,repo_frontmatter,medium,yes
lenovo,,lenovo-legion-5,prose_or_frontmatter_mention,Intel Core i7,src/content/brands/lenovo-legion-5.md,repo_text,medium_low,yes
lenovo,,lenovo-legion-5,prose_or_frontmatter_mention,AMD Ryzen 7,src/content/brands/lenovo-legion-5.md,repo_text,medium_low,yes
lenovo,,lenovo-legion-5,prose_or_frontmatter_mention,RTX 4060,src/content/brands/lenovo-legion-5.md,repo_text,medium_low,yes
lenovo,,lenovo-legion-5,prose_or_frontmatter_mention,RTX 3060,src/content/brands/lenovo-legion-5.md,repo_text,medium_low,yes
lenovo,,lenovo-legion-5,prose_or_frontmatter_mention,144Hz,src/content/brands/lenovo-legion-5.md,repo_text,medium_low,yes
lenovo,,lenovo-legion-5,prose_or_frontmatter_mention,165Hz,src/content/brands/lenovo-legion-5.md,repo_text,medium_low,yes
lenovo,,lenovo-legion-5,prose_or_frontmatter_mention,15 นิ้ว,src/content/brands/lenovo-legion-5.md,repo_text,medium_low,yes
lenovo,,lenovo-legion-5,prose_or_frontmatter_mention,16 นิ้ว,src/content/brands/lenovo-legion-5.md,repo_text,medium_low,yes
lenovo,,lenovo-legion-pro-7,popularModels_chip,"Legion Pro 7 RTX 4070",src/content/brands/lenovo-legion-pro-7.md,repo_frontmatter,medium,yes
lenovo,,lenovo-legion-pro-7,popularModels_chip,"Legion Pro 7 RTX 4080",src/content/brands/lenovo-legion-pro-7.md,repo_frontmatter,medium,yes
lenovo,,lenovo-legion-pro-7,popularModels_chip,Legion Pro 7 RTX 4090,src/content/brands/lenovo-legion-pro-7.md,repo_frontmatter,medium,yes
lenovo,,lenovo-legion-pro-7,prose_or_frontmatter_mention,RTX 4070,src/content/brands/lenovo-legion-pro-7.md,repo_text,medium_low,yes
lenovo,,lenovo-legion-pro-7,prose_or_frontmatter_mention,RTX 4080,src/content/brands/lenovo-legion-pro-7.md,repo_text,medium_low,yes
lenovo,,lenovo-legion-pro-7,prose_or_frontmatter_mention,RTX 4090,src/content/brands/lenovo-legion-pro-7.md,repo_text,medium_low,yes
lenovo,,lenovo-legion-pro,popularModels_chip,"Legion Pro 5 / 5i",src/content/brands/lenovo-legion-pro.md,repo_frontmatter,medium,yes
lenovo,,lenovo-legion-pro,popularModels_chip,Legion Pro 7 / 7i (รุ่นพรีเมียมสเปกท็อป),src/content/brands/lenovo-legion-pro.md,repo_frontmatter,medium,yes
lenovo,,lenovo-legion-pro,prose_or_frontmatter_mention,Intel Core i7,src/content/brands/lenovo-legion-pro.md,repo_text,medium_low,yes
lenovo,,lenovo-legion-pro,prose_or_frontmatter_mention,AMD Ryzen 7,src/content/brands/lenovo-legion-pro.md,repo_text,medium_low,yes
lenovo,,lenovo-legion-pro,prose_or_frontmatter_mention,RTX 3070,src/content/brands/lenovo-legion-pro.md,repo_text,medium_low,yes
lenovo,,lenovo-legion-pro,prose_or_frontmatter_mention,RTX 3080,src/content/brands/lenovo-legion-pro.md,repo_text,medium_low,yes
lenovo,,lenovo-legion-pro,prose_or_frontmatter_mention,RTX 4060,src/content/brands/lenovo-legion-pro.md,repo_text,medium_low,yes
lenovo,,lenovo-legion-pro,prose_or_frontmatter_mention,RTX 4070,src/content/brands/lenovo-legion-pro.md,repo_text,medium_low,yes
lenovo,,lenovo-legion-pro,prose_or_frontmatter_mention,RTX 4080,src/content/brands/lenovo-legion-pro.md,repo_text,medium_low,yes
lenovo,,lenovo-legion-pro,prose_or_frontmatter_mention,RTX 4090,src/content/brands/lenovo-legion-pro.md,repo_text,medium_low,yes
lenovo,,lenovo-legion-pro,prose_or_frontmatter_mention,165Hz,src/content/brands/lenovo-legion-pro.md,repo_text,medium_low,yes
lenovo,,lenovo-legion-pro,prose_or_frontmatter_mention,240Hz,src/content/brands/lenovo-legion-pro.md,repo_text,medium_low,yes
lenovo,,lenovo-legion-pro,prose_or_frontmatter_mention,16 นิ้ว,src/content/brands/lenovo-legion-pro.md,repo_text,medium_low,yes
lenovo,,lenovo-legion-slim,popularModels_chip,"Legion Slim 5 / 5i",src/content/brands/lenovo-legion-slim.md,repo_frontmatter,medium,yes
lenovo,,lenovo-legion-slim,popularModels_chip,Legion Slim 7 / 7i (รุ่นพรีเมียมบางเบาสเปกท็อป),src/content/brands/lenovo-legion-slim.md,repo_frontmatter,medium,yes
lenovo,,lenovo-legion-slim,prose_or_frontmatter_mention,Intel Core i7,src/content/brands/lenovo-legion-slim.md,repo_text,medium_low,yes
lenovo,,lenovo-legion-slim,prose_or_frontmatter_mention,AMD Ryzen 7,src/content/brands/lenovo-legion-slim.md,repo_text,medium_low,yes
lenovo,,lenovo-legion-slim,prose_or_frontmatter_mention,RTX 3060,src/content/brands/lenovo-legion-slim.md,repo_text,medium_low,yes
lenovo,,lenovo-legion-slim,prose_or_frontmatter_mention,RTX 4060,src/content/brands/lenovo-legion-slim.md,repo_text,medium_low,yes
lenovo,,lenovo-legion-slim,prose_or_frontmatter_mention,RTX 4070,src/content/brands/lenovo-legion-slim.md,repo_text,medium_low,yes
lenovo,,lenovo-legion-slim,prose_or_frontmatter_mention,165Hz,src/content/brands/lenovo-legion-slim.md,repo_text,medium_low,yes
lenovo,,lenovo-legion-slim,prose_or_frontmatter_mention,14 นิ้ว,src/content/brands/lenovo-legion-slim.md,repo_text,medium_low,yes
lenovo,,lenovo-legion-slim,prose_or_frontmatter_mention,16 นิ้ว,src/content/brands/lenovo-legion-slim.md,repo_text,medium_low,yes
lenovo,,lenovo-loq-15-16,popularModels_chip,"Lenovo LOQ 15 (Intel Core)",src/content/brands/lenovo-loq-15-16.md,repo_frontmatter,medium,yes
lenovo,,lenovo-loq-15-16,popularModels_chip,"Lenovo LOQ 15 (AMD Ryzen)",src/content/brands/lenovo-loq-15-16.md,repo_frontmatter,medium,yes
lenovo,,lenovo-loq-15-16,popularModels_chip,Lenovo LOQ 16 (หน้าจอ 16 นิ้ว),src/content/brands/lenovo-loq-15-16.md,repo_frontmatter,medium,yes
lenovo,,lenovo-loq-15-16,prose_or_frontmatter_mention,Intel Core i5,src/content/brands/lenovo-loq-15-16.md,repo_text,medium_low,yes
lenovo,,lenovo-loq-15-16,prose_or_frontmatter_mention,AMD Ryzen 5,src/content/brands/lenovo-loq-15-16.md,repo_text,medium_low,yes
lenovo,,lenovo-loq-15-16,prose_or_frontmatter_mention,RTX 3050,src/content/brands/lenovo-loq-15-16.md,repo_text,medium_low,yes
lenovo,,lenovo-loq-15-16,prose_or_frontmatter_mention,RTX 4050,src/content/brands/lenovo-loq-15-16.md,repo_text,medium_low,yes
lenovo,,lenovo-loq-15-16,prose_or_frontmatter_mention,RTX 4060,src/content/brands/lenovo-loq-15-16.md,repo_text,medium_low,yes
lenovo,,lenovo-loq-15-16,prose_or_frontmatter_mention,144Hz,src/content/brands/lenovo-loq-15-16.md,repo_text,medium_low,yes
lenovo,,lenovo-loq-15-16,prose_or_frontmatter_mention,165Hz,src/content/brands/lenovo-loq-15-16.md,repo_text,medium_low,yes
lenovo,,lenovo-loq-15-16,prose_or_frontmatter_mention,16 นิ้ว,src/content/brands/lenovo-loq-15-16.md,repo_text,medium_low,yes
lenovo,,lenovo-loq-15-16,prose_or_frontmatter_mention,15.6 นิ้ว,src/content/brands/lenovo-loq-15-16.md,repo_text,medium_low,yes
lenovo,lenovo-thinkbook,,popularModels_chip,"ThinkBook 14 / 15",src/content/brands/lenovo-thinkbook.md,repo_frontmatter,medium,yes
lenovo,lenovo-thinkbook,,popularModels_chip,"ThinkBook Plus (มีสองหน้าจอ)",src/content/brands/lenovo-thinkbook.md,repo_frontmatter,medium,yes
lenovo,lenovo-thinkbook,,popularModels_chip,ThinkBook Yoga (พับหน้าจอได้),src/content/brands/lenovo-thinkbook.md,repo_frontmatter,medium,yes
lenovo,lenovo-thinkbook,,prose_or_frontmatter_mention,Intel Core i3,src/content/brands/lenovo-thinkbook.md,repo_text,medium_low,yes
lenovo,lenovo-thinkbook,,prose_or_frontmatter_mention,AMD Ryzen 3,src/content/brands/lenovo-thinkbook.md,repo_text,medium_low,yes
lenovo,lenovo-yoga,,popularModels_chip,"Yoga 7 / 7i (พับหมุน 360 องศา)",src/content/brands/lenovo-yoga.md,repo_frontmatter,medium,yes
lenovo,lenovo-yoga,,popularModels_chip,"Yoga 9 / 9i (รุ่นพรีเมียมเรือธง)",src/content/brands/lenovo-yoga.md,repo_frontmatter,medium,yes
lenovo,lenovo-yoga,,popularModels_chip,Yoga Slim (ดีไซน์บางเบาไม่พับจอ),src/content/brands/lenovo-yoga.md,repo_frontmatter,medium,yes
lenovo,lenovo-yoga,,prose_or_frontmatter_mention,Intel Core i5,src/content/brands/lenovo-yoga.md,repo_text,medium_low,yes
lenovo,lenovo-yoga,,prose_or_frontmatter_mention,AMD Ryzen 5,src/content/brands/lenovo-yoga.md,repo_text,medium_low,yes
lenovo,,,popularModels_chip,"Lenovo Legion 5 / Pro / Slim",src/content/brands/lenovo.md,repo_frontmatter,medium,yes
lenovo,,,popularModels_chip,"Lenovo LOQ 15 / 16",src/content/brands/lenovo.md,repo_frontmatter,medium,yes
lenovo,,,popularModels_chip,Lenovo ThinkPad / IdeaPad / Yoga,src/content/brands/lenovo.md,repo_frontmatter,medium,yes
lenovo,,,prose_or_frontmatter_mention,RTX 3060,src/content/brands/lenovo.md,repo_text,medium_low,yes
lenovo,,,prose_or_frontmatter_mention,RTX 4060,src/content/brands/lenovo.md,repo_text,medium_low,yes
lenovo,,,prose_or_frontmatter_mention,144Hz,src/content/brands/lenovo.md,repo_text,medium_low,yes
lenovo,,,prose_or_frontmatter_mention,165Hz,src/content/brands/lenovo.md,repo_text,medium_low,yes
lg,lg-gram,,popularModels_chip,"Gram 14",src/content/brands/lg-gram.md,repo_frontmatter,medium,yes
lg,lg-gram,,popularModels_chip,"Gram 16",src/content/brands/lg-gram.md,repo_frontmatter,medium,yes
lg,lg-gram,,popularModels_chip,Gram 17,src/content/brands/lg-gram.md,repo_frontmatter,medium,yes
lg,lg-gram,,prose_or_frontmatter_mention,Intel Core i5,src/content/brands/lg-gram.md,repo_text,medium_low,yes
lg,lg-gram,,prose_or_frontmatter_mention,17 นิ้ว,src/content/brands/lg-gram.md,repo_text,medium_low,yes
lg,,,popularModels_chip,"LG Gram 14",src/content/brands/lg.md,repo_frontmatter,medium,yes
lg,,,popularModels_chip,"LG Gram 16",src/content/brands/lg.md,repo_frontmatter,medium,yes
lg,,,popularModels_chip,LG Gram 17,src/content/brands/lg.md,repo_frontmatter,medium,yes
macbook,,macbook-air-13,popularModels_chip,"MacBook Air 13 M1",src/content/brands/macbook-air-13.md,repo_frontmatter,medium,yes
macbook,,macbook-air-13,popularModels_chip,"MacBook Air 13 M2",src/content/brands/macbook-air-13.md,repo_frontmatter,medium,yes
macbook,,macbook-air-13,popularModels_chip,MacBook Air 13 M3 / M4 / M5,src/content/brands/macbook-air-13.md,repo_frontmatter,medium,yes
macbook,,macbook-air-13,prose_or_frontmatter_mention,M1,src/content/brands/macbook-air-13.md,repo_text,medium_low,yes
macbook,,macbook-air-13,prose_or_frontmatter_mention,M2,src/content/brands/macbook-air-13.md,repo_text,medium_low,yes
macbook,,macbook-air-13,prose_or_frontmatter_mention,M3,src/content/brands/macbook-air-13.md,repo_text,medium_low,yes
macbook,,macbook-air-13,prose_or_frontmatter_mention,M4,src/content/brands/macbook-air-13.md,repo_text,medium_low,yes
macbook,,macbook-air-13,prose_or_frontmatter_mention,M5,src/content/brands/macbook-air-13.md,repo_text,medium_low,yes
macbook,,macbook-air-15,popularModels_chip,"MacBook Air 15 M2",src/content/brands/macbook-air-15.md,repo_frontmatter,medium,yes
macbook,,macbook-air-15,popularModels_chip,"MacBook Air 15 M3",src/content/brands/macbook-air-15.md,repo_frontmatter,medium,yes
macbook,,macbook-air-15,popularModels_chip,MacBook Air 15 M4 / M5,src/content/brands/macbook-air-15.md,repo_frontmatter,medium,yes
macbook,,macbook-air-15,prose_or_frontmatter_mention,M2,src/content/brands/macbook-air-15.md,repo_text,medium_low,yes
macbook,,macbook-air-15,prose_or_frontmatter_mention,M3,src/content/brands/macbook-air-15.md,repo_text,medium_low,yes
macbook,,macbook-air-15,prose_or_frontmatter_mention,M4,src/content/brands/macbook-air-15.md,repo_text,medium_low,yes
macbook,,macbook-air-15,prose_or_frontmatter_mention,M5,src/content/brands/macbook-air-15.md,repo_text,medium_low,yes
macbook,,macbook-air-m1,popularModels_chip,"MacBook Air M1 8GB/256GB",src/content/brands/macbook-air-m1.md,repo_frontmatter,medium,yes
macbook,,macbook-air-m1,popularModels_chip,"MacBook Air M1 8GB/512GB",src/content/brands/macbook-air-m1.md,repo_frontmatter,medium,yes
macbook,,macbook-air-m1,popularModels_chip,MacBook Air M1 16GB/512GB,src/content/brands/macbook-air-m1.md,repo_frontmatter,medium,yes
macbook,,macbook-air-m1,prose_or_frontmatter_mention,Apple M1,src/content/brands/macbook-air-m1.md,repo_text,medium_low,yes
macbook,,macbook-air-m1,prose_or_frontmatter_mention,M1,src/content/brands/macbook-air-m1.md,repo_text,medium_low,yes
macbook,,macbook-air-m1,prose_or_frontmatter_mention,13.3 นิ้ว,src/content/brands/macbook-air-m1.md,repo_text,medium_low,yes
macbook,,macbook-air-m1,prose_or_frontmatter_mention,13 นิ้ว,src/content/brands/macbook-air-m1.md,repo_text,medium_low,yes
macbook,,macbook-air-m2,popularModels_chip,"MacBook Air M2 8GB/256GB",src/content/brands/macbook-air-m2.md,repo_frontmatter,medium,yes
macbook,,macbook-air-m2,popularModels_chip,"MacBook Air M2 8GB/512GB",src/content/brands/macbook-air-m2.md,repo_frontmatter,medium,yes
macbook,,macbook-air-m2,popularModels_chip,MacBook Air M2 16GB/512GB,src/content/brands/macbook-air-m2.md,repo_frontmatter,medium,yes
macbook,,macbook-air-m2,prose_or_frontmatter_mention,Apple M2,src/content/brands/macbook-air-m2.md,repo_text,medium_low,yes
macbook,,macbook-air-m2,prose_or_frontmatter_mention,M2,src/content/brands/macbook-air-m2.md,repo_text,medium_low,yes
macbook,,macbook-air-m2,prose_or_frontmatter_mention,13.6 นิ้ว,src/content/brands/macbook-air-m2.md,repo_text,medium_low,yes
macbook,,macbook-air-m2,prose_or_frontmatter_mention,13 นิ้ว,src/content/brands/macbook-air-m2.md,repo_text,medium_low,yes
macbook,,macbook-air-m2,prose_or_frontmatter_mention,15 นิ้ว,src/content/brands/macbook-air-m2.md,repo_text,medium_low,yes
macbook,,macbook-air-m3,popularModels_chip,"MacBook Air M3 8GB/256GB",src/content/brands/macbook-air-m3.md,repo_frontmatter,medium,yes
macbook,,macbook-air-m3,popularModels_chip,"MacBook Air M3 8GB/512GB",src/content/brands/macbook-air-m3.md,repo_frontmatter,medium,yes
macbook,,macbook-air-m3,popularModels_chip,MacBook Air M3 16GB/512GB,src/content/brands/macbook-air-m3.md,repo_frontmatter,medium,yes
macbook,,macbook-air-m3,prose_or_frontmatter_mention,M3,src/content/brands/macbook-air-m3.md,repo_text,medium_low,yes
macbook,,macbook-air-m3,prose_or_frontmatter_mention,RAM 8GB,src/content/brands/macbook-air-m3.md,repo_text,medium_low,yes
macbook,,macbook-air-m3,prose_or_frontmatter_mention,SSD 256GB,src/content/brands/macbook-air-m3.md,repo_text,medium_low,yes
macbook,,macbook-air-m3,prose_or_frontmatter_mention,13 นิ้ว,src/content/brands/macbook-air-m3.md,repo_text,medium_low,yes
macbook,,macbook-air-m3,prose_or_frontmatter_mention,15 นิ้ว,src/content/brands/macbook-air-m3.md,repo_text,medium_low,yes
macbook,,macbook-air-m4,popularModels_chip,"MacBook Air M4 13 นิ้ว",src/content/brands/macbook-air-m4.md,repo_frontmatter,medium,yes
macbook,,macbook-air-m4,popularModels_chip,"MacBook Air M4 15 นิ้ว",src/content/brands/macbook-air-m4.md,repo_frontmatter,medium,yes
macbook,,macbook-air-m4,popularModels_chip,MacBook Air M4 ความจุ 512GB ขึ้นไป,src/content/brands/macbook-air-m4.md,repo_frontmatter,medium,yes
macbook,,macbook-air-m4,prose_or_frontmatter_mention,M4,src/content/brands/macbook-air-m4.md,repo_text,medium_low,yes
macbook,,macbook-air-m4,prose_or_frontmatter_mention,m4,src/content/brands/macbook-air-m4.md,repo_text,medium_low,yes
macbook,,macbook-air-m4,prose_or_frontmatter_mention,13 นิ้ว,src/content/brands/macbook-air-m4.md,repo_text,medium_low,yes
macbook,,macbook-air-m4,prose_or_frontmatter_mention,15 นิ้ว,src/content/brands/macbook-air-m4.md,repo_text,medium_low,yes
macbook,,macbook-air-m5,popularModels_chip,"MacBook Air M5 13 นิ้ว",src/content/brands/macbook-air-m5.md,repo_frontmatter,medium,yes
macbook,,macbook-air-m5,popularModels_chip,"MacBook Air M5 15 นิ้ว",src/content/brands/macbook-air-m5.md,repo_frontmatter,medium,yes
macbook,,macbook-air-m5,popularModels_chip,MacBook Air M5 ความจุ 512GB ขึ้นไป,src/content/brands/macbook-air-m5.md,repo_frontmatter,medium,yes
macbook,,macbook-air-m5,prose_or_frontmatter_mention,M5,src/content/brands/macbook-air-m5.md,repo_text,medium_low,yes
macbook,,macbook-air-m5,prose_or_frontmatter_mention,m5,src/content/brands/macbook-air-m5.md,repo_text,medium_low,yes
macbook,,macbook-air-m5,prose_or_frontmatter_mention,13 นิ้ว,src/content/brands/macbook-air-m5.md,repo_text,medium_low,yes
macbook,,macbook-air-m5,prose_or_frontmatter_mention,15 นิ้ว,src/content/brands/macbook-air-m5.md,repo_text,medium_low,yes
macbook,,macbook-pro-14,popularModels_chip,"MacBook Pro 14 M1 Pro / Max",src/content/brands/macbook-pro-14.md,repo_frontmatter,medium,yes
macbook,,macbook-pro-14,popularModels_chip,"MacBook Pro 14 M2 Pro / Max",src/content/brands/macbook-pro-14.md,repo_frontmatter,medium,yes
macbook,,macbook-pro-14,popularModels_chip,MacBook Pro 14 M3 / M4 / M5,src/content/brands/macbook-pro-14.md,repo_frontmatter,medium,yes
macbook,,macbook-pro-14,prose_or_frontmatter_mention,M1 Pro,src/content/brands/macbook-pro-14.md,repo_text,medium_low,yes
macbook,,macbook-pro-14,prose_or_frontmatter_mention,M2 Pro,src/content/brands/macbook-pro-14.md,repo_text,medium_low,yes
macbook,,macbook-pro-14,prose_or_frontmatter_mention,M3,src/content/brands/macbook-pro-14.md,repo_text,medium_low,yes
macbook,,macbook-pro-14,prose_or_frontmatter_mention,M4,src/content/brands/macbook-pro-14.md,repo_text,medium_low,yes
macbook,,macbook-pro-14,prose_or_frontmatter_mention,M5,src/content/brands/macbook-pro-14.md,repo_text,medium_low,yes
macbook,,macbook-pro-16,popularModels_chip,"MacBook Pro 16 M1 Pro / Max",src/content/brands/macbook-pro-16.md,repo_frontmatter,medium,yes
macbook,,macbook-pro-16,popularModels_chip,"MacBook Pro 16 M2 Pro / Max",src/content/brands/macbook-pro-16.md,repo_frontmatter,medium,yes
macbook,,macbook-pro-16,popularModels_chip,MacBook Pro 16 M3 / M4 / M5,src/content/brands/macbook-pro-16.md,repo_frontmatter,medium,yes
macbook,,macbook-pro-16,prose_or_frontmatter_mention,M1 Pro,src/content/brands/macbook-pro-16.md,repo_text,medium_low,yes
macbook,,macbook-pro-16,prose_or_frontmatter_mention,M2 Pro,src/content/brands/macbook-pro-16.md,repo_text,medium_low,yes
macbook,,macbook-pro-16,prose_or_frontmatter_mention,M3,src/content/brands/macbook-pro-16.md,repo_text,medium_low,yes
macbook,,macbook-pro-16,prose_or_frontmatter_mention,M4,src/content/brands/macbook-pro-16.md,repo_text,medium_low,yes
macbook,,macbook-pro-16,prose_or_frontmatter_mention,M5,src/content/brands/macbook-pro-16.md,repo_text,medium_low,yes
macbook,,macbook-pro-m1,popularModels_chip,"MacBook Pro 13"" M1 8GB/256GB",src/content/brands/macbook-pro-m1.md,repo_frontmatter,medium,yes
macbook,,macbook-pro-m1,popularModels_chip,"MacBook Pro 13"" M1 8GB/512GB",src/content/brands/macbook-pro-m1.md,repo_frontmatter,medium,yes
macbook,,macbook-pro-m1,popularModels_chip,"MacBook Pro 13"" M1 16GB/512GB",src/content/brands/macbook-pro-m1.md,repo_frontmatter,medium,yes
macbook,,macbook-pro-m1,prose_or_frontmatter_mention,Apple M1,src/content/brands/macbook-pro-m1.md,repo_text,medium_low,yes
macbook,,macbook-pro-m1,prose_or_frontmatter_mention,M1,src/content/brands/macbook-pro-m1.md,repo_text,medium_low,yes
macbook,,macbook-pro-m1,prose_or_frontmatter_mention,"13""",src/content/brands/macbook-pro-m1.md,repo_text,medium_low,yes
macbook,,macbook-pro-m1,prose_or_frontmatter_mention,13.3 นิ้ว,src/content/brands/macbook-pro-m1.md,repo_text,medium_low,yes
macbook,,macbook-pro-m1,prose_or_frontmatter_mention,14 นิ้ว,src/content/brands/macbook-pro-m1.md,repo_text,medium_low,yes
macbook,,macbook-pro-m1,prose_or_frontmatter_mention,16 นิ้ว,src/content/brands/macbook-pro-m1.md,repo_text,medium_low,yes
macbook,,macbook-pro-m2,popularModels_chip,"MacBook Pro 13"" M2 8GB/256GB",src/content/brands/macbook-pro-m2.md,repo_frontmatter,medium,yes
macbook,,macbook-pro-m2,popularModels_chip,"MacBook Pro 13"" M2 8GB/512GB",src/content/brands/macbook-pro-m2.md,repo_frontmatter,medium,yes
macbook,,macbook-pro-m2,popularModels_chip,"MacBook Pro 13"" M2 16GB/512GB",src/content/brands/macbook-pro-m2.md,repo_frontmatter,medium,yes
macbook,,macbook-pro-m2,prose_or_frontmatter_mention,Apple M2,src/content/brands/macbook-pro-m2.md,repo_text,medium_low,yes
macbook,,macbook-pro-m2,prose_or_frontmatter_mention,M2,src/content/brands/macbook-pro-m2.md,repo_text,medium_low,yes
macbook,,macbook-pro-m2,prose_or_frontmatter_mention,"13""",src/content/brands/macbook-pro-m2.md,repo_text,medium_low,yes
macbook,,macbook-pro-m2,prose_or_frontmatter_mention,13.3 นิ้ว,src/content/brands/macbook-pro-m2.md,repo_text,medium_low,yes
macbook,,macbook-pro-m2,prose_or_frontmatter_mention,14 นิ้ว,src/content/brands/macbook-pro-m2.md,repo_text,medium_low,yes
macbook,,macbook-pro-m2,prose_or_frontmatter_mention,16 นิ้ว,src/content/brands/macbook-pro-m2.md,repo_text,medium_low,yes
macbook,,macbook-pro-m3,popularModels_chip,"MacBook Pro 14"" M3 8GB/512GB",src/content/brands/macbook-pro-m3.md,repo_frontmatter,medium,yes
macbook,,macbook-pro-m3,popularModels_chip,"MacBook Pro 14"" M3 Pro 18GB/512GB",src/content/brands/macbook-pro-m3.md,repo_frontmatter,medium,yes
macbook,,macbook-pro-m3,popularModels_chip,"MacBook Pro 16"" M3 Max 36GB/1TB",src/content/brands/macbook-pro-m3.md,repo_frontmatter,medium,yes
macbook,,macbook-pro-m3,prose_or_frontmatter_mention,Apple M3,src/content/brands/macbook-pro-m3.md,repo_text,medium_low,yes
macbook,,macbook-pro-m3,prose_or_frontmatter_mention,M3,src/content/brands/macbook-pro-m3.md,repo_text,medium_low,yes
macbook,,macbook-pro-m3,prose_or_frontmatter_mention,M3 Pro,src/content/brands/macbook-pro-m3.md,repo_text,medium_low,yes
macbook,,macbook-pro-m3,prose_or_frontmatter_mention,M3 Max,src/content/brands/macbook-pro-m3.md,repo_text,medium_low,yes
macbook,,macbook-pro-m3,prose_or_frontmatter_mention,120Hz,src/content/brands/macbook-pro-m3.md,repo_text,medium_low,yes
macbook,,macbook-pro-m3,prose_or_frontmatter_mention,"14""",src/content/brands/macbook-pro-m3.md,repo_text,medium_low,yes
macbook,,macbook-pro-m3,prose_or_frontmatter_mention,"16""",src/content/brands/macbook-pro-m3.md,repo_text,medium_low,yes
macbook,,macbook-pro-m3,prose_or_frontmatter_mention,14 นิ้ว,src/content/brands/macbook-pro-m3.md,repo_text,medium_low,yes
macbook,,macbook-pro-m3,prose_or_frontmatter_mention,16 นิ้ว,src/content/brands/macbook-pro-m3.md,repo_text,medium_low,yes
macbook,,macbook-pro-m3,prose_or_frontmatter_mention,14.2 นิ้ว,src/content/brands/macbook-pro-m3.md,repo_text,medium_low,yes
macbook,,macbook-pro-m3,prose_or_frontmatter_mention,16.2 นิ้ว,src/content/brands/macbook-pro-m3.md,repo_text,medium_low,yes
macbook,,macbook-pro-m4,popularModels_chip,"MacBook Pro 14"" M4 16GB/512GB",src/content/brands/macbook-pro-m4.md,repo_frontmatter,medium,yes
macbook,,macbook-pro-m4,popularModels_chip,"MacBook Pro 14"" M4 Pro 24GB/512GB",src/content/brands/macbook-pro-m4.md,repo_frontmatter,medium,yes
macbook,,macbook-pro-m4,popularModels_chip,"MacBook Pro 16"" M4 Max 36GB/1TB",src/content/brands/macbook-pro-m4.md,repo_frontmatter,medium,yes
macbook,,macbook-pro-m4,prose_or_frontmatter_mention,Apple M4,src/content/brands/macbook-pro-m4.md,repo_text,medium_low,yes
macbook,,macbook-pro-m4,prose_or_frontmatter_mention,M4,src/content/brands/macbook-pro-m4.md,repo_text,medium_low,yes
macbook,,macbook-pro-m4,prose_or_frontmatter_mention,M4 Pro,src/content/brands/macbook-pro-m4.md,repo_text,medium_low,yes
macbook,,macbook-pro-m4,prose_or_frontmatter_mention,M4 Max,src/content/brands/macbook-pro-m4.md,repo_text,medium_low,yes
macbook,,macbook-pro-m4,prose_or_frontmatter_mention,RAM 16GB,src/content/brands/macbook-pro-m4.md,repo_text,medium_low,yes
macbook,,macbook-pro-m4,prose_or_frontmatter_mention,"14""",src/content/brands/macbook-pro-m4.md,repo_text,medium_low,yes
macbook,,macbook-pro-m4,prose_or_frontmatter_mention,"16""",src/content/brands/macbook-pro-m4.md,repo_text,medium_low,yes
macbook,,macbook-pro-m4,prose_or_frontmatter_mention,14 นิ้ว,src/content/brands/macbook-pro-m4.md,repo_text,medium_low,yes
macbook,,macbook-pro-m4,prose_or_frontmatter_mention,16 นิ้ว,src/content/brands/macbook-pro-m4.md,repo_text,medium_low,yes
macbook,,macbook-pro-m4,prose_or_frontmatter_mention,14.2 นิ้ว,src/content/brands/macbook-pro-m4.md,repo_text,medium_low,yes
macbook,,macbook-pro-m4,prose_or_frontmatter_mention,16.2 นิ้ว,src/content/brands/macbook-pro-m4.md,repo_text,medium_low,yes
macbook,,macbook-pro-m5,popularModels_chip,"MacBook Pro 14 นิ้ว M5",src/content/brands/macbook-pro-m5.md,repo_frontmatter,medium,yes
macbook,,macbook-pro-m5,popularModels_chip,"MacBook Pro 16 นิ้ว M5",src/content/brands/macbook-pro-m5.md,repo_frontmatter,medium,yes
macbook,,macbook-pro-m5,popularModels_chip,MacBook Pro M5 ความจุ 1TB ขึ้นไป,src/content/brands/macbook-pro-m5.md,repo_frontmatter,medium,yes
macbook,,macbook-pro-m5,prose_or_frontmatter_mention,M5,src/content/brands/macbook-pro-m5.md,repo_text,medium_low,yes
macbook,,macbook-pro-m5,prose_or_frontmatter_mention,M5 Pro,src/content/brands/macbook-pro-m5.md,repo_text,medium_low,yes
macbook,,macbook-pro-m5,prose_or_frontmatter_mention,M5 Max,src/content/brands/macbook-pro-m5.md,repo_text,medium_low,yes
macbook,,macbook-pro-m5,prose_or_frontmatter_mention,14 นิ้ว,src/content/brands/macbook-pro-m5.md,repo_text,medium_low,yes
macbook,,macbook-pro-m5,prose_or_frontmatter_mention,16 นิ้ว,src/content/brands/macbook-pro-m5.md,repo_text,medium_low,yes
macbook,,,popularModels_chip,"MacBook Air M1 / M2 / M3",src/content/brands/macbook.md,repo_frontmatter,medium,yes
macbook,,,popularModels_chip,"MacBook Pro 14"" / 16"" (M-Series)",src/content/brands/macbook.md,repo_frontmatter,medium,yes
macbook,,,popularModels_chip,"MacBook Pro 13"" (M1/M2)",src/content/brands/macbook.md,repo_frontmatter,medium,yes
macbook,,,prose_or_frontmatter_mention,M1,src/content/brands/macbook.md,repo_text,medium_low,yes
macbook,,,prose_or_frontmatter_mention,M2,src/content/brands/macbook.md,repo_text,medium_low,yes
macbook,,,prose_or_frontmatter_mention,M3,src/content/brands/macbook.md,repo_text,medium_low,yes
macbook,,,prose_or_frontmatter_mention,m1,src/content/brands/macbook.md,repo_text,medium_low,yes
macbook,,,prose_or_frontmatter_mention,m2,src/content/brands/macbook.md,repo_text,medium_low,yes
macbook,,,prose_or_frontmatter_mention,m3,src/content/brands/macbook.md,repo_text,medium_low,yes
macbook,,,prose_or_frontmatter_mention,M4,src/content/brands/macbook.md,repo_text,medium_low,yes
macbook,,,prose_or_frontmatter_mention,m4,src/content/brands/macbook.md,repo_text,medium_low,yes
macbook,,,prose_or_frontmatter_mention,M5,src/content/brands/macbook.md,repo_text,medium_low,yes
macbook,,,prose_or_frontmatter_mention,m5,src/content/brands/macbook.md,repo_text,medium_low,yes
macbook,,,prose_or_frontmatter_mention,RAM 16GB,src/content/brands/macbook.md,repo_text,medium_low,yes
macbook,,,prose_or_frontmatter_mention,SSD 512GB,src/content/brands/macbook.md,repo_text,medium_low,yes
macbook,,,prose_or_frontmatter_mention,"14""",src/content/brands/macbook.md,repo_text,medium_low,yes
macbook,,,prose_or_frontmatter_mention,"16""",src/content/brands/macbook.md,repo_text,medium_low,yes
macbook,,,prose_or_frontmatter_mention,"13""",src/content/brands/macbook.md,repo_text,medium_low,yes
macbook,,,prose_or_frontmatter_mention,13 นิ้ว,src/content/brands/macbook.md,repo_text,medium_low,yes
macbook,,,prose_or_frontmatter_mention,15 นิ้ว,src/content/brands/macbook.md,repo_text,medium_low,yes
macbook,,,prose_or_frontmatter_mention,14 นิ้ว,src/content/brands/macbook.md,repo_text,medium_low,yes
macbook,,,prose_or_frontmatter_mention,16 นิ้ว,src/content/brands/macbook.md,repo_text,medium_low,yes
msi,,msi-cyborg-15,popularModels_chip,"Cyborg 15 RTX 4050",src/content/brands/msi-cyborg-15.md,repo_frontmatter,medium,yes
msi,,msi-cyborg-15,popularModels_chip,"Cyborg 15 RTX 4060",src/content/brands/msi-cyborg-15.md,repo_frontmatter,medium,yes
msi,,msi-cyborg-15,popularModels_chip,Cyborg 15 ที่อัปเกรด RAM / SSD แล้ว,src/content/brands/msi-cyborg-15.md,repo_frontmatter,medium,yes
msi,,msi-cyborg-15,prose_or_frontmatter_mention,RTX 4050,src/content/brands/msi-cyborg-15.md,repo_text,medium_low,yes
msi,,msi-cyborg-15,prose_or_frontmatter_mention,RTX 4060,src/content/brands/msi-cyborg-15.md,repo_text,medium_low,yes
msi,,msi-katana-15,popularModels_chip,"Katana 15 RTX 4050",src/content/brands/msi-katana-15.md,repo_frontmatter,medium,yes
msi,,msi-katana-15,popularModels_chip,"Katana 15 RTX 4060",src/content/brands/msi-katana-15.md,repo_frontmatter,medium,yes
msi,,msi-katana-15,popularModels_chip,Katana 15 ที่อัปเกรด RAM / SSD แล้ว,src/content/brands/msi-katana-15.md,repo_frontmatter,medium,yes
msi,,msi-katana-15,prose_or_frontmatter_mention,RTX 4050,src/content/brands/msi-katana-15.md,repo_text,medium_low,yes
msi,,msi-katana-15,prose_or_frontmatter_mention,RTX 4060,src/content/brands/msi-katana-15.md,repo_text,medium_low,yes
msi,msi-modern,,popularModels_chip,"Modern 14 (C11M / C12M / C13M)",src/content/brands/msi-modern.md,repo_frontmatter,medium,yes
msi,msi-modern,,popularModels_chip,Modern 15 (B11M / B12M / B13M),src/content/brands/msi-modern.md,repo_frontmatter,medium,yes
msi,msi-modern,,prose_or_frontmatter_mention,Intel Core i3,src/content/brands/msi-modern.md,repo_text,medium_low,yes
msi,msi-modern,,prose_or_frontmatter_mention,AMD Ryzen 5,src/content/brands/msi-modern.md,repo_text,medium_low,yes
msi,msi-modern,,prose_or_frontmatter_mention,14 นิ้ว,src/content/brands/msi-modern.md,repo_text,medium_low,yes
msi,msi-modern,,prose_or_frontmatter_mention,15.6 นิ้ว,src/content/brands/msi-modern.md,repo_text,medium_low,yes
msi,,msi-raider-18,popularModels_chip,"Raider 18 RTX 4080",src/content/brands/msi-raider-18.md,repo_frontmatter,medium,yes
msi,,msi-raider-18,popularModels_chip,"Raider 18 RTX 4090",src/content/brands/msi-raider-18.md,repo_frontmatter,medium,yes
msi,,msi-raider-18,popularModels_chip,Raider 18 ที่อัปเกรด SSD เพิ่ม,src/content/brands/msi-raider-18.md,repo_frontmatter,medium,yes
msi,,msi-raider-18,prose_or_frontmatter_mention,RTX 4080,src/content/brands/msi-raider-18.md,repo_text,medium_low,yes
msi,,msi-raider-18,prose_or_frontmatter_mention,RTX 4090,src/content/brands/msi-raider-18.md,repo_text,medium_low,yes
msi,,msi-stealth-14,popularModels_chip,"Stealth 14 RTX 4060",src/content/brands/msi-stealth-14.md,repo_frontmatter,medium,yes
msi,,msi-stealth-14,popularModels_chip,"Stealth 14 RTX 4070",src/content/brands/msi-stealth-14.md,repo_frontmatter,medium,yes
msi,,msi-stealth-14,popularModels_chip,Stealth 14 Studio,src/content/brands/msi-stealth-14.md,repo_frontmatter,medium,yes
msi,,msi-stealth-14,prose_or_frontmatter_mention,RTX 4060,src/content/brands/msi-stealth-14.md,repo_text,medium_low,yes
msi,,msi-stealth-14,prose_or_frontmatter_mention,RTX 4070,src/content/brands/msi-stealth-14.md,repo_text,medium_low,yes
msi,,msi-stealth-16,popularModels_chip,"Stealth 16 RTX 4060",src/content/brands/msi-stealth-16.md,repo_frontmatter,medium,yes
msi,,msi-stealth-16,popularModels_chip,"Stealth 16 RTX 4070",src/content/brands/msi-stealth-16.md,repo_frontmatter,medium,yes
msi,,msi-stealth-16,popularModels_chip,Stealth 16 Studio,src/content/brands/msi-stealth-16.md,repo_frontmatter,medium,yes
msi,,msi-stealth-16,prose_or_frontmatter_mention,RTX 4060,src/content/brands/msi-stealth-16.md,repo_text,medium_low,yes
msi,,msi-stealth-16,prose_or_frontmatter_mention,RTX 4070,src/content/brands/msi-stealth-16.md,repo_text,medium_low,yes
msi,,msi-vector-16-hx,popularModels_chip,"Vector 16 HX RTX 4070",src/content/brands/msi-vector-16-hx.md,repo_frontmatter,medium,yes
msi,,msi-vector-16-hx,popularModels_chip,"Vector 16 HX RTX 4080",src/content/brands/msi-vector-16-hx.md,repo_frontmatter,medium,yes
msi,,msi-vector-16-hx,popularModels_chip,Vector 16 HX ที่ใช้จอ QHD,src/content/brands/msi-vector-16-hx.md,repo_frontmatter,medium,yes
msi,,msi-vector-16-hx,prose_or_frontmatter_mention,RTX 4070,src/content/brands/msi-vector-16-hx.md,repo_text,medium_low,yes
msi,,msi-vector-16-hx,prose_or_frontmatter_mention,RTX 4080,src/content/brands/msi-vector-16-hx.md,repo_text,medium_low,yes
msi,,,popularModels_chip,"MSI Katana 15 / Cyborg 15",src/content/brands/msi.md,repo_frontmatter,medium,yes
msi,,,popularModels_chip,"MSI Raider 18 / Vector 16",src/content/brands/msi.md,repo_frontmatter,medium,yes
msi,,,popularModels_chip,MSI Stealth 14 / 16 / Modern,src/content/brands/msi.md,repo_frontmatter,medium,yes
msi,,,prose_or_frontmatter_mention,144Hz,src/content/brands/msi.md,repo_text,medium_low,yes
msi,,,prose_or_frontmatter_mention,165Hz,src/content/brands/msi.md,repo_text,medium_low,yes
razer,razer-blade,,popularModels_chip,"Blade 14",src/content/brands/razer-blade.md,repo_frontmatter,medium,yes
razer,razer-blade,,popularModels_chip,"Blade 15",src/content/brands/razer-blade.md,repo_frontmatter,medium,yes
razer,razer-blade,,popularModels_chip,Blade 16,src/content/brands/razer-blade.md,repo_frontmatter,medium,yes
razer,,,popularModels_chip,"Razer Blade 14",src/content/brands/razer.md,repo_frontmatter,medium,yes
razer,,,popularModels_chip,"Razer Blade 15",src/content/brands/razer.md,repo_frontmatter,medium,yes
razer,,,popularModels_chip,Razer Blade 16,src/content/brands/razer.md,repo_frontmatter,medium,yes
samsung,,samsung-galaxy-book,popularModels_chip,Galaxy Book 2,src/content/brands/samsung-galaxy-book.md,repo_frontmatter,medium,yes
samsung,,samsung-galaxy-book,popularModels_chip,Galaxy Book 3,src/content/brands/samsung-galaxy-book.md,repo_frontmatter,medium,yes
samsung,,samsung-galaxy-book,popularModels_chip,Galaxy Book Pro,src/content/brands/samsung-galaxy-book.md,repo_frontmatter,medium,yes
samsung,,,popularModels_chip,"Galaxy Book",src/content/brands/samsung.md,repo_frontmatter,medium,yes
samsung,,,popularModels_chip,"Galaxy Book2 / Book3 / Book4",src/content/brands/samsung.md,repo_frontmatter,medium,yes
samsung,,,popularModels_chip,Galaxy Book Pro / Ultra,src/content/brands/samsung.md,repo_frontmatter,medium,yes
surface,surface-book,,popularModels_chip,"Surface Book 2",src/content/brands/surface-book.md,repo_frontmatter,medium,yes
surface,surface-book,,popularModels_chip,"Surface Book 3",src/content/brands/surface-book.md,repo_frontmatter,medium,yes
surface,surface-book,,popularModels_chip,Surface Book พร้อมคีย์บอร์ดเดิม,src/content/brands/surface-book.md,repo_frontmatter,medium,yes
surface,surface-book,,prose_or_frontmatter_mention,"13.5""",src/content/brands/surface-book.md,repo_text,medium_low,yes
surface,surface-book,,prose_or_frontmatter_mention,"15""",src/content/brands/surface-book.md,repo_text,medium_low,yes
surface,surface-laptop,surface-laptop-go,popularModels_chip,"Surface Laptop Go",src/content/brands/surface-laptop-go.md,repo_frontmatter,medium,yes
surface,surface-laptop,surface-laptop-go,popularModels_chip,"Surface Laptop Go 2",src/content/brands/surface-laptop-go.md,repo_frontmatter,medium,yes
surface,surface-laptop,surface-laptop-go,popularModels_chip,Surface Laptop Go 3,src/content/brands/surface-laptop-go.md,repo_frontmatter,medium,yes
surface,surface-laptop,,popularModels_chip,"Surface Laptop 3 / 4 / 5",src/content/brands/surface-laptop.md,repo_frontmatter,medium,yes
surface,surface-laptop,,popularModels_chip,"Surface Laptop 6 (รุ่นล่าสุด)",src/content/brands/surface-laptop.md,repo_frontmatter,medium,yes
surface,surface-laptop,,popularModels_chip,Surface Laptop Go (รุ่นบางเบาพิเศษ),src/content/brands/surface-laptop.md,repo_frontmatter,medium,yes
surface,surface-laptop,,prose_or_frontmatter_mention,Intel Core i5,src/content/brands/surface-laptop.md,repo_text,medium_low,yes
surface,surface-laptop,,prose_or_frontmatter_mention,AMD Ryzen 5,src/content/brands/surface-laptop.md,repo_text,medium_low,yes
surface,surface-laptop,,prose_or_frontmatter_mention,13.5 นิ้ว,src/content/brands/surface-laptop.md,repo_text,medium_low,yes
surface,surface-laptop,,prose_or_frontmatter_mention,15 นิ้ว,src/content/brands/surface-laptop.md,repo_text,medium_low,yes
surface,surface-pro,,popularModels_chip,"Surface Pro 7 / 7+",src/content/brands/surface-pro.md,repo_frontmatter,medium,yes
surface,surface-pro,,popularModels_chip,"Surface Pro 8 / 9",src/content/brands/surface-pro.md,repo_frontmatter,medium,yes
surface,surface-pro,,popularModels_chip,Surface Pro 10 / X (รุ่นบางเบา),src/content/brands/surface-pro.md,repo_frontmatter,medium,yes
surface,surface-pro,,prose_or_frontmatter_mention,Intel Core i5,src/content/brands/surface-pro.md,repo_text,medium_low,yes
surface,surface-pro,,prose_or_frontmatter_mention,12.3 นิ้ว,src/content/brands/surface-pro.md,repo_text,medium_low,yes
surface,surface-pro,,prose_or_frontmatter_mention,13 นิ้ว,src/content/brands/surface-pro.md,repo_text,medium_low,yes
surface,,,popularModels_chip,"Surface Laptop / Laptop Go",src/content/brands/surface.md,repo_frontmatter,medium,yes
surface,,,popularModels_chip,"Surface Pro (พร้อมคีย์บอร์ด Type Cover)",src/content/brands/surface.md,repo_frontmatter,medium,yes
surface,,,popularModels_chip,Surface Book,src/content/brands/surface.md,repo_frontmatter,medium,yes
surface,,,prose_or_frontmatter_mention,RAM 8GB,src/content/brands/surface.md,repo_text,medium_low,yes
surface,,,prose_or_frontmatter_mention,SSD 128GB,src/content/brands/surface.md,repo_text,medium_low,yes
surface,,,prose_or_frontmatter_mention,RAM 16GB,src/content/brands/surface.md,repo_text,medium_low,yes
surface,,,prose_or_frontmatter_mention,SSD 256GB,src/content/brands/surface.md,repo_text,medium_low,yes
lenovo,,thinkpad-e14-e15,popularModels_chip,"ThinkPad E14 Gen 1 / Gen 2 / Gen 3 / Gen 4",src/content/brands/thinkpad-e14-e15.md,repo_frontmatter,medium,yes
lenovo,,thinkpad-e14-e15,popularModels_chip,ThinkPad E15 Gen 1 / Gen 2 / Gen 3 / Gen 4,src/content/brands/thinkpad-e14-e15.md,repo_frontmatter,medium,yes
lenovo,,thinkpad-e14-e15,prose_or_frontmatter_mention,Intel Core i3,src/content/brands/thinkpad-e14-e15.md,repo_text,medium_low,yes
lenovo,,thinkpad-e14-e15,prose_or_frontmatter_mention,AMD Ryzen 3,src/content/brands/thinkpad-e14-e15.md,repo_text,medium_low,yes
lenovo,thinkpad-t14,,popularModels_chip,"ThinkPad T14 Gen 1 / Gen 2",src/content/brands/thinkpad-t14.md,repo_frontmatter,medium,yes
lenovo,thinkpad-t14,,popularModels_chip,"ThinkPad T14 Gen 3 / Gen 4",src/content/brands/thinkpad-t14.md,repo_frontmatter,medium,yes
lenovo,thinkpad-t14,,popularModels_chip,ThinkPad T14s (รุ่นบางเบาพิเศษ),src/content/brands/thinkpad-t14.md,repo_frontmatter,medium,yes
lenovo,thinkpad-t14,,prose_or_frontmatter_mention,Intel Core i5,src/content/brands/thinkpad-t14.md,repo_text,medium_low,yes
lenovo,thinkpad-t14,,prose_or_frontmatter_mention,AMD Ryzen 5,src/content/brands/thinkpad-t14.md,repo_text,medium_low,yes
lenovo,,thinkpad-x1-carbon,popularModels_chip,"ThinkPad X1 Carbon Gen 8 / Gen 9",src/content/brands/thinkpad-x1-carbon.md,repo_frontmatter,medium,yes
lenovo,,thinkpad-x1-carbon,popularModels_chip,"ThinkPad X1 Carbon Gen 10 / Gen 11",src/content/brands/thinkpad-x1-carbon.md,repo_frontmatter,medium,yes
lenovo,,thinkpad-x1-carbon,popularModels_chip,ThinkPad X1 Carbon Gen 12 (รุ่นล่าสุด),src/content/brands/thinkpad-x1-carbon.md,repo_frontmatter,medium,yes
lenovo,,thinkpad-x1-carbon,prose_or_frontmatter_mention,Intel Core i5,src/content/brands/thinkpad-x1-carbon.md,repo_text,medium_low,yes
lenovo,,thinkpad-x1-carbon,prose_or_frontmatter_mention,14 นิ้ว,src/content/brands/thinkpad-x1-carbon.md,repo_text,medium_low,yes
