URL,Current score,Clicks,Impressions,Position,GSC date range,Intent,Supporting money page,Content gap,Enrichment priority,Action,Word count
/blog/รับซื้อ-dell-inspiron-latitude-xps-ราคาเท่าไหร่/,68,,,,,informational,/เช็คราคาโน๊ตบุ๊ค/|/ตีราคาโน๊ตบุ๊ค/,thin_body,B,enrich,80
/blog/รับซื้อ-surface-laptop-go-book-pro-ราคาเท่าไหร่/,68,,,,,informational,/เช็คราคาโน๊ตบุ๊ค/|/ตีราคาโน๊ตบุ๊ค/,thin_body,B,enrich,85
/blog/รับซื้อ-lenovo-ideapad-yoga-ราคาเท่าไหร่/,68,,,,,informational,/เช็คราคาโน๊ตบุ๊ค/|/ตีราคาโน๊ตบุ๊ค/,thin_body,B,enrich,87
/blog/macbook-ไม่มีที่ชาร์จ-ขายได้ไหม/,68,,,,,informational,/เช็คราคาโน๊ตบุ๊ค/|/ตีราคาโน๊ตบุ๊ค/,thin_body,B,enrich,88
/blog/รับซื้อ-macbook-pro-14-16-ราคาเท่าไหร่/,68,,,,,informational,/เช็คราคาโน๊ตบุ๊ค/|/ตีราคาโน๊ตบุ๊ค/,thin_body,B,enrich,103
/blog/รับซื้อ-macbook-air-13-15-ราคาเท่าไหร่/,68,,,,,informational,/เช็คราคาโน๊ตบุ๊ค/|/ตีราคาโน๊ตบุ๊ค/,thin_body,B,enrich,104
/blog/รับซื้อ-hp-pavilion-envy-elitebook-probook-ราคาเท่าไหร่/,70,,,,,informational,/เช็คราคาโน๊ตบุ๊ค/|/ตีราคาโน๊ตบุ๊ค/,thin_body,B,enrich,95
/blog/รับซื้อ-macbook-pro-m2-ราคาเท่าไหร่/,70,,,,,informational,/เช็คราคาโน๊ตบุ๊ค/|/ตีราคาโน๊ตบุ๊ค/,thin_body,B,defer_unless_capacity,208
/blog/รับซื้อ-macbook-air-m4-ราคาเท่าไหร่/,70,,,,,informational,/เช็คราคาโน๊ตบุ๊ค/|/ตีราคาโน๊ตบุ๊ค/,thin_body,B,defer_unless_capacity,232
/blog/รับซื้อ-macbook-air-m3-ราคาเท่าไหร่/,70,,,,,informational,/เช็คราคาโน๊ตบุ๊ค/|/ตีราคาโน๊ตบุ๊ค/,thin_body,B,defer_unless_capacity,237
/blog/รับซื้อ-samsung-galaxy-book-ราคาเท่าไหร่/,72,,,,,informational,/เช็คราคาโน๊ตบุ๊ค/|/ตีราคาโน๊ตบุ๊ค/,thin_body,B,enrich,76
/blog/macbook-จอร้าว-ขายได้ไหม/,72,,,,,informational,/เช็คราคาโน๊ตบุ๊ค/|/ตีราคาโน๊ตบุ๊ค/,thin_body,B,enrich,82
/blog/รับซื้อ-msi-modern-ราคาเท่าไหร่/,72,,,,,informational,/เช็คราคาโน๊ตบุ๊ค/|/ตีราคาโน๊ตบุ๊ค/,thin_body,B,enrich,84
/blog/รับซื้อ-hp-spectre-x360-ราคาเท่าไหร่/,72,,,,,informational,/เช็คราคาโน๊ตบุ๊ค/|/ตีราคาโน๊ตบุ๊ค/,thin_body,B,enrich,85
/blog/รับซื้อ-gigabyte-aorus-ราคาเท่าไหร่/,72,,,,,informational,/เช็คราคาโน๊ตบุ๊ค/|/ตีราคาโน๊ตบุ๊ค/,thin_body,B,enrich,87
/blog/รับซื้อ-razer-blade-ราคาเท่าไหร่/,72,,,,,informational,/เช็คราคาโน๊ตบุ๊ค/|/ตีราคาโน๊ตบุ๊ค/,thin_body,B,enrich,89
/blog/รับซื้อ-lenovo-thinkbook-ราคาเท่าไหร่/,72,,,,,informational,/เช็คราคาโน๊ตบุ๊ค/|/ตีราคาโน๊ตบุ๊ค/,thin_body,B,enrich,90
/blog/รับซื้อ-lg-gram-ราคาเท่าไหร่/,72,,,,,informational,/เช็คราคาโน๊ตบุ๊ค/|/ตีราคาโน๊ตบุ๊ค/,thin_body,B,enrich,92
/blog/รับซื้อ-dell-vostro-ราคาเท่าไหร่/,72,,,,,informational,/เช็คราคาโน๊ตบุ๊ค/|/ตีราคาโน๊ตบุ๊ค/,thin_body,B,enrich,93
/blog/macbook-ติด-mdm-ขายได้ไหม/,72,,,,,informational,/เช็คราคาโน๊ตบุ๊ค/|/ตีราคาโน๊ตบุ๊ค/,thin_body,B,enrich,104
/blog/รับซื้อ-hp-victus-15-16-omen-16-ราคาเท่าไหร่/,74,,,,,informational,/เช็คราคาโน๊ตบุ๊ค/|/ตีราคาโน๊ตบุ๊ค/,thin_body,B,defer_unless_capacity,142
/blog/รับซื้อ-msi-katana-15-cyborg-15-stealth-ราคาเท่าไหร่/,74,,,,,informational,/เช็คราคาโน๊ตบุ๊ค/|/ตีราคาโน๊ตบุ๊ค/,thin_body,B,defer_unless_capacity,156
/blog/รับซื้อ-lenovo-legion-5-pro-ราคาเท่าไหร่/,74,,,,,informational,/เช็คราคาโน๊ตบุ๊ค/|/ตีราคาโน๊ตบุ๊ค/,thin_body,B,defer_unless_capacity,168
/blog/รับซื้อ-alienware-m16-x16-ราคาเท่าไหร่/,74,,,,,informational,/เช็คราคาโน๊ตบุ๊ค/|/ตีราคาโน๊ตบุ๊ค/,thin_body,B,defer_unless_capacity,175
/blog/รับซื้อ-gaming-notebook-rtx-4070-4080-4090-ราคาเท่าไหร่/,74,,,,,informational,/เช็คราคาโน๊ตบุ๊ค/|/ตีราคาโน๊ตบุ๊ค/,thin_body,B,defer_unless_capacity,185
/blog/รับซื้อ-acer-nitro-v-helios-ราคาเท่าไหร่/,74,,,,,informational,/เช็คราคาโน๊ตบุ๊ค/|/ตีราคาโน๊ตบุ๊ค/,thin_body,B,defer_unless_capacity,186
/blog/รับซื้อ-msi-katana-cyborg-stealth-raider-ราคาเท่าไหร่/,74,,,,,informational,/เช็คราคาโน๊ตบุ๊ค/|/ตีราคาโน๊ตบุ๊ค/,thin_body,B,defer_unless_capacity,202
/blog/รับซื้อ-lenovo-legion-loq-ราคาเท่าไหร่/,74,,,,,informational,/เช็คราคาโน๊ตบุ๊ค/|/ตีราคาโน๊ตบุ๊ค/,thin_body,B,defer_unless_capacity,203
/blog/รับซื้อ-macbook-pro-m3-ราคาเท่าไหร่/,74,,,,,informational,/เช็คราคาโน๊ตบุ๊ค/|/ตีราคาโน๊ตบุ๊ค/,thin_body,B,defer_unless_capacity,205
/blog/รับซื้อ-macbook-pro-m1-ราคาเท่าไหร่/,74,,,,,informational,/เช็คราคาโน๊ตบุ๊ค/|/ตีราคาโน๊ตบุ๊ค/,thin_body,B,defer_unless_capacity,211
/blog/รับซื้อ-macbook-pro-m4-ราคาเท่าไหร่/,74,,,,,informational,/เช็คราคาโน๊ตบุ๊ค/|/ตีราคาโน๊ตบุ๊ค/,thin_body,B,defer_unless_capacity,213
/blog/รับซื้อ-macbook-pro-m5-ราคาเท่าไหร่/,74,,,,,informational,/เช็คราคาโน๊ตบุ๊ค/|/ตีราคาโน๊ตบุ๊ค/,thin_body,B,defer_unless_capacity,219
/blog/รับซื้อ-macbook-air-m2-ราคาเท่าไหร่/,76,,,,,informational,/เช็คราคาโน๊ตบุ๊ค/|/ตีราคาโน๊ตบุ๊ค/,thin_body,C,defer,263
/blog/รับซื้อ-macbook-air-m5-ราคาเท่าไหร่/,76,,,,,informational,/เช็คราคาโน๊ตบุ๊ค/|/ตีราคาโน๊ตบุ๊ค/,thin_body,C,defer,270
/blog/รับซื้อ-asus-rog-strix-zephyrus-ราคาเท่าไหร่/,76,,,,,informational,/เช็คราคาโน๊ตบุ๊ค/|/ตีราคาโน๊ตบุ๊ค/,thin_body,C,defer,282
/blog/รับซื้อ-acer-swift-aspire-ราคาเท่าไหร่/,76,,,,,informational,/เช็คราคาโน๊ตบุ๊ค/|/ตีราคาโน๊ตบุ๊ค/,depth_or_faq,C,defer,315
/blog/รับซื้อ-gaming-notebook-rtx-3050-4050-4060-ราคาเท่าไหร่/,76,,,,,informational,/เช็คราคาโน๊ตบุ๊ค/|/ตีราคาโน๊ตบุ๊ค/,depth_or_faq,C,defer,338
/blog/macbook-cycle-count-เท่าไหร่ถึงราคาตก/,76,,,,,informational,/เช็คราคาโน๊ตบุ๊ค/|/ตีราคาโน๊ตบุ๊ค/,depth_or_faq,B,enrich,368
/blog/macbook-ชาร์จไม่เข้า-ขายได้ไหม/,76,,,,,informational,/เช็คราคาโน๊ตบุ๊ค/|/ตีราคาโน๊ตบุ๊ค/,depth_or_faq,C,defer,376
/blog/macbook-คีย์บอร์ดเสีย-ขายได้ไหม/,76,,,,,informational,/เช็คราคาโน๊ตบุ๊ค/|/ตีราคาโน๊ตบุ๊ค/,depth_or_faq,C,defer,377
/blog/รับซื้อ-honor-magicbook-ราคาเท่าไหร่/,78,,,,,informational,/เช็คราคาโน๊ตบุ๊ค/|/ตีราคาโน๊ตบุ๊ค/,depth_or_faq,C,defer,304
/blog/รับซื้อ-dell-alienware-g-series-ราคาเท่าไหร่/,78,,,,,informational,/เช็คราคาโน๊ตบุ๊ค/|/ตีราคาโน๊ตบุ๊ค/,depth_or_faq,C,defer,310
/blog/รับซื้อ-asus-zenbook-vivobook-ราคาเท่าไหร่/,78,,,,,informational,/เช็คราคาโน๊ตบุ๊ค/|/ตีราคาโน๊ตบุ๊ค/,depth_or_faq,C,defer,316
/blog/รับซื้อ-hp-victus-omen-ราคาเท่าไหร่/,78,,,,,informational,/เช็คราคาโน๊ตบุ๊ค/|/ตีราคาโน๊ตบุ๊ค/,depth_or_faq,C,defer,319
/blog/โน๊ตบุ๊ครีสตาร์ทเองขายได้ไหม/,78,,,,,informational,/เช็คราคาโน๊ตบุ๊ค/|/ตีราคาโน๊ตบุ๊ค/,depth_or_faq,C,defer,325
/blog/รับซื้อ-huawei-matebook-ราคาเท่าไหร่/,78,,,,,informational,/เช็คราคาโน๊ตบุ๊ค/|/ตีราคาโน๊ตบุ๊ค/,depth_or_faq,C,defer,328
/blog/โน๊ตบุ๊คบลูทูธใช้ไม่ได้ขายได้ไหม/,78,,,,,informational,/เช็คราคาโน๊ตบุ๊ค/|/ตีราคาโน๊ตบุ๊ค/,depth_or_faq,C,defer,337
/blog/โน๊ตบุ๊คบูตวนขายได้ไหม/,78,,,,,informational,/เช็คราคาโน๊ตบุ๊ค/|/ตีราคาโน๊ตบุ๊ค/,depth_or_faq,C,defer,341
/blog/รับซื้อ-surface-laptop-pro-ราคาเท่าไหร่/,78,,,,,informational,/เช็คราคาโน๊ตบุ๊ค/|/ตีราคาโน๊ตบุ๊ค/,depth_or_faq,C,defer,342
/blog/โน๊ตบุ๊คจอไม่ติดแต่เครื่องติดขายได้ไหม/,78,,,,,informational,/เช็คราคาโน๊ตบุ๊ค/|/ตีราคาโน๊ตบุ๊ค/,depth_or_faq,C,defer,342
/blog/โน๊ตบุ๊คพอร์ตแลนเสียขายได้ไหม/,78,,,,,informational,/เช็คราคาโน๊ตบุ๊ค/|/ตีราคาโน๊ตบุ๊ค/,depth_or_faq,C,defer,343
/blog/โน๊ตบุ๊คบอดี้แตกขายได้ไหม/,78,,,,,informational,/เช็คราคาโน๊ตบุ๊ค/|/ตีราคาโน๊ตบุ๊ค/,depth_or_faq,C,defer,344
/blog/รับซื้อ-acer-nitro-predator-ราคาเท่าไหร่/,78,,,,,informational,/เช็คราคาโน๊ตบุ๊ค/|/ตีราคาโน๊ตบุ๊ค/,depth_or_faq,C,defer,345
/blog/รับซื้อ-asus-expertbook-ราคาเท่าไหร่/,78,,,,,informational,/เช็คราคาโน๊ตบุ๊ค/|/ตีราคาโน๊ตบุ๊ค/,depth_or_faq,C,defer,345
/blog/macbook-แบตบวม-ขายได้ไหม/,78,,,,,informational,/เช็คราคาโน๊ตบุ๊ค/|/ตีราคาโน๊ตบุ๊ค/,depth_or_faq,C,defer,351
/blog/รับซื้อ-acer-travelmate-ราคาเท่าไหร่/,78,,,,,informational,/เช็คราคาโน๊ตบุ๊ค/|/ตีราคาโน๊ตบุ๊ค/,depth_or_faq,C,defer,353
/blog/รับซื้อ-thinkpad-x1-carbon-t14-e14-e15-ราคาเท่าไหร่/,78,,,,,informational,/เช็คราคาโน๊ตบุ๊ค/|/ตีราคาโน๊ตบุ๊ค/,depth_or_faq,C,defer,354
/blog/โน๊ตบุ๊คพัดลมดังขายได้ไหม/,78,,,,,informational,/เช็คราคาโน๊ตบุ๊ค/|/ตีราคาโน๊ตบุ๊ค/,depth_or_faq,C,defer,357
/blog/โน๊ตบุ๊คฝาหลังบวมขายได้ไหม/,78,,,,,informational,/เช็คราคาโน๊ตบุ๊ค/|/ตีราคาโน๊ตบุ๊ค/,depth_or_faq,C,defer,363
/blog/โน๊ตบุ๊คช่องหูฟังเสียขายได้ไหม/,78,,,,,informational,/เช็คราคาโน๊ตบุ๊ค/|/ตีราคาโน๊ตบุ๊ค/,depth_or_faq,C,defer,367
/blog/โน๊ตบุ๊คทัชสกรีนเสียขายได้ไหม/,78,,,,,informational,/เช็คราคาโน๊ตบุ๊ค/|/ตีราคาโน๊ตบุ๊ค/,depth_or_faq,C,defer,367
/blog/macbook-battery-health-มีผลต่อราคาไหม/,78,,,,,informational,/เช็คราคาโน๊ตบุ๊ค/|/ตีราคาโน๊ตบุ๊ค/,depth_or_faq,B,enrich,369
/blog/รับซื้อ-hp-elitebook-probook-ราคาเท่าไหร่/,78,,,,,informational,/เช็คราคาโน๊ตบุ๊ค/|/ตีราคาโน๊ตบุ๊ค/,depth_or_faq,C,defer,369
/blog/โน๊ตบุ๊คพอร์ต-type-c-เสียขายได้ไหม/,78,,,,,informational,/เช็คราคาโน๊ตบุ๊ค/|/ตีราคาโน๊ตบุ๊ค/,depth_or_faq,C,defer,370
/blog/โน๊ตบุ๊คจอฟ้าขายได้ไหม/,78,,,,,informational,/เช็คราคาโน๊ตบุ๊ค/|/ตีราคาโน๊ตบุ๊ค/,depth_or_faq,C,defer,371
/blog/โน๊ตบุ๊คไฟไม่เข้าขายได้ไหม/,78,,,,,informational,/เช็คราคาโน๊ตบุ๊ค/|/ตีราคาโน๊ตบุ๊ค/,depth_or_faq,C,defer,378
/blog/รับซื้อ-dell-latitude-xps-ราคาเท่าไหร่/,78,,,,,informational,/เช็คราคาโน๊ตบุ๊ค/|/ตีราคาโน๊ตบุ๊ค/,depth_or_faq,C,defer,380
/blog/โน๊ตบุ๊ค-hdmi-เสียขายได้ไหม/,78,,,,,informational,/เช็คราคาโน๊ตบุ๊ค/|/ตีราคาโน๊ตบุ๊ค/,depth_or_faq,C,defer,393
/blog/โน๊ตบุ๊คค้างบ่อยขายได้ไหม/,78,,,,,informational,/เช็คราคาโน๊ตบุ๊ค/|/ตีราคาโน๊ตบุ๊ค/,depth_or_faq,C,defer,406
/blog/ฮาร์ดดิสก์เสียขายได้ไหม/,78,,,,,informational,/เช็คราคาโน๊ตบุ๊ค/|/ตีราคาโน๊ตบุ๊ค/,depth_or_faq,C,defer,427
/blog/โน๊ตบุ๊คไม่มีที่ชาร์จขายได้ไหม/,79,,,,,informational,/เช็คราคาโน๊ตบุ๊ค/|/ตีราคาโน๊ตบุ๊ค/,thin_body,B,enrich,170
/blog/วิธีเช็คสเปกโน๊ตบุ๊ค-windows-ก่อนขาย/,79,,,,,informational,/เช็คราคาโน๊ตบุ๊ค/|/ตีราคาโน๊ตบุ๊ค/,thin_body,C,defer,180
/blog/ขายโน๊ตบุ๊ค-ไม่มีกล่อง-ไม่มีใบเสร็จ/,79,,,,,informational,/เช็คราคาโน๊ตบุ๊ค/|/ตีราคาโน๊ตบุ๊ค/,thin_body,C,defer,212
/blog/รับซื้อโน๊ตบุ๊คออนไลน์-ส่งรูปประเมินราคาผ่านไลน์/,81,,,,,informational,/เช็คราคาโน๊ตบุ๊ค/|/ตีราคาโน๊ตบุ๊ค/,thin_body,C,defer,227
/blog/โน๊ตบุ๊คติดรหัส-windows-ขายได้ไหม/,81,,,,,informational,/เช็คราคาโน๊ตบุ๊ค/|/ตีราคาโน๊ตบุ๊ค/,thin_body,C,defer,292
/blog/โน๊ตบุ๊คร้อนจัดดับเองขายได้ไหม/,81,,,,,informational,/เช็คราคาโน๊ตบุ๊ค/|/ตีราคาโน๊ตบุ๊ค/,depth_or_faq,C,defer,398
/blog/ssd-เสียขายได้ไหม/,82,,,,,informational,/เช็คราคาโน๊ตบุ๊ค/|/ตีราคาโน๊ตบุ๊ค/,depth_or_faq,C,defer,466
/blog/ขายโน๊ตบุ๊คนักศึกษา-ต้องล้างข้อมูลอะไรบ้าง/,83,,,,,informational,/เช็คราคาโน๊ตบุ๊ค/|/ตีราคาโน๊ตบุ๊ค/,depth_or_faq,C,defer,341
/blog/เช็คลิสต์ถ่ายรูปโน๊ตบุ๊คก่อนส่งประเมินราคา/,83,,,,,informational,/เช็คราคาโน๊ตบุ๊ค/|/ตีราคาโน๊ตบุ๊ค/,depth_or_faq,C,defer,400
/blog/ram-8gb-กับ-16gb-มีผลต่อราคารับซื้อไหม/,83,,,,,informational,/เช็คราคาโน๊ตบุ๊ค/|/ตีราคาโน๊ตบุ๊ค/,depth_or_faq,C,defer,408
/blog/ฮาร์ดดิสก์กับ-ssd-ผลต่อราคารับซื้อโน๊ตบุ๊คมือสอง/,83,,,,,informational,/เช็คราคาโน๊ตบุ๊ค/|/ตีราคาโน๊ตบุ๊ค/,depth_or_faq,C,defer,416
/blog/โน๊ตบุ๊คมีประกันเหลือ-ขายมือสองได้เปรียบเรื่องราคาไหม/,83,,,,,informational,/เช็คราคาโน๊ตบุ๊ค/|/ตีราคาโน๊ตบุ๊ค/,depth_or_faq,C,defer,446
/blog/ขายโน๊ตบุ๊คบริษัท-ต้องเตรียมอะไร/,85,,,,,informational,/เช็คราคาโน๊ตบุ๊ค/|/ตีราคาโน๊ตบุ๊ค/,ok,C,defer,357
/blog/มีรอยบุบกับรอยขีดข่วน-ราคาต่างกันไหม/,85,,,,,informational,/เช็คราคาโน๊ตบุ๊ค/|/ตีราคาโน๊ตบุ๊ค/,ok,C,defer,387
/blog/โน๊ตบุ๊คโดนน้ำขายได้ไหม/,85,,,,,informational,/เช็คราคาโน๊ตบุ๊ค/|/ตีราคาโน๊ตบุ๊ค/,ok,C,defer,387
/blog/ssd-256gb-512gb-1tb-มีผลต่อราคาอย่างไร/,85,,,,,informational,/เช็คราคาโน๊ตบุ๊ค/|/ตีราคาโน๊ตบุ๊ค/,ok,C,defer,392
/blog/โน๊ตบุ๊คแบตบวมขายได้ไหม/,85,,,,,informational,/เช็คราคาโน๊ตบุ๊ค/|/ตีราคาโน๊ตบุ๊ค/,ok,C,defer,559
/blog/โน๊ตบุ๊คคีย์บอร์ดเสียขายได้ไหม/,85,,,,,informational,/เช็คราคาโน๊ตบุ๊ค/|/ตีราคาโน๊ตบุ๊ค/,ok,C,defer,562
/blog/macbook-ไม่มีกล่อง-ไม่มีใบเสร็จ-ขายได้ไหม/,85,,,,,informational,/เช็คราคาโน๊ตบุ๊ค/|/ตีราคาโน๊ตบุ๊ค/,ok,C,defer,899
/blog/ขายโน๊ตบุ๊คไม่มีกล่อง-ไม่มีที่ชาร์จ-ไม่มีใบเสร็จ-พร้อมกันได้ไหม/,87,,,,,informational,/เช็คราคาโน๊ตบุ๊ค/|/ตีราคาโน๊ตบุ๊ค/,thin_body,C,defer,287
/blog/ขายโน๊ตบุ๊คมี-asset-tag-ได้ไหม/,87,,,,,informational,/เช็คราคาโน๊ตบุ๊ค/|/ตีราคาโน๊ตบุ๊ค/,ok,C,defer,325
/blog/โน๊ตบุ๊คจอมีเส้นขายได้ไหม/,87,,,,,informational,/เช็คราคาโน๊ตบุ๊ค/|/ตีราคาโน๊ตบุ๊ค/,ok,C,defer,327
/blog/โน๊ตบุ๊คฝาหลังร้าวขายได้ไหม/,87,,,,,informational,/เช็คราคาโน๊ตบุ๊ค/|/ตีราคาโน๊ตบุ๊ค/,ok,C,defer,360
/blog/โน๊ตบุ๊คบานพับแตกขายได้ไหม/,87,,,,,informational,/เช็คราคาโน๊ตบุ๊ค/|/ตีราคาโน๊ตบุ๊ค/,ok,C,defer,400
/blog/โน๊ตบุ๊คชาร์จไม่เข้า-พอร์ตชาร์จเสียขายได้ไหม/,87,,,,,informational,/เช็คราคาโน๊ตบุ๊ค/|/ตีราคาโน๊ตบุ๊ค/,ok,C,defer,535
/blog/วิธีเช็คสุขภาพแบตโน๊ตบุ๊ค-windows/,87,,,,,informational,/เช็คราคาโน๊ตบุ๊ค/|/ตีราคาโน๊ตบุ๊ค/,ok,C,defer,598
/blog/วิธีดูสเปก-cpu-ram-ssd-ของโน๊ตบุ๊ค/,88,,,,,informational,/เช็คราคาโน๊ตบุ๊ค/|/ตีราคาโน๊ตบุ๊ค/,ok,C,defer,954
/blog/ก่อนขายโน๊ตบุ๊คต้องล้างข้อมูลอย่างไร/,88,,,,,informational,/เช็คราคาโน๊ตบุ๊ค/|/ตีราคาโน๊ตบุ๊ค/,ok,C,defer,994
/blog/ร้านรับซื้อโน๊ตบุ๊ค-วิธีเลือกร้านที่ปลอดภัยและไม่โดนหลอก/,88,,,,,informational,/เช็คราคาโน๊ตบุ๊ค/|/ตีราคาโน๊ตบุ๊ค/,ok,C,defer,2409
/blog/รับซื้อ-asus-tuf-rog-ราคาเท่าไหร่/,90,,,,,informational,/เช็คราคาโน๊ตบุ๊ค/|/ตีราคาโน๊ตบุ๊ค/,ok,C,defer,710
/blog/ร้านรับซื้อโน๊ตบุ๊ค-เช็คราคาโน๊ตบุ๊ค-ประเมินราคา-คีย์หลัก/,90,,,,,informational,/เช็คราคาโน๊ตบุ๊ค/|/ตีราคาโน๊ตบุ๊ค/,ok,C,defer,737
/blog/รับซื้อ-macbook-air-m1-ราคาเท่าไหร่/,90,,,,,informational,/เช็คราคาโน๊ตบุ๊ค/|/ตีราคาโน๊ตบุ๊ค/,ok,C,defer,763
/blog/รับซื้อโน๊ตบุ๊ค-ราคาเท่าไหร่/,90,,,,,informational,/เช็คราคาโน๊ตบุ๊ค/|/ตีราคาโน๊ตบุ๊ค/,ok,C,defer,799
/blog/กรณีศึกษา-รับซื้อโน๊ตบุ๊คโดนน้ำหก-บอร์ดช็อตเปิดไม่ติด/,90,,,,,informational,/เช็คราคาโน๊ตบุ๊ค/|/ตีราคาโน๊ตบุ๊ค/,ok,C,defer,813
/blog/อะไรทำให้ราคาโน๊ตบุ๊คมือสองลดลง/,90,,,,,informational,/เช็คราคาโน๊ตบุ๊ค/|/ตีราคาโน๊ตบุ๊ค/,ok,C,defer,863
/blog/กรณีศึกษา-รับซื้อโน๊ตบุ๊คบอร์ดเสียช็อต-ค่าซ่อมไม่คุ้ม/,90,,,,,informational,/เช็คราคาโน๊ตบุ๊ค/|/ตีราคาโน๊ตบุ๊ค/,ok,C,defer,912
/blog/รับซื้อโน๊ตบุ๊ค-core-i5-i7-ryzen-5-7-ราคาเท่าไหร่/,90,,,,,informational,/เช็คราคาโน๊ตบุ๊ค/|/ตีราคาโน๊ตบุ๊ค/,ok,C,defer,934
/blog/โน๊ตบุ๊คเสียขายได้ไหม/,90,,,,,informational,/เช็คราคาโน๊ตบุ๊ค/|/ตีราคาโน๊ตบุ๊ค/,ok,C,defer,997
/blog/วิธีดูรุ่นโน๊ตบุ๊ค-windows-ก่อนส่งประเมินราคา/,90,,,,,informational,/เช็คราคาโน๊ตบุ๊ค/|/ตีราคาโน๊ตบุ๊ค/,ok,C,defer,1020
/blog/กรณีศึกษา-รับซื้อโน๊ตบุ๊คองค์กร-20-เครื่อง-ปลด-asset-tag/,90,,,,,informational,/เช็คราคาโน๊ตบุ๊ค/|/ตีราคาโน๊ตบุ๊ค/,ok,C,defer,1040
/blog/รับซื้อ-notebook-คู่มือผู้ขายจากสเปกถึงการนัดรับ/,90,,,,,informational,/เช็คราคาโน๊ตบุ๊ค/|/ตีราคาโน๊ตบุ๊ค/,ok,C,defer,2203
/blog/รับซื้อโน๊ตบุ๊คมือสอง-คู่มือผู้ขายฉบับลึก/,90,,,,,informational,/เช็คราคาโน๊ตบุ๊ค/|/ตีราคาโน๊ตบุ๊ค/,ok,C,defer,2219
/blog/เช็คราคาโน๊ตบุ๊ค-ตีราคาโน๊ตบุ๊ค-ประเมินราคา-ต่างกันอย่างไร/,90,,,,,informational,/เช็คราคาโน๊ตบุ๊ค/|/ตีราคาโน๊ตบุ๊ค/,ok,C,defer,2303
/blog/ขายโน๊ตบุ๊ค-และขายโน๊ตบุ๊คมือสอง-คู่มือเตรียมเครื่องและปิดดีล/,90,,,,,informational,/เช็คราคาโน๊ตบุ๊ค/|/ตีราคาโน๊ตบุ๊ค/,ok,C,defer,2355
/blog/โน๊ตบุ๊คจอแตกยังมีราคาไหม/,90,,,,,informational,/เช็คราคาโน๊ตบุ๊ค/|/ตีราคาโน๊ตบุ๊ค/,ok,C,defer,2370
/blog/รับซื้อโน๊ตบุ๊ค-คู่มือครบวงจรสำหรับผู้ขาย/,90,,,,,informational,/เช็คราคาโน๊ตบุ๊ค/|/ตีราคาโน๊ตบุ๊ค/,ok,C,defer,2398
/blog/โน๊ตบุ๊คแบตเสื่อมขายได้ไหม/,90,,,,,informational,/เช็คราคาโน๊ตบุ๊ค/|/ตีราคาโน๊ตบุ๊ค/,ok,C,defer,2466
/blog/โน๊ตบุ๊คเปิดไม่ติดขายได้ไหม/,90,,,,,informational,/เช็คราคาโน๊ตบุ๊ค/|/ตีราคาโน๊ตบุ๊ค/,ok,C,defer,2481
/blog/ขาย-macbook-ต้องเตรียมอะไรบ้าง/,90,,,,,informational,/เช็คราคาโน๊ตบุ๊ค/|/ตีราคาโน๊ตบุ๊ค/,ok,C,defer,2508
/blog/gaming-notebook-มือสองขายได้ราคาดีกว่าไหม/,90,,,,,informational,/เช็คราคาโน๊ตบุ๊ค/|/ตีราคาโน๊ตบุ๊ค/,ok,C,defer,2528
/blog/ขายโน๊ตบุ๊คที่ไหนดี-ได้ราคาและปลอดภัย/,90,,,,,informational,/เช็คราคาโน๊ตบุ๊ค/|/ตีราคาโน๊ตบุ๊ค/,ok,C,defer,2610
/blog/โน๊ตบุ๊คจอกระพริบขายได้ไหม/,91,,,,,informational,/เช็คราคาโน๊ตบุ๊ค/|/ตีราคาโน๊ตบุ๊ค/,ok,C,defer,474
