URL,Type,Changed?,Before hash,After hash,Reason,Approved workstream,Source
/,Homepage,no,73ab27af21fecf88,73ab27af21fecf88,,,src/pages/index.astro
/รับซื้อ-notebook/,Notebook-English,no,70f1915c33e3ee99,70f1915c33e3ee99,,,src/pages/รับซื้อ-notebook.astro
/รับซื้อโน๊ตบุ๊คมือสอง/,Second-hand,no,b8bef128ad53ca7d,b8bef128ad53ca7d,,,src/pages/รับซื้อโน๊ตบุ๊คมือสอง.astro
/รับซื้อโน๊ตบุ๊คบริษัท/,Secondary service,no,89c68c74a7d14545,89c68c74a7d14545,,,src/pages/รับซื้อโน๊ตบุ๊คบริษัท.astro
/เช็คราคาโน๊ตบุ๊ค/,Price/valuation,no,02dc541afe9ebedc,02dc541afe9ebedc,,,src/pages/เช็คราคาโน๊ตบุ๊ค.astro
/เช็คราคาโน๊ตบุ๊คมือสอง/,Price/valuation,no,833f0037d1ff1935,833f0037d1ff1935,,,src/pages/เช็คราคาโน๊ตบุ๊คมือสอง.astro
/ตีราคาโน๊ตบุ๊ค/,Price/valuation,no,ac244164e3fe2b14,ac244164e3fe2b14,,,src/pages/ตีราคาโน๊ตบุ๊ค.astro
/ขายโน๊ตบุ๊ค/,Secondary service,no,f55e83a14bfff495,f55e83a14bfff495,,,src/pages/ขายโน๊ตบุ๊ค.astro
/ขายโน๊ตบุ๊คด่วน/,Secondary service,no,cf6983a7610f1e32,cf6983a7610f1e32,,,src/pages/ขายโน๊ตบุ๊คด่วน.astro
/วิธีขายโน๊ตบุ๊ค/,Guide,no,32b67c4a6e520a3c,32b67c4a6e520a3c,,,src/pages/วิธีขายโน๊ตบุ๊ค/index.astro
/รับเหมาโน๊ตบุ๊ค/,Secondary service,no,bc7175c3bf3a91d2,bc7175c3bf3a91d2,,,src/pages/รับเหมาโน๊ตบุ๊ค.astro
/รับเหมาคอมพิวเตอร์/,Secondary service,no,9a4f326e75059174,9a4f326e75059174,,,src/pages/รับเหมาคอมพิวเตอร์.astro
/รับประมูลคอม/,Secondary service,no,f6428fa15ca15430,f6428fa15ca15430,,,src/pages/รับประมูลคอม.astro
/พื้นที่ให้บริการ/,Utility,no,c0784f8c70a5442d,c0784f8c70a5442d,,,src/pages/พื้นที่ให้บริการ/index.astro
/คำถามที่พบบ่อย/,FAQ,no,b544fae13203e2cc,b544fae13203e2cc,,,src/pages/คำถามที่พบบ่อย/index.astro
/เกี่ยวกับเรา/,About,no,b1f9a365715a4ac7,b1f9a365715a4ac7,,,src/pages/เกี่ยวกับเรา.astro
/ติดต่อเรา/,Contact,no,bb96b7f409bd4d9b,bb96b7f409bd4d9b,,,src/pages/ติดต่อเรา.astro
/นโยบายความเป็นส่วนตัว/,Legal,no,953832def36da160,953832def36da160,,,src/pages/นโยบายความเป็นส่วนตัว.astro
/ขั้นตอนและเงื่อนไขการให้บริการ/,Legal,no,7fdabbe73d1f206b,7fdabbe73d1f206b,,,src/pages/ขั้นตอนและเงื่อนไขการให้บริการ.astro
/เว็บไซต์ในเครือ/,Utility,no,ef1783d67c1c2ac5,ef1783d67c1c2ac5,,,src/pages/เว็บไซต์ในเครือ/index.astro
/blog/,Blog,no,2e0ae6c7831dd358,2e0ae6c7831dd358,,,src/pages/blog/index.astro
/sitemap/,Utility,no,85d8860d1cf693a8,85d8860d1cf693a8,,,src/pages/sitemap.astro
/รับซื้อโน๊ตบุ๊ค/acer-aspire-5/,Model,yes,c7552543f1d3a8b0,baaf5aa71e38295f,series_model_authority_enrichment,B,src/content/brands/acer-aspire-5.md
/รับซื้อโน๊ตบุ๊ค/acer-nitro-16/,Model,no,ec527268b6371b60,ec527268b6371b60,,,src/content/brands/acer-nitro-16.md
/รับซื้อโน๊ตบุ๊ค/acer-nitro-17/,Model,yes,09a1d2af47337478,1e8c48ec3b79f7c2,series_model_authority_enrichment,B,src/content/brands/acer-nitro-17.md
/รับซื้อโน๊ตบุ๊ค/acer-nitro-v/,Model,no,d49565dddd1c540a,d49565dddd1c540a,,,src/content/brands/acer-nitro-v.md
/รับซื้อโน๊ตบุ๊ค/acer-predator-helios/,Model,yes,cfb159974bc7dda6,4079740bc5f4e2c8,series_model_authority_enrichment,B,src/content/brands/acer-predator-helios.md
/รับซื้อโน๊ตบุ๊ค/acer-predator-neo/,Model,no,1956a71e437be0e7,1956a71e437be0e7,,,src/content/brands/acer-predator-neo.md
/รับซื้อโน๊ตบุ๊ค/acer-predator-triton/,Model,yes,5a2c00c45c3c3640,4d400ca3b0e7cf2b,series_model_authority_enrichment,B,src/content/brands/acer-predator-triton.md
/รับซื้อโน๊ตบุ๊ค/acer-swift/,Series,yes,19d433d0bc3558ae,789222ccaf2ea4b7,series_model_authority_enrichment,B,src/content/brands/acer-swift.md
/รับซื้อโน๊ตบุ๊ค/acer-travelmate/,Series,yes,1134bc51562dd763,1c95e489596e481f,series_model_authority_enrichment,B,src/content/brands/acer-travelmate.md
/รับซื้อโน๊ตบุ๊ค/acer/,Brand,no,92acc8c3dd2efb2f,92acc8c3dd2efb2f,,,src/content/brands/acer.md
/รับซื้อโน๊ตบุ๊ค/alienware-m15-r7-r8/,Model,yes,9672078a05cee4d9,52b79f3dd2d9cfcd,series_model_authority_enrichment,B,src/content/brands/alienware-m15-r7-r8.md
/รับซื้อโน๊ตบุ๊ค/alienware-m16/,Model,yes,0617554cd79ec42f,5559f6cf8e49e49a,series_model_authority_enrichment,B,src/content/brands/alienware-m16.md
/รับซื้อโน๊ตบุ๊ค/alienware-m18/,Model,yes,f8c349a10395ad9c,8d29d8c384a108a1,series_model_authority_enrichment,B,src/content/brands/alienware-m18.md
/รับซื้อโน๊ตบุ๊ค/alienware-x16/,Series,yes,fc000544904c13a5,4b58c54c2c4e39fc,series_model_authority_enrichment,B,src/content/brands/alienware-x16.md
/รับซื้อโน๊ตบุ๊ค/asus-expertbook/,Series,yes,ac833c1488623331,87540bf2b592764f,series_model_authority_enrichment,B,src/content/brands/asus-expertbook.md
/รับซื้อโน๊ตบุ๊ค/asus-rog-ally-x/,Model,yes,71c0c89b40c42f0f,3bc0f5f3fc2d0c2b,series_model_authority_enrichment,B,src/content/brands/asus-rog-ally-x.md
/รับซื้อโน๊ตบุ๊ค/asus-rog-flow/,Model,yes,b3639e4b3315cd3d,bb753c667a90b7a5,series_model_authority_enrichment,B,src/content/brands/asus-rog-flow.md
/รับซื้อโน๊ตบุ๊ค/asus-rog-strix/,Model,no,878381773ff511c5,878381773ff511c5,,,src/content/brands/asus-rog-strix.md
/รับซื้อโน๊ตบุ๊ค/asus-tuf-a15-f15/,Model,no,0f85a37b447a111b,0f85a37b447a111b,,,src/content/brands/asus-tuf-a15-f15.md
/รับซื้อโน๊ตบุ๊ค/asus-vivobook/,Series,yes,f98bcb938886bd36,b2914be5b6cc39e6,series_model_authority_enrichment,B,src/content/brands/asus-vivobook.md
/รับซื้อโน๊ตบุ๊ค/asus-zenbook/,Series,yes,55e73382a7e02c85,ab422759fa0aa642,series_model_authority_enrichment,B,src/content/brands/asus-zenbook.md
/รับซื้อโน๊ตบุ๊ค/asus-zephyrus-g14/,Model,yes,90480b9a7b3083b8,10c6411292a937ce,series_model_authority_enrichment,B,src/content/brands/asus-zephyrus-g14.md
/รับซื้อโน๊ตบุ๊ค/asus-zephyrus-g16/,Model,yes,4f05545b6b50a587,6aecb59bc9b42246,series_model_authority_enrichment,B,src/content/brands/asus-zephyrus-g16.md
/รับซื้อโน๊ตบุ๊ค/asus-zephyrus/,Series,yes,59e5eb80e8a47c37,14f319d9636204a0,series_model_authority_enrichment,B,src/content/brands/asus-zephyrus.md
/รับซื้อโน๊ตบุ๊ค/asus/,Brand,no,2143c1ce3b8fba92,2143c1ce3b8fba92,,,src/content/brands/asus.md
/รับซื้อโน๊ตบุ๊ค/dell-g15-g16/,Model,yes,6966868730cbfc42,74f225982fd3cbef,series_model_authority_enrichment,B,src/content/brands/dell-g15-g16.md
/รับซื้อโน๊ตบุ๊ค/dell-inspiron-15/,Model,yes,fb0750f59d88bce5,4fa4c56213349ce2,series_model_authority_enrichment,B,src/content/brands/dell-inspiron-15.md
/รับซื้อโน๊ตบุ๊ค/dell-latitude/,Series,yes,00d575a0bef58eb0,9b8538f0ca9dcb19,series_model_authority_enrichment,B,src/content/brands/dell-latitude.md
/รับซื้อโน๊ตบุ๊ค/dell-vostro/,Series,yes,3f3d8a0b6780ca9b,c916719ed221187b,series_model_authority_enrichment,B,src/content/brands/dell-vostro.md
/รับซื้อโน๊ตบุ๊ค/dell-xps-13-15/,Model,yes,ec42ce3a108f2d2a,55106ab30faed1c7,series_model_authority_enrichment,B,src/content/brands/dell-xps-13-15.md
/รับซื้อโน๊ตบุ๊ค/dell/,Brand,no,f6344f851fb4c888,f6344f851fb4c888,,,src/content/brands/dell.md
/รับซื้อโน๊ตบุ๊ค/gaming/,Brand,no,56b4e5dbb96bb36e,56b4e5dbb96bb36e,,,src/content/brands/gaming.md
/รับซื้อโน๊ตบุ๊ค/gigabyte-aorus/,Series,yes,d99938368713553c,7052a689262bd0fb,series_model_authority_enrichment,B,src/content/brands/gigabyte-aorus.md
/รับซื้อโน๊ตบุ๊ค/gigabyte/,Brand,no,28e7790a5c4fd85e,28e7790a5c4fd85e,,,src/content/brands/gigabyte.md
/รับซื้อโน๊ตบุ๊ค/honor-magicbook/,Series,yes,b5a78b010c46a538,3f024d38c5c4848d,series_model_authority_enrichment,B,src/content/brands/honor-magicbook.md
/รับซื้อโน๊ตบุ๊ค/honor/,Brand,no,bbca3692da91d04f,bbca3692da91d04f,,,src/content/brands/honor.md
/รับซื้อโน๊ตบุ๊ค/hp-elitebook/,Series,yes,ad5dc0dc29e1c26c,08c3fdf9ec2eeec0,series_model_authority_enrichment,B,src/content/brands/hp-elitebook.md
/รับซื้อโน๊ตบุ๊ค/hp-envy-x360/,Model,yes,b7285653e23094ac,a5aae9b5ceaf918f,series_model_authority_enrichment,B,src/content/brands/hp-envy-x360.md
/รับซื้อโน๊ตบุ๊ค/hp-omen-16/,Model,yes,c22dd492583f2629,f05f9081d9c66b63,series_model_authority_enrichment,B,src/content/brands/hp-omen-16.md
/รับซื้อโน๊ตบุ๊ค/hp-omen-17/,Model,yes,3b670916e39ce3e0,25b7db4f54200b19,series_model_authority_enrichment,B,src/content/brands/hp-omen-17.md
/รับซื้อโน๊ตบุ๊ค/hp-omen-transcend/,Model,yes,4f61e3ef138c7da7,4835113252e8ad96,series_model_authority_enrichment,B,src/content/brands/hp-omen-transcend.md
/รับซื้อโน๊ตบุ๊ค/hp-pavilion/,Series,yes,fe991e6f71046a37,f4ce475a76f0cc20,series_model_authority_enrichment,B,src/content/brands/hp-pavilion.md
/รับซื้อโน๊ตบุ๊ค/hp-probook/,Series,yes,b22b0b06b37fbd2b,b98aaab99f13786f,series_model_authority_enrichment,B,src/content/brands/hp-probook.md
/รับซื้อโน๊ตบุ๊ค/hp-spectre-x360/,Model,yes,bdf3af56ca1462ad,4d1522f621bb1c0e,series_model_authority_enrichment,B,src/content/brands/hp-spectre-x360.md
/รับซื้อโน๊ตบุ๊ค/hp-victus-15/,Model,no,0ea0db6a921c10f7,0ea0db6a921c10f7,,,src/content/brands/hp-victus-15.md
/รับซื้อโน๊ตบุ๊ค/hp-victus-16/,Model,no,50a257e0951654ef,50a257e0951654ef,,,src/content/brands/hp-victus-16.md
/รับซื้อโน๊ตบุ๊ค/hp-victus-17/,Model,yes,fb560c0469defac3,9fc5a0837e92199b,series_model_authority_enrichment,B,src/content/brands/hp-victus-17.md
/รับซื้อโน๊ตบุ๊ค/hp/,Brand,no,75a0119cfd9bb9be,75a0119cfd9bb9be,,,src/content/brands/hp.md
/รับซื้อโน๊ตบุ๊ค/huawei-matebook/,Series,yes,a97b5c0d131bf1cb,d4b28b067bd86168,series_model_authority_enrichment,B,src/content/brands/huawei-matebook.md
/รับซื้อโน๊ตบุ๊ค/huawei/,Brand,no,ed8f34a028c6f9d4,ed8f34a028c6f9d4,,,src/content/brands/huawei.md
/รับซื้อโน๊ตบุ๊ค/lenovo-ideapad-3-5/,Model,yes,e94c168959b6595d,e5fa33a9b065d93e,series_model_authority_enrichment,B,src/content/brands/lenovo-ideapad-3-5.md
/รับซื้อโน๊ตบุ๊ค/lenovo-legion-5/,Model,no,4331bb9da81ce850,4331bb9da81ce850,,,src/content/brands/lenovo-legion-5.md
/รับซื้อโน๊ตบุ๊ค/lenovo-legion-pro-7/,Model,yes,cda478ff12b00cd6,07b071c6d6af1b4d,series_model_authority_enrichment,B,src/content/brands/lenovo-legion-pro-7.md
/รับซื้อโน๊ตบุ๊ค/lenovo-legion-pro/,Model,no,a7e0cfe29f8c5c94,a7e0cfe29f8c5c94,,,src/content/brands/lenovo-legion-pro.md
/รับซื้อโน๊ตบุ๊ค/lenovo-legion-slim/,Model,no,412fc96e37986082,412fc96e37986082,,,src/content/brands/lenovo-legion-slim.md
/รับซื้อโน๊ตบุ๊ค/lenovo-loq-15-16/,Model,no,421e2f57978619c4,421e2f57978619c4,,,src/content/brands/lenovo-loq-15-16.md
/รับซื้อโน๊ตบุ๊ค/lenovo-thinkbook/,Series,yes,f43f210212d35107,7bfbf8a5b9a3c8e3,series_model_authority_enrichment,B,src/content/brands/lenovo-thinkbook.md
/รับซื้อโน๊ตบุ๊ค/lenovo-yoga/,Series,yes,90f4a12cd432a9e1,f6c438789601726e,series_model_authority_enrichment,B,src/content/brands/lenovo-yoga.md
/รับซื้อโน๊ตบุ๊ค/lenovo/,Brand,no,4242c369b1993f1b,4242c369b1993f1b,,,src/content/brands/lenovo.md
/รับซื้อโน๊ตบุ๊ค/lg-gram/,Series,yes,6bcebe334cb9c53f,51fb63a368986392,series_model_authority_enrichment,B,src/content/brands/lg-gram.md
/รับซื้อโน๊ตบุ๊ค/lg/,Brand,no,304b75e173508fa0,304b75e173508fa0,,,src/content/brands/lg.md
/รับซื้อโน๊ตบุ๊ค/macbook-air-13/,Model,yes,633a0e9347103545,d1bb8178686b0c96,series_model_authority_enrichment,B,src/content/brands/macbook-air-13.md
/รับซื้อโน๊ตบุ๊ค/macbook-air-15/,Model,yes,206aaab054519360,5461244710a78356,series_model_authority_enrichment,B,src/content/brands/macbook-air-15.md
/รับซื้อโน๊ตบุ๊ค/macbook-air-m1/,Model,no,cf8a7dc008cb2037,cf8a7dc008cb2037,,,src/content/brands/macbook-air-m1.md
/รับซื้อโน๊ตบุ๊ค/macbook-air-m2/,Model,no,545eebdf3ce39af3,545eebdf3ce39af3,,,src/content/brands/macbook-air-m2.md
/รับซื้อโน๊ตบุ๊ค/macbook-air-m3/,Model,yes,cc4c7ac15d34db70,d47e17bf6378907b,series_model_authority_enrichment,B,src/content/brands/macbook-air-m3.md
/รับซื้อโน๊ตบุ๊ค/macbook-air-m4/,Model,yes,643566ea53e366a5,81600c2db77d1817,series_model_authority_enrichment,B,src/content/brands/macbook-air-m4.md
/รับซื้อโน๊ตบุ๊ค/macbook-air-m5/,Model,yes,3e765e671dc12210,bf177fef6f3b87f2,series_model_authority_enrichment,B,src/content/brands/macbook-air-m5.md
/รับซื้อโน๊ตบุ๊ค/macbook-pro-14/,Model,yes,9ee10875963cbfbc,9385bd234e41046c,series_model_authority_enrichment,B,src/content/brands/macbook-pro-14.md
/รับซื้อโน๊ตบุ๊ค/macbook-pro-16/,Model,yes,be97c19d40b6782e,519ed4050178a51b,series_model_authority_enrichment,B,src/content/brands/macbook-pro-16.md
/รับซื้อโน๊ตบุ๊ค/macbook-pro-m1/,Model,no,236de42a2c8dcf08,236de42a2c8dcf08,,,src/content/brands/macbook-pro-m1.md
/รับซื้อโน๊ตบุ๊ค/macbook-pro-m2/,Model,no,dbfb50bd07e9f17a,dbfb50bd07e9f17a,,,src/content/brands/macbook-pro-m2.md
/รับซื้อโน๊ตบุ๊ค/macbook-pro-m3/,Model,no,018384c5ba40ccbd,018384c5ba40ccbd,,,src/content/brands/macbook-pro-m3.md
/รับซื้อโน๊ตบุ๊ค/macbook-pro-m4/,Model,no,efbf319468794a6e,efbf319468794a6e,,,src/content/brands/macbook-pro-m4.md
/รับซื้อโน๊ตบุ๊ค/macbook-pro-m5/,Model,yes,5506dd985b9a8e06,64b2d61adf173983,series_model_authority_enrichment,B,src/content/brands/macbook-pro-m5.md
/รับซื้อโน๊ตบุ๊ค/macbook/,Brand,no,56bf3fa8cf5db099,56bf3fa8cf5db099,,,src/content/brands/macbook.md
/รับซื้อโน๊ตบุ๊ค/msi-cyborg-15/,Model,yes,95a9ce914fb323d8,819a71077eab9222,series_model_authority_enrichment,B,src/content/brands/msi-cyborg-15.md
/รับซื้อโน๊ตบุ๊ค/msi-katana-15/,Model,yes,9416a1e0463687bb,d50f18829b8950de,series_model_authority_enrichment,B,src/content/brands/msi-katana-15.md
/รับซื้อโน๊ตบุ๊ค/msi-modern/,Series,yes,eed0929fe5c30766,7a1f9bfc70c1134f,series_model_authority_enrichment,B,src/content/brands/msi-modern.md
/รับซื้อโน๊ตบุ๊ค/msi-raider-18/,Model,yes,c2777af6b037bd37,e5da5c9125bdf9e0,series_model_authority_enrichment,B,src/content/brands/msi-raider-18.md
/รับซื้อโน๊ตบุ๊ค/msi-stealth-14/,Model,yes,19054d1844d2d099,ede63ea32cda4d8d,series_model_authority_enrichment,B,src/content/brands/msi-stealth-14.md
/รับซื้อโน๊ตบุ๊ค/msi-stealth-16/,Model,yes,340b1c4acd156cab,d4bcec7e3639e168,series_model_authority_enrichment,B,src/content/brands/msi-stealth-16.md
/รับซื้อโน๊ตบุ๊ค/msi-vector-16-hx/,Model,yes,60ed7a65ad06234c,0c4721fc786d452c,series_model_authority_enrichment,B,src/content/brands/msi-vector-16-hx.md
/รับซื้อโน๊ตบุ๊ค/msi/,Brand,no,b391c8241e820221,b391c8241e820221,,,src/content/brands/msi.md
/รับซื้อโน๊ตบุ๊ค/razer-blade/,Series,yes,a1ebc10bfb19b875,f3a912f47de1858b,series_model_authority_enrichment,B,src/content/brands/razer-blade.md
/รับซื้อโน๊ตบุ๊ค/razer/,Brand,no,4a0b93c80f2d047e,4a0b93c80f2d047e,,,src/content/brands/razer.md
/รับซื้อโน๊ตบุ๊ค/samsung-galaxy-book/,Model,yes,4f623db4b4e14c33,f303eeb76458cd2f,series_model_authority_enrichment,B,src/content/brands/samsung-galaxy-book.md
/รับซื้อโน๊ตบุ๊ค/samsung/,Brand,no,2bd12b9b6ffb60d8,2bd12b9b6ffb60d8,,,src/content/brands/samsung.md
/รับซื้อโน๊ตบุ๊ค/surface-book/,Series,yes,d89fa1bd4571563c,a2378196677ed383,series_model_authority_enrichment,B,src/content/brands/surface-book.md
/รับซื้อโน๊ตบุ๊ค/surface-laptop-go/,Model,yes,51a68d7263b4052c,8605e1edc01fcb12,series_model_authority_enrichment,B,src/content/brands/surface-laptop-go.md
/รับซื้อโน๊ตบุ๊ค/surface-laptop/,Series,yes,0a05f2524225d246,0bfd97495c959626,series_model_authority_enrichment,B,src/content/brands/surface-laptop.md
/รับซื้อโน๊ตบุ๊ค/surface-pro/,Series,yes,bb7bbb45a2365e16,543973b1703ff430,series_model_authority_enrichment,B,src/content/brands/surface-pro.md
/รับซื้อโน๊ตบุ๊ค/surface/,Brand,no,6e5361edcc3481aa,6e5361edcc3481aa,,,src/content/brands/surface.md
/รับซื้อโน๊ตบุ๊ค/thinkpad-e14-e15/,Model,no,b96cc6344c2537c8,b96cc6344c2537c8,,,src/content/brands/thinkpad-e14-e15.md
/รับซื้อโน๊ตบุ๊ค/thinkpad-t14/,Series,yes,0f52853a5853b30e,34352b67fa8ef65c,series_model_authority_enrichment,B,src/content/brands/thinkpad-t14.md
/รับซื้อโน๊ตบุ๊ค/thinkpad-x1-carbon/,Model,no,5fddc607c7221872,5fddc607c7221872,,,src/content/brands/thinkpad-x1-carbon.md
/รับซื้อโน๊ตบุ๊ค/hdmi-เสีย/,Condition,no,3ba16fcedb93d0be,3ba16fcedb93d0be,,,src/content/conditions/hdmi-เสีย.md
/รับซื้อโน๊ตบุ๊ค/macbook-battery-health/,Condition,no,5f340a7962611d0d,5f340a7962611d0d,,,src/content/conditions/macbook-battery-health.md
/รับซื้อโน๊ตบุ๊ค/macbook-battery-swollen/,Condition,no,795e183fce224907,795e183fce224907,,,src/content/conditions/macbook-battery-swollen.md
/รับซื้อโน๊ตบุ๊ค/macbook-charge-port/,Condition,no,826f689a4e60d307,826f689a4e60d307,,,src/content/conditions/macbook-charge-port.md
/รับซื้อโน๊ตบุ๊ค/macbook-cycle-count/,Condition,no,1ea5d76a5f925704,1ea5d76a5f925704,,,src/content/conditions/macbook-cycle-count.md
/รับซื้อโน๊ตบุ๊ค/macbook-keyboard-issue/,Condition,no,a4390edb3bc931dd,a4390edb3bc931dd,,,src/content/conditions/macbook-keyboard-issue.md
/รับซื้อโน๊ตบุ๊ค/macbook-mdm/,Condition,no,26fdab73334729ab,26fdab73334729ab,,,src/content/conditions/macbook-mdm.md
/รับซื้อโน๊ตบุ๊ค/macbook-no-box-no-receipt/,Condition,no,98137c9b419c26fd,98137c9b419c26fd,,,src/content/conditions/macbook-no-box-no-receipt.md
/รับซื้อโน๊ตบุ๊ค/macbook-screen-crack/,Condition,no,ec84ad633a7a88d5,ec84ad633a7a88d5,,,src/content/conditions/macbook-screen-crack.md
/รับซื้อโน๊ตบุ๊ค/ssd-เสีย/,Condition,no,495e159eb741faa6,495e159eb741faa6,,,src/content/conditions/ssd-เสีย.md
/รับซื้อโน๊ตบุ๊ค/wifi-ไม่ติด/,Condition,no,54798e6adfba679d,54798e6adfba679d,,,src/content/conditions/wifi-ไม่ติด.md
/รับซื้อโน๊ตบุ๊ค/กล้องเสีย/,Condition,no,1a2e765cec02f741,1a2e765cec02f741,,,src/content/conditions/กล้องเสีย.md
/รับซื้อโน๊ตบุ๊ค/คีย์บอร์ดเสีย/,Condition,no,768a8f09d23f4e0d,768a8f09d23f4e0d,,,src/content/conditions/คีย์บอร์ดเสีย.md
/รับซื้อโน๊ตบุ๊ค/ค้างบ่อย/,Condition,no,a083add00ba8c5ca,a083add00ba8c5ca,,,src/content/conditions/ค้างบ่อย.md
/รับซื้อโน๊ตบุ๊ค/จอฟ้า/,Condition,no,cd469adff9915236,cd469adff9915236,,,src/content/conditions/จอฟ้า.md
/รับซื้อโน๊ตบุ๊ค/จอมีเส้น/,Condition,no,a327b796705bf7bd,a327b796705bf7bd,,,src/content/conditions/จอมีเส้น.md
/รับซื้อโน๊ตบุ๊ค/จอแตก/,Condition,no,c60db54a87fb1a3b,c60db54a87fb1a3b,,,src/content/conditions/จอแตก.md
/รับซื้อโน๊ตบุ๊ค/จอไม่ติดแต่เครื่องติด/,Condition,no,bfa79d168604e600,bfa79d168604e600,,,src/content/conditions/จอไม่ติดแต่เครื่องติด.md
/รับซื้อโน๊ตบุ๊ค/ช่องหูฟังเสีย/,Condition,no,e2b9460dc2b57ce3,e2b9460dc2b57ce3,,,src/content/conditions/ช่องหูฟังเสีย.md
/รับซื้อโน๊ตบุ๊ค/ตกรุ่น/,Condition,no,3d6e4078102cae98,3d6e4078102cae98,,,src/content/conditions/ตกรุ่น.md
/รับซื้อโน๊ตบุ๊ค/ทัชสกรีนเสีย/,Condition,no,c425bf9558deb331,c425bf9558deb331,,,src/content/conditions/ทัชสกรีนเสีย.md
/รับซื้อโน๊ตบุ๊ค/ทัชแพดเสีย/,Condition,no,ba749861860c9795,ba749861860c9795,,,src/content/conditions/ทัชแพดเสีย.md
/รับซื้อโน๊ตบุ๊ค/บลูทูธใช้ไม่ได้/,Condition,no,367f91be01f15bcd,367f91be01f15bcd,,,src/content/conditions/บลูทูธใช้ไม่ได้.md
/รับซื้อโน๊ตบุ๊ค/บอดี้แตก/,Condition,no,1bda7ad45f4b16d1,1bda7ad45f4b16d1,,,src/content/conditions/บอดี้แตก.md
/รับซื้อโน๊ตบุ๊ค/บานพับแตก/,Condition,no,a5df55afe0ce9ed5,a5df55afe0ce9ed5,,,src/content/conditions/บานพับแตก.md
/รับซื้อโน๊ตบุ๊ค/บูตวน/,Condition,no,14c65be0d8836390,14c65be0d8836390,,,src/content/conditions/บูตวน.md
/รับซื้อโน๊ตบุ๊ค/ฝาหลังบวม/,Condition,no,d3c247b8128cc13f,d3c247b8128cc13f,,,src/content/conditions/ฝาหลังบวม.md
/รับซื้อโน๊ตบุ๊ค/พอร์ต-type-c-เสีย/,Condition,no,4c4bfb1edb3ecc09,4c4bfb1edb3ecc09,,,src/content/conditions/พอร์ต-type-c-เสีย.md
/รับซื้อโน๊ตบุ๊ค/พอร์ต-usb-เสีย/,Condition,no,439752c0db007a5a,439752c0db007a5a,,,src/content/conditions/พอร์ต-usb-เสีย.md
/รับซื้อโน๊ตบุ๊ค/พอร์ตแลนเสีย/,Condition,no,2666f5cf96103758,2666f5cf96103758,,,src/content/conditions/พอร์ตแลนเสีย.md
/รับซื้อโน๊ตบุ๊ค/พัดลมดัง/,Condition,no,385a996a7b526274,385a996a7b526274,,,src/content/conditions/พัดลมดัง.md
/รับซื้อโน๊ตบุ๊ค/รีสตาร์ทเอง/,Condition,no,6db8f6fbfc92e533,6db8f6fbfc92e533,,,src/content/conditions/รีสตาร์ทเอง.md
/รับซื้อโน๊ตบุ๊ค/ร้อนจัดดับเอง/,Condition,no,acf776127e7aeef7,acf776127e7aeef7,,,src/content/conditions/ร้อนจัดดับเอง.md
/รับซื้อโน๊ตบุ๊ค/ลำโพงเสีย/,Condition,no,71ab58b84f66bae9,71ab58b84f66bae9,,,src/content/conditions/ลำโพงเสีย.md
/รับซื้อโน๊ตบุ๊ค/ฮาร์ดดิสก์เสีย/,Condition,no,fc53427661c642de,fc53427661c642de,,,src/content/conditions/ฮาร์ดดิสก์เสีย.md
/รับซื้อโน๊ตบุ๊ค/เครื่องเก่า/,Condition,no,d168d4d3865652f6,d168d4d3865652f6,,,src/content/conditions/เครื่องเก่า.md
/รับซื้อโน๊ตบุ๊ค/เครื่องเสีย/,Condition,no,ce7f21a2fad84af3,ce7f21a2fad84af3,,,src/content/conditions/เครื่องเสีย.md
/รับซื้อโน๊ตบุ๊ค/เปิดไม่ติด/,Condition,no,ceb2c9337acbf5b2,ceb2c9337acbf5b2,,,src/content/conditions/เปิดไม่ติด.md
/รับซื้อโน๊ตบุ๊ค/เมนบอร์ดเสีย/,Condition,no,4871ff11894988b1,4871ff11894988b1,,,src/content/conditions/เมนบอร์ดเสีย.md
/รับซื้อโน๊ตบุ๊ค/แบตเสื่อม/,Condition,no,eed4d7fa60d5ec22,eed4d7fa60d5ec22,,,src/content/conditions/แบตเสื่อม.md
/รับซื้อโน๊ตบุ๊ค/โดนน้ำ/,Condition,no,820e164a98093920,820e164a98093920,,,src/content/conditions/โดนน้ำ.md
/รับซื้อโน๊ตบุ๊ค/ใช้งานปกติ/,Condition,no,2c1fe405fe5b50be,2c1fe405fe5b50be,,,src/content/conditions/ใช้งานปกติ.md
/รับซื้อโน๊ตบุ๊ค/ไฟไม่เข้า/,Condition,no,5428d7f2737ce84f,5428d7f2737ce84f,,,src/content/conditions/ไฟไม่เข้า.md
/รับซื้อโน๊ตบุ๊ค/ไม่มีที่ชาร์จ/,Condition,no,925332a8939b7c8c,925332a8939b7c8c,,,src/content/conditions/ไม่มีที่ชาร์จ.md
/รับซื้อโน๊ตบุ๊ค/กระบี่/,Province,no,3d1c6eb12f75d4e1,3d1c6eb12f75d4e1,,,src/content/locations/กระบี่.md
/รับซื้อโน๊ตบุ๊ค/กรุงเทพ/,Province,no,d3ff9efa4d01f08b,d3ff9efa4d01f08b,,,src/content/locations/กรุงเทพ.md
/รับซื้อโน๊ตบุ๊ค/กาญจนบุรี/,Province,no,e9eb3f56d95009e5,e9eb3f56d95009e5,,,src/content/locations/กาญจนบุรี.md
/รับซื้อโน๊ตบุ๊ค/กาฬสินธุ์/,Province,no,82ac074c97c84416,82ac074c97c84416,,,src/content/locations/กาฬสินธุ์.md
/รับซื้อโน๊ตบุ๊ค/กำแพงเพชร/,Province,no,bd907aa04ead65d5,bd907aa04ead65d5,,,src/content/locations/กำแพงเพชร.md
/รับซื้อโน๊ตบุ๊ค/ขอนแก่น/,Province,no,f91156330e5c74da,f91156330e5c74da,,,src/content/locations/ขอนแก่น.md
/รับซื้อโน๊ตบุ๊ค/จันทบุรี/,Province,no,91f58102df088bf4,91f58102df088bf4,,,src/content/locations/จันทบุรี.md
/รับซื้อโน๊ตบุ๊ค/ฉะเชิงเทรา/,Province,no,dd9abacaedbba29e,dd9abacaedbba29e,,,src/content/locations/ฉะเชิงเทรา.md
/รับซื้อโน๊ตบุ๊ค/ชลบุรี/,Province,no,34b9a304285ed491,34b9a304285ed491,,,src/content/locations/ชลบุรี.md
/รับซื้อโน๊ตบุ๊ค/ชัยนาท/,Province,no,15bd26c3913331a6,15bd26c3913331a6,,,src/content/locations/ชัยนาท.md
/รับซื้อโน๊ตบุ๊ค/ชัยภูมิ/,Province,no,d91b1addbdd36ed1,d91b1addbdd36ed1,,,src/content/locations/ชัยภูมิ.md
/รับซื้อโน๊ตบุ๊ค/ชุมพร/,Province,no,f90decc3d5fb52ff,f90decc3d5fb52ff,,,src/content/locations/ชุมพร.md
/รับซื้อโน๊ตบุ๊ค/ตรัง/,Province,no,07bbd359a61cfc94,07bbd359a61cfc94,,,src/content/locations/ตรัง.md
/รับซื้อโน๊ตบุ๊ค/ตราด/,Province,no,fae6a50a68632024,fae6a50a68632024,,,src/content/locations/ตราด.md
/รับซื้อโน๊ตบุ๊ค/ตาก/,Province,no,5bd8f481ccc3eb35,5bd8f481ccc3eb35,,,src/content/locations/ตาก.md
/รับซื้อโน๊ตบุ๊ค/นครนายก/,Province,no,2bc367b31b468117,2bc367b31b468117,,,src/content/locations/นครนายก.md
/รับซื้อโน๊ตบุ๊ค/นครปฐม/,Province,no,f69ca8fe38ce915b,f69ca8fe38ce915b,,,src/content/locations/นครปฐม.md
/รับซื้อโน๊ตบุ๊ค/นครพนม/,Province,no,1dfa75a9e9f1230c,1dfa75a9e9f1230c,,,src/content/locations/นครพนม.md
/รับซื้อโน๊ตบุ๊ค/นครราชสีมา/,Province,no,ccfdbf4ac53bb17e,ccfdbf4ac53bb17e,,,src/content/locations/นครราชสีมา.md
/รับซื้อโน๊ตบุ๊ค/นครศรีธรรมราช/,Province,no,80bcf12f47493e76,80bcf12f47493e76,,,src/content/locations/นครศรีธรรมราช.md
/รับซื้อโน๊ตบุ๊ค/นครสวรรค์/,Province,no,0372749936891a81,0372749936891a81,,,src/content/locations/นครสวรรค์.md
/รับซื้อโน๊ตบุ๊ค/นนทบุรี/,Province,no,c0ec6691c4a7646b,c0ec6691c4a7646b,,,src/content/locations/นนทบุรี.md
/รับซื้อโน๊ตบุ๊ค/นราธิวาส/,Province,no,9f0fdb2587e168ef,9f0fdb2587e168ef,,,src/content/locations/นราธิวาส.md
/รับซื้อโน๊ตบุ๊ค/น่าน/,Province,no,a971eca61e5e5258,a971eca61e5e5258,,,src/content/locations/น่าน.md
/รับซื้อโน๊ตบุ๊ค/บางนา/,Province,no,7343a917c4e2d034,7343a917c4e2d034,,,src/content/locations/บางนา.md
/รับซื้อโน๊ตบุ๊ค/บึงกาฬ/,Province,no,bb53b71eb89b89d3,bb53b71eb89b89d3,,,src/content/locations/บึงกาฬ.md
/รับซื้อโน๊ตบุ๊ค/บุรีรัมย์/,Province,no,786f378381c12642,786f378381c12642,,,src/content/locations/บุรีรัมย์.md
/รับซื้อโน๊ตบุ๊ค/ปทุมธานี/,Province,no,ecab9968019843d3,ecab9968019843d3,,,src/content/locations/ปทุมธานี.md
/รับซื้อโน๊ตบุ๊ค/ประจวบคีรีขันธ์/,Province,no,830abd82c3c38499,830abd82c3c38499,,,src/content/locations/ประจวบคีรีขันธ์.md
/รับซื้อโน๊ตบุ๊ค/ปราจีนบุรี/,Province,no,a6d04adc73ba4c34,a6d04adc73ba4c34,,,src/content/locations/ปราจีนบุรี.md
/รับซื้อโน๊ตบุ๊ค/ปัตตานี/,Province,no,68d96bc0b1bf8e3f,68d96bc0b1bf8e3f,,,src/content/locations/ปัตตานี.md
/รับซื้อโน๊ตบุ๊ค/พระราม2/,Province,no,29f8f077240edcb8,29f8f077240edcb8,,,src/content/locations/พระราม2.md
/รับซื้อโน๊ตบุ๊ค/พะเยา/,Province,no,6d2159cf6e0312ce,6d2159cf6e0312ce,,,src/content/locations/พะเยา.md
/รับซื้อโน๊ตบุ๊ค/พังงา/,Province,no,0b2077dce57a6614,0b2077dce57a6614,,,src/content/locations/พังงา.md
/รับซื้อโน๊ตบุ๊ค/พัทยา/,Province,no,9c76c6c5b03c82cb,9c76c6c5b03c82cb,,,src/content/locations/พัทยา.md
/รับซื้อโน๊ตบุ๊ค/พัทลุง/,Province,no,094aa48eca9f1702,094aa48eca9f1702,,,src/content/locations/พัทลุง.md
/รับซื้อโน๊ตบุ๊ค/พิจิตร/,Province,no,d18b7001c470e7bf,d18b7001c470e7bf,,,src/content/locations/พิจิตร.md
/รับซื้อโน๊ตบุ๊ค/พิษณุโลก/,Province,no,12b1071a915c47fb,12b1071a915c47fb,,,src/content/locations/พิษณุโลก.md
/รับซื้อโน๊ตบุ๊ค/ภาคอีสาน/,District/location,no,a52f0b4844b3e10d,a52f0b4844b3e10d,,,src/content/locations/ภาคอีสาน.md
/รับซื้อโน๊ตบุ๊ค/ภูเก็ต/,Province,no,fa684439796e4a35,fa684439796e4a35,,,src/content/locations/ภูเก็ต.md
/รับซื้อโน๊ตบุ๊ค/มหาสารคาม/,Province,no,6c32ba364e0cdeca,6c32ba364e0cdeca,,,src/content/locations/มหาสารคาม.md
/รับซื้อโน๊ตบุ๊ค/มุกดาหาร/,Province,no,c7bf0ef46f623a9c,c7bf0ef46f623a9c,,,src/content/locations/มุกดาหาร.md
/รับซื้อโน๊ตบุ๊ค/ยะลา/,Province,no,e339048acc0d0714,e339048acc0d0714,,,src/content/locations/ยะลา.md
/รับซื้อโน๊ตบุ๊ค/ยโสธร/,Province,no,eddc32bcff7d55d3,eddc32bcff7d55d3,,,src/content/locations/ยโสธร.md
/รับซื้อโน๊ตบุ๊ค/ระนอง/,Province,no,50b9f2fd543df55d,50b9f2fd543df55d,,,src/content/locations/ระนอง.md
/รับซื้อโน๊ตบุ๊ค/ระยอง/,Province,no,3d905cc448b91057,3d905cc448b91057,,,src/content/locations/ระยอง.md
/รับซื้อโน๊ตบุ๊ค/รังสิต/,Province,no,837d1db71bbb98db,837d1db71bbb98db,,,src/content/locations/รังสิต.md
/รับซื้อโน๊ตบุ๊ค/ราชบุรี/,Province,no,3c117c91522ebb23,3c117c91522ebb23,,,src/content/locations/ราชบุรี.md
/รับซื้อโน๊ตบุ๊ค/รามคำแหง/,Province,no,783465299cb0bdc9,783465299cb0bdc9,,,src/content/locations/รามคำแหง.md
/รับซื้อโน๊ตบุ๊ค/ร้อยเอ็ด/,Province,no,9c1a6d3d7de5d609,9c1a6d3d7de5d609,,,src/content/locations/ร้อยเอ็ด.md
/รับซื้อโน๊ตบุ๊ค/ลพบุรี/,Province,no,112b7ef283f0d9f5,112b7ef283f0d9f5,,,src/content/locations/ลพบุรี.md
/รับซื้อโน๊ตบุ๊ค/ลาดพร้าว/,Province,no,d92e2f7f37db7105,d92e2f7f37db7105,,,src/content/locations/ลาดพร้าว.md
/รับซื้อโน๊ตบุ๊ค/ลำปาง/,Province,no,8e960024c07b24da,8e960024c07b24da,,,src/content/locations/ลำปาง.md
/รับซื้อโน๊ตบุ๊ค/ลำพูน/,Province,no,206a5f695263c2c2,206a5f695263c2c2,,,src/content/locations/ลำพูน.md
/รับซื้อโน๊ตบุ๊ค/ศรีสะเกษ/,Province,no,978406ee882e8064,978406ee882e8064,,,src/content/locations/ศรีสะเกษ.md
/รับซื้อโน๊ตบุ๊ค/สกลนคร/,Province,no,cc03ddb180ddb740,cc03ddb180ddb740,,,src/content/locations/สกลนคร.md
/รับซื้อโน๊ตบุ๊ค/สงขลา/,Province,no,097dc37ea7b10946,097dc37ea7b10946,,,src/content/locations/สงขลา.md
/รับซื้อโน๊ตบุ๊ค/สตูล/,Province,no,ecc1eb9f74cb8a33,ecc1eb9f74cb8a33,,,src/content/locations/สตูล.md
/รับซื้อโน๊ตบุ๊ค/สมุทรปราการ/,Province,no,902ed477a08a3b49,902ed477a08a3b49,,,src/content/locations/สมุทรปราการ.md
/รับซื้อโน๊ตบุ๊ค/สมุทรสงคราม/,Province,no,03d923d1cbd93ae3,03d923d1cbd93ae3,,,src/content/locations/สมุทรสงคราม.md
/รับซื้อโน๊ตบุ๊ค/สมุทรสาคร/,Province,no,056779f0159ab847,056779f0159ab847,,,src/content/locations/สมุทรสาคร.md
/รับซื้อโน๊ตบุ๊ค/สระบุรี/,Province,no,c6538cb61f1b63b8,c6538cb61f1b63b8,,,src/content/locations/สระบุรี.md
/รับซื้อโน๊ตบุ๊ค/สระแก้ว/,Province,no,0fed8867e8ada2f7,0fed8867e8ada2f7,,,src/content/locations/สระแก้ว.md
/รับซื้อโน๊ตบุ๊ค/สิงห์บุรี/,Province,no,cd95541b82fc436d,cd95541b82fc436d,,,src/content/locations/สิงห์บุรี.md
/รับซื้อโน๊ตบุ๊ค/สุพรรณบุรี/,Province,no,4658dbf1a5d013f5,4658dbf1a5d013f5,,,src/content/locations/สุพรรณบุรี.md
/รับซื้อโน๊ตบุ๊ค/สุราษฎร์ธานี/,Province,no,d418897cde7f4a84,d418897cde7f4a84,,,src/content/locations/สุราษฎร์ธานี.md
/รับซื้อโน๊ตบุ๊ค/สุรินทร์/,Province,no,ef0598cea8382339,ef0598cea8382339,,,src/content/locations/สุรินทร์.md
/รับซื้อโน๊ตบุ๊ค/สุโขทัย/,Province,no,a5c61a0ea90f12ea,a5c61a0ea90f12ea,,,src/content/locations/สุโขทัย.md
/รับซื้อโน๊ตบุ๊ค/หนองคาย/,Province,no,44586e651390dca2,44586e651390dca2,,,src/content/locations/หนองคาย.md
/รับซื้อโน๊ตบุ๊ค/หนองบัวลำภู/,Province,no,44cbc60dbcb209e0,44cbc60dbcb209e0,,,src/content/locations/หนองบัวลำภู.md
/รับซื้อโน๊ตบุ๊ค/หาดใหญ่/,Province,no,aa925f3fbc4ee9ed,aa925f3fbc4ee9ed,,,src/content/locations/หาดใหญ่.md
/รับซื้อโน๊ตบุ๊ค/ห้วยขวาง/,Province,no,aa47ab01e6d04058,aa47ab01e6d04058,,,src/content/locations/ห้วยขวาง.md
/รับซื้อโน๊ตบุ๊ค/อยุธยา/,Province,no,02d6321f1bb7b443,02d6321f1bb7b443,,,src/content/locations/อยุธยา.md
/รับซื้อโน๊ตบุ๊ค/อำนาจเจริญ/,Province,no,cd445f0094c4da45,cd445f0094c4da45,,,src/content/locations/อำนาจเจริญ.md
/รับซื้อโน๊ตบุ๊ค/อุดรธานี/,Province,no,14b48dfb5b1e257e,14b48dfb5b1e257e,,,src/content/locations/อุดรธานี.md
/รับซื้อโน๊ตบุ๊ค/อุตรดิตถ์/,Province,no,547872a4b436029c,547872a4b436029c,,,src/content/locations/อุตรดิตถ์.md
/รับซื้อโน๊ตบุ๊ค/อุทัยธานี/,Province,no,ac9d25e4fa0922e5,ac9d25e4fa0922e5,,,src/content/locations/อุทัยธานี.md
/รับซื้อโน๊ตบุ๊ค/อุบลราชธานี/,Province,no,dbe2c531f2f691c7,dbe2c531f2f691c7,,,src/content/locations/อุบลราชธานี.md
/รับซื้อโน๊ตบุ๊ค/อ่างทอง/,Province,no,a846d6d5c26729e2,a846d6d5c26729e2,,,src/content/locations/อ่างทอง.md
/รับซื้อโน๊ตบุ๊ค/เชียงราย/,Province,no,b5283ba2cd992d85,b5283ba2cd992d85,,,src/content/locations/เชียงราย.md
/รับซื้อโน๊ตบุ๊ค/เชียงใหม่/,Province,no,6bd3499ed17e5b85,6bd3499ed17e5b85,,,src/content/locations/เชียงใหม่.md
/รับซื้อโน๊ตบุ๊ค/เพชรบุรี/,Province,no,b9efc1854124d931,b9efc1854124d931,,,src/content/locations/เพชรบุรี.md
/รับซื้อโน๊ตบุ๊ค/เพชรบูรณ์/,Province,no,094c9241f7a132c8,094c9241f7a132c8,,,src/content/locations/เพชรบูรณ์.md
/รับซื้อโน๊ตบุ๊ค/เลย/,Province,no,e23992e3c1f1ea0a,e23992e3c1f1ea0a,,,src/content/locations/เลย.md
/รับซื้อโน๊ตบุ๊ค/แพร่/,Province,no,85c23b8ab02e0300,85c23b8ab02e0300,,,src/content/locations/แพร่.md
/รับซื้อโน๊ตบุ๊ค/แม่ฮ่องสอน/,Province,no,129526fd4e8b1594,129526fd4e8b1594,,,src/content/locations/แม่ฮ่องสอน.md
/รับซื้อโน๊ตบุ๊ค/ใกล้ฉัน/,District/location,no,24073eb91e3179f0,24073eb91e3179f0,,,src/content/locations/ใกล้ฉัน.md
/blog/gaming-notebook-มือสองขายได้ราคาดีกว่าไหม/,Blog,no,fa9c383af66d5f3f,fa9c383af66d5f3f,,,src/content/blog/gaming-notebook-มือสองขายได้ราคาดีกว่าไหม.md
/blog/macbook-battery-health-มีผลต่อราคาไหม/,Blog,yes,881d43aed6e32983,0ae3973daa64ca03,selective_blog_enrichment,C,src/content/blog/macbook-battery-health-มีผลต่อราคาไหม.md
/blog/macbook-cycle-count-เท่าไหร่ถึงราคาตก/,Blog,yes,26dfee59cca57b38,1e05cee1ba8468c3,selective_blog_enrichment,C,src/content/blog/macbook-cycle-count-เท่าไหร่ถึงราคาตก.md
/blog/macbook-คีย์บอร์ดเสีย-ขายได้ไหม/,Blog,no,713d9d36b4de7454,713d9d36b4de7454,,,src/content/blog/macbook-คีย์บอร์ดเสีย-ขายได้ไหม.md
/blog/macbook-จอร้าว-ขายได้ไหม/,Blog,yes,af653ed044890885,adb3a9c236e8ac93,selective_blog_enrichment,C,src/content/blog/macbook-จอร้าว-ขายได้ไหม.md
/blog/macbook-ชาร์จไม่เข้า-ขายได้ไหม/,Blog,no,675a4a4baaae5561,675a4a4baaae5561,,,src/content/blog/macbook-ชาร์จไม่เข้า-ขายได้ไหม.md
/blog/macbook-ติด-mdm-ขายได้ไหม/,Blog,yes,52b20b443c819a9a,e6bfd4b307ad20e8,selective_blog_enrichment,C,src/content/blog/macbook-ติด-mdm-ขายได้ไหม.md
/blog/macbook-แบตบวม-ขายได้ไหม/,Blog,no,d75e322e94879a53,d75e322e94879a53,,,src/content/blog/macbook-แบตบวม-ขายได้ไหม.md
/blog/macbook-ไม่มีกล่อง-ไม่มีใบเสร็จ-ขายได้ไหม/,Blog,no,e5be2fa60230ad8e,e5be2fa60230ad8e,,,src/content/blog/macbook-ไม่มีกล่อง-ไม่มีใบเสร็จ-ขายได้ไหม.md
/blog/macbook-ไม่มีที่ชาร์จ-ขายได้ไหม/,Blog,yes,c73b0341340f2c80,c6caf7033cbd3668,selective_blog_enrichment,C,src/content/blog/macbook-ไม่มีที่ชาร์จ-ขายได้ไหม.md
/blog/ram-8gb-กับ-16gb-มีผลต่อราคารับซื้อไหม/,Blog,no,5881d1d7bb3b53da,5881d1d7bb3b53da,,,src/content/blog/ram-8gb-กับ-16gb-มีผลต่อราคารับซื้อไหม.md
/blog/ssd-256gb-512gb-1tb-มีผลต่อราคาอย่างไร/,Blog,no,f215c2278ebe1643,f215c2278ebe1643,,,src/content/blog/ssd-256gb-512gb-1tb-มีผลต่อราคาอย่างไร.md
/blog/ssd-เสียขายได้ไหม/,Blog,no,bbb518c3fa25cb95,bbb518c3fa25cb95,,,src/content/blog/ssd-เสียขายได้ไหม.md
/blog/กรณีศึกษา-รับซื้อโน๊ตบุ๊คบอร์ดเสียช็อต-ค่าซ่อมไม่คุ้ม/,Blog,no,652ae6accda593fb,652ae6accda593fb,,,src/content/blog/กรณีศึกษา-รับซื้อโน๊ตบุ๊คบอร์ดเสียช็อต-ค่าซ่อมไม่คุ้ม.md
/blog/กรณีศึกษา-รับซื้อโน๊ตบุ๊คองค์กร-20-เครื่อง-ปลด-asset-tag/,Blog,no,fdd6624c5d46a335,fdd6624c5d46a335,,,src/content/blog/กรณีศึกษา-รับซื้อโน๊ตบุ๊คองค์กร-20-เครื่อง-ปลด-asset-tag.md
/blog/กรณีศึกษา-รับซื้อโน๊ตบุ๊คโดนน้ำหก-บอร์ดช็อตเปิดไม่ติด/,Blog,no,0d205d636650750e,0d205d636650750e,,,src/content/blog/กรณีศึกษา-รับซื้อโน๊ตบุ๊คโดนน้ำหก-บอร์ดช็อตเปิดไม่ติด.md
/blog/ก่อนขายโน๊ตบุ๊คต้องล้างข้อมูลอย่างไร/,Blog,no,a9a27ac3e000823a,a9a27ac3e000823a,,,src/content/blog/ก่อนขายโน๊ตบุ๊คต้องล้างข้อมูลอย่างไร.md
/blog/ขาย-macbook-ต้องเตรียมอะไรบ้าง/,Blog,no,595342300be4a9a6,595342300be4a9a6,,,src/content/blog/ขาย-macbook-ต้องเตรียมอะไรบ้าง.md
/blog/ขายโน๊ตบุ๊ค-และขายโน๊ตบุ๊คมือสอง-คู่มือเตรียมเครื่องและปิดดีล/,Blog,no,33c9e8ace5c6b109,33c9e8ace5c6b109,,,src/content/blog/ขายโน๊ตบุ๊ค-และขายโน๊ตบุ๊คมือสอง-คู่มือเตรียมเครื่องและปิดดีล.md
/blog/ขายโน๊ตบุ๊ค-ไม่มีกล่อง-ไม่มีใบเสร็จ/,Blog,no,d995114a1ea25330,d995114a1ea25330,,,src/content/blog/ขายโน๊ตบุ๊ค-ไม่มีกล่อง-ไม่มีใบเสร็จ.md
/blog/ขายโน๊ตบุ๊คที่ไหนดี-ได้ราคาและปลอดภัย/,Blog,no,b4517e360df8d02a,b4517e360df8d02a,,,src/content/blog/ขายโน๊ตบุ๊คที่ไหนดี-ได้ราคาและปลอดภัย.md
/blog/ขายโน๊ตบุ๊คนักศึกษา-ต้องล้างข้อมูลอะไรบ้าง/,Blog,no,c8f98392e29b0408,c8f98392e29b0408,,,src/content/blog/ขายโน๊ตบุ๊คนักศึกษา-ต้องล้างข้อมูลอะไรบ้าง.md
/blog/ขายโน๊ตบุ๊คบริษัท-ต้องเตรียมอะไร/,Blog,no,f67356626bd5e5b4,f67356626bd5e5b4,,,src/content/blog/ขายโน๊ตบุ๊คบริษัท-ต้องเตรียมอะไร.md
/blog/ขายโน๊ตบุ๊คมี-asset-tag-ได้ไหม/,Blog,no,3ec757d93c81d380,3ec757d93c81d380,,,src/content/blog/ขายโน๊ตบุ๊คมี-asset-tag-ได้ไหม.md
/blog/ขายโน๊ตบุ๊คไม่มีกล่อง-ไม่มีที่ชาร์จ-ไม่มีใบเสร็จ-พร้อมกันได้ไหม/,Blog,no,dcceceb7c126ccf1,dcceceb7c126ccf1,,,src/content/blog/ขายโน๊ตบุ๊คไม่มีกล่อง-ไม่มีที่ชาร์จ-ไม่มีใบเสร็จ-พร้อมกันได้ไหม.md
/blog/มีรอยบุบกับรอยขีดข่วน-ราคาต่างกันไหม/,Blog,no,d5a17f048392b991,d5a17f048392b991,,,src/content/blog/มีรอยบุบกับรอยขีดข่วน-ราคาต่างกันไหม.md
/blog/รับซื้อ-acer-nitro-predator-ราคาเท่าไหร่/,Blog,no,b1f76c48c642d9d2,b1f76c48c642d9d2,,,src/content/blog/รับซื้อ-acer-nitro-predator-ราคาเท่าไหร่.md
/blog/รับซื้อ-acer-nitro-v-helios-ราคาเท่าไหร่/,Blog,no,c83481667ccd7789,c83481667ccd7789,,,src/content/blog/รับซื้อ-acer-nitro-v-helios-ราคาเท่าไหร่.md
/blog/รับซื้อ-acer-swift-aspire-ราคาเท่าไหร่/,Blog,no,99f03d0042843f4c,99f03d0042843f4c,,,src/content/blog/รับซื้อ-acer-swift-aspire-ราคาเท่าไหร่.md
/blog/รับซื้อ-acer-travelmate-ราคาเท่าไหร่/,Blog,no,f1cc3cf95cf08380,f1cc3cf95cf08380,,,src/content/blog/รับซื้อ-acer-travelmate-ราคาเท่าไหร่.md
/blog/รับซื้อ-alienware-m16-x16-ราคาเท่าไหร่/,Blog,no,3354bcacbecfd3ad,3354bcacbecfd3ad,,,src/content/blog/รับซื้อ-alienware-m16-x16-ราคาเท่าไหร่.md
/blog/รับซื้อ-asus-expertbook-ราคาเท่าไหร่/,Blog,no,aee38ba1bf5c0432,aee38ba1bf5c0432,,,src/content/blog/รับซื้อ-asus-expertbook-ราคาเท่าไหร่.md
/blog/รับซื้อ-asus-rog-strix-zephyrus-ราคาเท่าไหร่/,Blog,no,bae0ba41435c73b6,bae0ba41435c73b6,,,src/content/blog/รับซื้อ-asus-rog-strix-zephyrus-ราคาเท่าไหร่.md
/blog/รับซื้อ-asus-tuf-rog-ราคาเท่าไหร่/,Blog,no,dc3431c499af8739,dc3431c499af8739,,,src/content/blog/รับซื้อ-asus-tuf-rog-ราคาเท่าไหร่.md
/blog/รับซื้อ-asus-zenbook-vivobook-ราคาเท่าไหร่/,Blog,no,f31e9cab9ddbc1ce,f31e9cab9ddbc1ce,,,src/content/blog/รับซื้อ-asus-zenbook-vivobook-ราคาเท่าไหร่.md
/blog/รับซื้อ-dell-alienware-g-series-ราคาเท่าไหร่/,Blog,no,21d6a9fb444c7fea,21d6a9fb444c7fea,,,src/content/blog/รับซื้อ-dell-alienware-g-series-ราคาเท่าไหร่.md
/blog/รับซื้อ-dell-inspiron-latitude-xps-ราคาเท่าไหร่/,Blog,yes,e8ab9d6cad349137,f6ac8b1debae86e1,selective_blog_enrichment,C,src/content/blog/รับซื้อ-dell-inspiron-latitude-xps-ราคาเท่าไหร่.md
/blog/รับซื้อ-dell-latitude-xps-ราคาเท่าไหร่/,Blog,no,d15ae7d155fca257,d15ae7d155fca257,,,src/content/blog/รับซื้อ-dell-latitude-xps-ราคาเท่าไหร่.md
/blog/รับซื้อ-dell-vostro-ราคาเท่าไหร่/,Blog,yes,f0b890787dcca5c0,aefd20c86092add3,selective_blog_enrichment,C,src/content/blog/รับซื้อ-dell-vostro-ราคาเท่าไหร่.md
/blog/รับซื้อ-gaming-notebook-rtx-3050-4050-4060-ราคาเท่าไหร่/,Blog,no,91cdad262336d68c,91cdad262336d68c,,,src/content/blog/รับซื้อ-gaming-notebook-rtx-3050-4050-4060-ราคาเท่าไหร่.md
/blog/รับซื้อ-gaming-notebook-rtx-4070-4080-4090-ราคาเท่าไหร่/,Blog,no,fa6744d541cfaf51,fa6744d541cfaf51,,,src/content/blog/รับซื้อ-gaming-notebook-rtx-4070-4080-4090-ราคาเท่าไหร่.md
/blog/รับซื้อ-gigabyte-aorus-ราคาเท่าไหร่/,Blog,yes,f796a14bd4c78c9c,e72990787aa12b88,selective_blog_enrichment,C,src/content/blog/รับซื้อ-gigabyte-aorus-ราคาเท่าไหร่.md
/blog/รับซื้อ-honor-magicbook-ราคาเท่าไหร่/,Blog,no,956ea3d208a6ee01,956ea3d208a6ee01,,,src/content/blog/รับซื้อ-honor-magicbook-ราคาเท่าไหร่.md
/blog/รับซื้อ-hp-elitebook-probook-ราคาเท่าไหร่/,Blog,no,3dbd9cb199dc6302,3dbd9cb199dc6302,,,src/content/blog/รับซื้อ-hp-elitebook-probook-ราคาเท่าไหร่.md
/blog/รับซื้อ-hp-pavilion-envy-elitebook-probook-ราคาเท่าไหร่/,Blog,yes,5a47c51aac93681f,f25140fa4791f051,selective_blog_enrichment,C,src/content/blog/รับซื้อ-hp-pavilion-envy-elitebook-probook-ราคาเท่าไหร่.md
/blog/รับซื้อ-hp-spectre-x360-ราคาเท่าไหร่/,Blog,yes,c1ab5bfb292e1e1b,c849499c48dc7643,selective_blog_enrichment,C,src/content/blog/รับซื้อ-hp-spectre-x360-ราคาเท่าไหร่.md
/blog/รับซื้อ-hp-victus-15-16-omen-16-ราคาเท่าไหร่/,Blog,no,589cfd2702b66d64,589cfd2702b66d64,,,src/content/blog/รับซื้อ-hp-victus-15-16-omen-16-ราคาเท่าไหร่.md
/blog/รับซื้อ-hp-victus-omen-ราคาเท่าไหร่/,Blog,no,ca8949b514612b21,ca8949b514612b21,,,src/content/blog/รับซื้อ-hp-victus-omen-ราคาเท่าไหร่.md
/blog/รับซื้อ-huawei-matebook-ราคาเท่าไหร่/,Blog,no,49b0e8ddde437c0f,49b0e8ddde437c0f,,,src/content/blog/รับซื้อ-huawei-matebook-ราคาเท่าไหร่.md
/blog/รับซื้อ-lenovo-ideapad-yoga-ราคาเท่าไหร่/,Blog,yes,771f5b313dd237f8,cc93093e23b4463e,selective_blog_enrichment,C,src/content/blog/รับซื้อ-lenovo-ideapad-yoga-ราคาเท่าไหร่.md
/blog/รับซื้อ-lenovo-legion-5-pro-ราคาเท่าไหร่/,Blog,no,07a22a0fa07428c8,07a22a0fa07428c8,,,src/content/blog/รับซื้อ-lenovo-legion-5-pro-ราคาเท่าไหร่.md
/blog/รับซื้อ-lenovo-legion-loq-ราคาเท่าไหร่/,Blog,no,08d6538e66d52351,08d6538e66d52351,,,src/content/blog/รับซื้อ-lenovo-legion-loq-ราคาเท่าไหร่.md
/blog/รับซื้อ-lenovo-thinkbook-ราคาเท่าไหร่/,Blog,yes,9d4e76e393068ecb,e65262f3c6d7690d,selective_blog_enrichment,C,src/content/blog/รับซื้อ-lenovo-thinkbook-ราคาเท่าไหร่.md
/blog/รับซื้อ-lg-gram-ราคาเท่าไหร่/,Blog,yes,fba5119567c9ef71,47d7c847136125ac,selective_blog_enrichment,C,src/content/blog/รับซื้อ-lg-gram-ราคาเท่าไหร่.md
/blog/รับซื้อ-macbook-air-13-15-ราคาเท่าไหร่/,Blog,yes,91411321277150d7,ba29a9f1a5b90233,selective_blog_enrichment,C,src/content/blog/รับซื้อ-macbook-air-13-15-ราคาเท่าไหร่.md
/blog/รับซื้อ-macbook-air-m1-ราคาเท่าไหร่/,Blog,no,b1c3f1d8fd4aea5c,b1c3f1d8fd4aea5c,,,src/content/blog/รับซื้อ-macbook-air-m1-ราคาเท่าไหร่.md
/blog/รับซื้อ-macbook-air-m2-ราคาเท่าไหร่/,Blog,no,116190b43bc0ca3b,116190b43bc0ca3b,,,src/content/blog/รับซื้อ-macbook-air-m2-ราคาเท่าไหร่.md
/blog/รับซื้อ-macbook-air-m3-ราคาเท่าไหร่/,Blog,no,32464706affb3889,32464706affb3889,,,src/content/blog/รับซื้อ-macbook-air-m3-ราคาเท่าไหร่.md
/blog/รับซื้อ-macbook-air-m4-ราคาเท่าไหร่/,Blog,no,6acf15fc9ed13d1f,6acf15fc9ed13d1f,,,src/content/blog/รับซื้อ-macbook-air-m4-ราคาเท่าไหร่.md
/blog/รับซื้อ-macbook-air-m5-ราคาเท่าไหร่/,Blog,no,4f8c219a5d9540f3,4f8c219a5d9540f3,,,src/content/blog/รับซื้อ-macbook-air-m5-ราคาเท่าไหร่.md
/blog/รับซื้อ-macbook-pro-14-16-ราคาเท่าไหร่/,Blog,yes,891e4b71c0837d12,6205520e872052df,selective_blog_enrichment,C,src/content/blog/รับซื้อ-macbook-pro-14-16-ราคาเท่าไหร่.md
/blog/รับซื้อ-macbook-pro-m1-ราคาเท่าไหร่/,Blog,no,bedec7456737a46b,bedec7456737a46b,,,src/content/blog/รับซื้อ-macbook-pro-m1-ราคาเท่าไหร่.md
/blog/รับซื้อ-macbook-pro-m2-ราคาเท่าไหร่/,Blog,no,830c3c6947fa30e3,830c3c6947fa30e3,,,src/content/blog/รับซื้อ-macbook-pro-m2-ราคาเท่าไหร่.md
/blog/รับซื้อ-macbook-pro-m3-ราคาเท่าไหร่/,Blog,no,e4dca07db9844d0c,e4dca07db9844d0c,,,src/content/blog/รับซื้อ-macbook-pro-m3-ราคาเท่าไหร่.md
/blog/รับซื้อ-macbook-pro-m4-ราคาเท่าไหร่/,Blog,no,79437f2b0d4cda71,79437f2b0d4cda71,,,src/content/blog/รับซื้อ-macbook-pro-m4-ราคาเท่าไหร่.md
/blog/รับซื้อ-macbook-pro-m5-ราคาเท่าไหร่/,Blog,no,1a19eafc0f4e3cc8,1a19eafc0f4e3cc8,,,src/content/blog/รับซื้อ-macbook-pro-m5-ราคาเท่าไหร่.md
/blog/รับซื้อ-msi-katana-15-cyborg-15-stealth-ราคาเท่าไหร่/,Blog,no,964c6535f8e724d1,964c6535f8e724d1,,,src/content/blog/รับซื้อ-msi-katana-15-cyborg-15-stealth-ราคาเท่าไหร่.md
/blog/รับซื้อ-msi-katana-cyborg-stealth-raider-ราคาเท่าไหร่/,Blog,no,b207a62f7548ec69,b207a62f7548ec69,,,src/content/blog/รับซื้อ-msi-katana-cyborg-stealth-raider-ราคาเท่าไหร่.md
/blog/รับซื้อ-msi-modern-ราคาเท่าไหร่/,Blog,yes,7cdc18df2431d744,830ae1abf2f2ea13,selective_blog_enrichment,C,src/content/blog/รับซื้อ-msi-modern-ราคาเท่าไหร่.md
/blog/รับซื้อ-notebook-คู่มือผู้ขายจากสเปกถึงการนัดรับ/,Blog,no,feb9da3126b285a1,feb9da3126b285a1,,,src/content/blog/รับซื้อ-notebook-คู่มือผู้ขายจากสเปกถึงการนัดรับ.md
/blog/รับซื้อ-razer-blade-ราคาเท่าไหร่/,Blog,yes,202c9b8dcf795cfc,9739067fe99418c2,selective_blog_enrichment,C,src/content/blog/รับซื้อ-razer-blade-ราคาเท่าไหร่.md
/blog/รับซื้อ-samsung-galaxy-book-ราคาเท่าไหร่/,Blog,yes,5453fc38b399d9f4,30bfebab99766deb,selective_blog_enrichment,C,src/content/blog/รับซื้อ-samsung-galaxy-book-ราคาเท่าไหร่.md
/blog/รับซื้อ-surface-laptop-go-book-pro-ราคาเท่าไหร่/,Blog,yes,9e9f7cfe2e4fc18f,cca72dc4fc476a64,selective_blog_enrichment,C,src/content/blog/รับซื้อ-surface-laptop-go-book-pro-ราคาเท่าไหร่.md
/blog/รับซื้อ-surface-laptop-pro-ราคาเท่าไหร่/,Blog,no,004cac2824922d9b,004cac2824922d9b,,,src/content/blog/รับซื้อ-surface-laptop-pro-ราคาเท่าไหร่.md
/blog/รับซื้อ-thinkpad-x1-carbon-t14-e14-e15-ราคาเท่าไหร่/,Blog,no,ce389c6e1f9f6abb,ce389c6e1f9f6abb,,,src/content/blog/รับซื้อ-thinkpad-x1-carbon-t14-e14-e15-ราคาเท่าไหร่.md
/blog/รับซื้อโน๊ตบุ๊ค-core-i5-i7-ryzen-5-7-ราคาเท่าไหร่/,Blog,no,d1d9b9659025455d,d1d9b9659025455d,,,src/content/blog/รับซื้อโน๊ตบุ๊ค-core-i5-i7-ryzen-5-7-ราคาเท่าไหร่.md
/blog/รับซื้อโน๊ตบุ๊ค-คู่มือครบวงจรสำหรับผู้ขาย/,Blog,no,7172b2e6901876ea,7172b2e6901876ea,,,src/content/blog/รับซื้อโน๊ตบุ๊ค-คู่มือครบวงจรสำหรับผู้ขาย.md
/blog/รับซื้อโน๊ตบุ๊ค-ราคาเท่าไหร่/,Blog,no,daa06d88b5bad223,daa06d88b5bad223,,,src/content/blog/รับซื้อโน๊ตบุ๊ค-ราคาเท่าไหร่.md
/blog/รับซื้อโน๊ตบุ๊คมือสอง-คู่มือผู้ขายฉบับลึก/,Blog,no,aadf843d2fb5e87c,aadf843d2fb5e87c,,,src/content/blog/รับซื้อโน๊ตบุ๊คมือสอง-คู่มือผู้ขายฉบับลึก.md
/blog/รับซื้อโน๊ตบุ๊คออนไลน์-ส่งรูปประเมินราคาผ่านไลน์/,Blog,no,1ab2602f1ce550c4,1ab2602f1ce550c4,,,src/content/blog/รับซื้อโน๊ตบุ๊คออนไลน์-ส่งรูปประเมินราคาผ่านไลน์.md
/blog/ร้านรับซื้อโน๊ตบุ๊ค-วิธีเลือกร้านที่ปลอดภัยและไม่โดนหลอก/,Blog,no,c9bea4870174cf73,c9bea4870174cf73,,,src/content/blog/ร้านรับซื้อโน๊ตบุ๊ค-วิธีเลือกร้านที่ปลอดภัยและไม่โดนหลอก.md
/blog/ร้านรับซื้อโน๊ตบุ๊ค-เช็คราคาโน๊ตบุ๊ค-ประเมินราคา-คีย์หลัก/,Blog,no,25f0d2ba369be989,25f0d2ba369be989,,,src/content/blog/ร้านรับซื้อโน๊ตบุ๊ค-เช็คราคาโน๊ตบุ๊ค-ประเมินราคา-คีย์หลัก.md
/blog/วิธีดูรุ่นโน๊ตบุ๊ค-windows-ก่อนส่งประเมินราคา/,Blog,no,22bbd0b8179f861f,22bbd0b8179f861f,,,src/content/blog/วิธีดูรุ่นโน๊ตบุ๊ค-windows-ก่อนส่งประเมินราคา.md
/blog/วิธีดูสเปก-cpu-ram-ssd-ของโน๊ตบุ๊ค/,Blog,yes,a7fcf7917116b792,880431e1d5fe4b5e,selective_blog_enrichment,C,src/content/blog/วิธีดูสเปก-cpu-ram-ssd-ของโน๊ตบุ๊ค.md
/blog/วิธีเช็คสุขภาพแบตโน๊ตบุ๊ค-windows/,Blog,no,ff3299274862be04,ff3299274862be04,,,src/content/blog/วิธีเช็คสุขภาพแบตโน๊ตบุ๊ค-windows.md
/blog/วิธีเช็คสเปกโน๊ตบุ๊ค-windows-ก่อนขาย/,Blog,no,d938e5305542f604,d938e5305542f604,,,src/content/blog/วิธีเช็คสเปกโน๊ตบุ๊ค-windows-ก่อนขาย.md
/blog/อะไรทำให้ราคาโน๊ตบุ๊คมือสองลดลง/,Blog,no,a90f9346590bc1aa,a90f9346590bc1aa,,,src/content/blog/อะไรทำให้ราคาโน๊ตบุ๊คมือสองลดลง.md
/blog/ฮาร์ดดิสก์กับ-ssd-ผลต่อราคารับซื้อโน๊ตบุ๊คมือสอง/,Blog,no,8c6d739c0d823fb7,8c6d739c0d823fb7,,,src/content/blog/ฮาร์ดดิสก์กับ-ssd-ผลต่อราคารับซื้อโน๊ตบุ๊คมือสอง.md
/blog/ฮาร์ดดิสก์เสียขายได้ไหม/,Blog,no,592fd1ee6baa4a26,592fd1ee6baa4a26,,,src/content/blog/ฮาร์ดดิสก์เสียขายได้ไหม.md
/blog/เช็คราคาโน๊ตบุ๊ค-ตีราคาโน๊ตบุ๊ค-ประเมินราคา-ต่างกันอย่างไร/,Blog,no,e513cb37af0213a6,e513cb37af0213a6,,,src/content/blog/เช็คราคาโน๊ตบุ๊ค-ตีราคาโน๊ตบุ๊ค-ประเมินราคา-ต่างกันอย่างไร.md
/blog/เช็คลิสต์ถ่ายรูปโน๊ตบุ๊คก่อนส่งประเมินราคา/,Blog,no,3967c02946b0222a,3967c02946b0222a,,,src/content/blog/เช็คลิสต์ถ่ายรูปโน๊ตบุ๊คก่อนส่งประเมินราคา.md
/blog/โน๊ตบุ๊ค-hdmi-เสียขายได้ไหม/,Blog,no,211960f3e2840d22,211960f3e2840d22,,,src/content/blog/โน๊ตบุ๊ค-hdmi-เสียขายได้ไหม.md
/blog/โน๊ตบุ๊คคีย์บอร์ดเสียขายได้ไหม/,Blog,no,cf608af9b5c17cfb,cf608af9b5c17cfb,,,src/content/blog/โน๊ตบุ๊คคีย์บอร์ดเสียขายได้ไหม.md
/blog/โน๊ตบุ๊คค้างบ่อยขายได้ไหม/,Blog,no,85699391f4f846ed,85699391f4f846ed,,,src/content/blog/โน๊ตบุ๊คค้างบ่อยขายได้ไหม.md
/blog/โน๊ตบุ๊คจอกระพริบขายได้ไหม/,Blog,no,4bf9eeefc38d497b,4bf9eeefc38d497b,,,src/content/blog/โน๊ตบุ๊คจอกระพริบขายได้ไหม.md
/blog/โน๊ตบุ๊คจอฟ้าขายได้ไหม/,Blog,no,13bc863f704c0ce8,13bc863f704c0ce8,,,src/content/blog/โน๊ตบุ๊คจอฟ้าขายได้ไหม.md
/blog/โน๊ตบุ๊คจอมีเส้นขายได้ไหม/,Blog,no,a73a32d68e267d56,a73a32d68e267d56,,,src/content/blog/โน๊ตบุ๊คจอมีเส้นขายได้ไหม.md
/blog/โน๊ตบุ๊คจอแตกยังมีราคาไหม/,Blog,no,201bfad5629bb5f8,201bfad5629bb5f8,,,src/content/blog/โน๊ตบุ๊คจอแตกยังมีราคาไหม.md
/blog/โน๊ตบุ๊คจอไม่ติดแต่เครื่องติดขายได้ไหม/,Blog,no,daa0a8ea9bb79909,daa0a8ea9bb79909,,,src/content/blog/โน๊ตบุ๊คจอไม่ติดแต่เครื่องติดขายได้ไหม.md
/blog/โน๊ตบุ๊คชาร์จไม่เข้า-พอร์ตชาร์จเสียขายได้ไหม/,Blog,no,2171bce4fc30ab7c,2171bce4fc30ab7c,,,src/content/blog/โน๊ตบุ๊คชาร์จไม่เข้า-พอร์ตชาร์จเสียขายได้ไหม.md
/blog/โน๊ตบุ๊คช่องหูฟังเสียขายได้ไหม/,Blog,no,0901eedd08d0a6be,0901eedd08d0a6be,,,src/content/blog/โน๊ตบุ๊คช่องหูฟังเสียขายได้ไหม.md
/blog/โน๊ตบุ๊คติดรหัส-windows-ขายได้ไหม/,Blog,no,4b0b0e7c73f5f536,4b0b0e7c73f5f536,,,src/content/blog/โน๊ตบุ๊คติดรหัส-windows-ขายได้ไหม.md
/blog/โน๊ตบุ๊คทัชสกรีนเสียขายได้ไหม/,Blog,no,26ef2384c7697321,26ef2384c7697321,,,src/content/blog/โน๊ตบุ๊คทัชสกรีนเสียขายได้ไหม.md
/blog/โน๊ตบุ๊คบลูทูธใช้ไม่ได้ขายได้ไหม/,Blog,no,975b61d183cc0470,975b61d183cc0470,,,src/content/blog/โน๊ตบุ๊คบลูทูธใช้ไม่ได้ขายได้ไหม.md
/blog/โน๊ตบุ๊คบอดี้แตกขายได้ไหม/,Blog,no,6a38273a8ce1bf31,6a38273a8ce1bf31,,,src/content/blog/โน๊ตบุ๊คบอดี้แตกขายได้ไหม.md
/blog/โน๊ตบุ๊คบานพับแตกขายได้ไหม/,Blog,no,d232c5a5fbc32e3c,d232c5a5fbc32e3c,,,src/content/blog/โน๊ตบุ๊คบานพับแตกขายได้ไหม.md
/blog/โน๊ตบุ๊คบูตวนขายได้ไหม/,Blog,no,0890e0c84c4b0c22,0890e0c84c4b0c22,,,src/content/blog/โน๊ตบุ๊คบูตวนขายได้ไหม.md
/blog/โน๊ตบุ๊คฝาหลังบวมขายได้ไหม/,Blog,no,dfff0333ad1f0f29,dfff0333ad1f0f29,,,src/content/blog/โน๊ตบุ๊คฝาหลังบวมขายได้ไหม.md
/blog/โน๊ตบุ๊คฝาหลังร้าวขายได้ไหม/,Blog,no,09e5dd66f227393c,09e5dd66f227393c,,,src/content/blog/โน๊ตบุ๊คฝาหลังร้าวขายได้ไหม.md
/blog/โน๊ตบุ๊คพอร์ต-type-c-เสียขายได้ไหม/,Blog,no,03ecd11ead3e35c5,03ecd11ead3e35c5,,,src/content/blog/โน๊ตบุ๊คพอร์ต-type-c-เสียขายได้ไหม.md
/blog/โน๊ตบุ๊คพอร์ตแลนเสียขายได้ไหม/,Blog,no,1dde136a3b594846,1dde136a3b594846,,,src/content/blog/โน๊ตบุ๊คพอร์ตแลนเสียขายได้ไหม.md
/blog/โน๊ตบุ๊คพัดลมดังขายได้ไหม/,Blog,no,49fe8d11e7340730,49fe8d11e7340730,,,src/content/blog/โน๊ตบุ๊คพัดลมดังขายได้ไหม.md
/blog/โน๊ตบุ๊คมีประกันเหลือ-ขายมือสองได้เปรียบเรื่องราคาไหม/,Blog,no,e51a490bae8312fe,e51a490bae8312fe,,,src/content/blog/โน๊ตบุ๊คมีประกันเหลือ-ขายมือสองได้เปรียบเรื่องราคาไหม.md
/blog/โน๊ตบุ๊ครีสตาร์ทเองขายได้ไหม/,Blog,no,d3fb69d1ab544f69,d3fb69d1ab544f69,,,src/content/blog/โน๊ตบุ๊ครีสตาร์ทเองขายได้ไหม.md
/blog/โน๊ตบุ๊คร้อนจัดดับเองขายได้ไหม/,Blog,no,6d67cb323510da96,6d67cb323510da96,,,src/content/blog/โน๊ตบุ๊คร้อนจัดดับเองขายได้ไหม.md
/blog/โน๊ตบุ๊คเปิดไม่ติดขายได้ไหม/,Blog,no,b39233d0dc42a62b,b39233d0dc42a62b,,,src/content/blog/โน๊ตบุ๊คเปิดไม่ติดขายได้ไหม.md
/blog/โน๊ตบุ๊คเสียขายได้ไหม/,Blog,no,3110249204a9d2a7,3110249204a9d2a7,,,src/content/blog/โน๊ตบุ๊คเสียขายได้ไหม.md
/blog/โน๊ตบุ๊คแบตบวมขายได้ไหม/,Blog,no,cc43055c5262ab2e,cc43055c5262ab2e,,,src/content/blog/โน๊ตบุ๊คแบตบวมขายได้ไหม.md
/blog/โน๊ตบุ๊คแบตเสื่อมขายได้ไหม/,Blog,no,580e7b9c37398ba2,580e7b9c37398ba2,,,src/content/blog/โน๊ตบุ๊คแบตเสื่อมขายได้ไหม.md
/blog/โน๊ตบุ๊คโดนน้ำขายได้ไหม/,Blog,no,12309a2c6f288b0b,12309a2c6f288b0b,,,src/content/blog/โน๊ตบุ๊คโดนน้ำขายได้ไหม.md
/blog/โน๊ตบุ๊คไฟไม่เข้าขายได้ไหม/,Blog,no,d86c23eef9b1f202,d86c23eef9b1f202,,,src/content/blog/โน๊ตบุ๊คไฟไม่เข้าขายได้ไหม.md
/blog/โน๊ตบุ๊คไม่มีที่ชาร์จขายได้ไหม/,Blog,yes,f34181e96ca305c9,c7518cddb8cfbefe,selective_blog_enrichment,C,src/content/blog/โน๊ตบุ๊คไม่มีที่ชาร์จขายได้ไหม.md
/รับซื้อโน๊ตบุ๊ค/{location}/{brand|condition}/,Noindex combo,no,1ced6c1749ddd125,1ced6c1749ddd125,,,src/pages/รับซื้อโน๊ตบุ๊ค/[location]/[slug].astro
