URL,Page type,Score,Quality status,Word count,Similarity risk,Priority
/,Homepage,91,Strong,1033,Low,1
/รับซื้อ-notebook/,Notebook-English,91,Strong,1184,Low,1
/รับซื้อโน๊ตบุ๊คมือสอง/,Second-hand,91,Strong,1081,Low,1
/รับซื้อโน๊ตบุ๊คบริษัท/,Secondary service,88,Strong,3921,Low,1
/เช็คราคาโน๊ตบุ๊ค/,Price/valuation,91,Strong,891,Low,1
/เช็คราคาโน๊ตบุ๊คมือสอง/,Price/valuation,88,Strong,4456,Low,1
/ตีราคาโน๊ตบุ๊ค/,Price/valuation,86,Strong,1811,Low,1
/ขายโน๊ตบุ๊ค/,Secondary service,91,Strong,897,Low,1
/ขายโน๊ตบุ๊คด่วน/,Secondary service,83,Good,1992,Low,2
/วิธีขายโน๊ตบุ๊ค/,Guide,88,Strong,4116,Low,2
/รับเหมาโน๊ตบุ๊ค/,Secondary service,83,Good,2748,Low,2
/รับเหมาคอมพิวเตอร์/,Secondary service,83,Good,2782,Low,2
/รับประมูลคอม/,Secondary service,83,Good,2658,Low,2
/พื้นที่ให้บริการ/,Utility,91,Strong,1348,Low,2
/คำถามที่พบบ่อย/,FAQ,88,Strong,4491,Low,2
/เกี่ยวกับเรา/,About,86,Strong,758,Low,2
/ติดต่อเรา/,Contact,88,Strong,671,Low,2
/นโยบายความเป็นส่วนตัว/,Legal,80,Good,476,Low,3
/ขั้นตอนและเงื่อนไขการให้บริการ/,Legal,83,Good,891,Low,3
/เว็บไซต์ในเครือ/,Utility,83,Good,930,Low,3
/blog/,Blog,72,Good,202,Low,2
/sitemap/,Utility,78,Good,554,Low,3
/รับซื้อโน๊ตบุ๊ค/acer-aspire-5/,Model,81,Good,411,Low,2
/รับซื้อโน๊ตบุ๊ค/acer-nitro-16/,Model,85,Strong,496,Low,2
/รับซื้อโน๊ตบุ๊ค/acer-nitro-17/,Model,81,Good,398,Low,2
/รับซื้อโน๊ตบุ๊ค/acer-nitro-v/,Model,85,Strong,504,Low,2
/รับซื้อโน๊ตบุ๊ค/acer-predator-helios/,Model,81,Good,392,Low,2
/รับซื้อโน๊ตบุ๊ค/acer-predator-neo/,Model,85,Strong,489,Low,2
/รับซื้อโน๊ตบุ๊ค/acer-predator-triton/,Model,83,Good,396,Low,2
/รับซื้อโน๊ตบุ๊ค/acer-swift/,Series,85,Strong,686,Low,2
/รับซื้อโน๊ตบุ๊ค/acer-travelmate/,Series,85,Strong,680,Low,2
/รับซื้อโน๊ตบุ๊ค/acer/,Brand,90,Strong,982,Low,1
/รับซื้อโน๊ตบุ๊ค/alienware-m15-r7-r8/,Model,83,Good,411,Low,2
/รับซื้อโน๊ตบุ๊ค/alienware-m16/,Model,81,Good,401,Low,2
/รับซื้อโน๊ตบุ๊ค/alienware-m18/,Model,81,Good,399,Low,2
/รับซื้อโน๊ตบุ๊ค/alienware-x16/,Series,81,Good,416,Low,2
/รับซื้อโน๊ตบุ๊ค/asus-expertbook/,Series,85,Strong,675,Low,2
/รับซื้อโน๊ตบุ๊ค/asus-rog-ally-x/,Model,81,Good,409,Low,2
/รับซื้อโน๊ตบุ๊ค/asus-rog-flow/,Model,81,Good,414,Low,2
/รับซื้อโน๊ตบุ๊ค/asus-rog-strix/,Model,85,Strong,548,Low,2
/รับซื้อโน๊ตบุ๊ค/asus-tuf-a15-f15/,Model,85,Strong,531,Low,2
/รับซื้อโน๊ตบุ๊ค/asus-vivobook/,Series,85,Strong,668,Low,2
/รับซื้อโน๊ตบุ๊ค/asus-zenbook/,Series,85,Strong,672,Low,2
/รับซื้อโน๊ตบุ๊ค/asus-zephyrus-g14/,Model,81,Good,406,Low,2
/รับซื้อโน๊ตบุ๊ค/asus-zephyrus-g16/,Model,81,Good,403,Low,2
/รับซื้อโน๊ตบุ๊ค/asus-zephyrus/,Series,88,Strong,703,Low,2
/รับซื้อโน๊ตบุ๊ค/asus/,Brand,90,Strong,933,Low,1
/รับซื้อโน๊ตบุ๊ค/dell-g15-g16/,Model,81,Good,418,Low,2
/รับซื้อโน๊ตบุ๊ค/dell-inspiron-15/,Model,81,Good,398,Low,2
/รับซื้อโน๊ตบุ๊ค/dell-latitude/,Series,88,Strong,701,Low,2
/รับซื้อโน๊ตบุ๊ค/dell-vostro/,Series,85,Strong,667,Low,2
/รับซื้อโน๊ตบุ๊ค/dell-xps-13-15/,Model,81,Good,401,Low,2
/รับซื้อโน๊ตบุ๊ค/dell/,Brand,90,Strong,938,Low,1
/รับซื้อโน๊ตบุ๊ค/gaming/,Brand,90,Strong,2687,Low,1
/รับซื้อโน๊ตบุ๊ค/gigabyte-aorus/,Series,81,Good,437,Low,2
/รับซื้อโน๊ตบุ๊ค/gigabyte/,Brand,76,Good,306,Low,1
/รับซื้อโน๊ตบุ๊ค/honor-magicbook/,Series,81,Good,397,Low,2
/รับซื้อโน๊ตบุ๊ค/honor/,Brand,76,Good,281,Low,1
/รับซื้อโน๊ตบุ๊ค/hp-elitebook/,Series,85,Strong,677,Low,2
/รับซื้อโน๊ตบุ๊ค/hp-envy-x360/,Model,81,Good,391,Low,2
/รับซื้อโน๊ตบุ๊ค/hp-omen-16/,Model,81,Good,380,Low,2
/รับซื้อโน๊ตบุ๊ค/hp-omen-17/,Model,81,Good,393,Low,2
/รับซื้อโน๊ตบุ๊ค/hp-omen-transcend/,Model,81,Good,414,Low,2
/รับซื้อโน๊ตบุ๊ค/hp-pavilion/,Series,85,Strong,653,Low,2
/รับซื้อโน๊ตบุ๊ค/hp-probook/,Series,85,Strong,677,Low,2
/รับซื้อโน๊ตบุ๊ค/hp-spectre-x360/,Model,81,Good,412,Low,2
/รับซื้อโน๊ตบุ๊ค/hp-victus-15/,Model,85,Strong,485,Low,2
/รับซื้อโน๊ตบุ๊ค/hp-victus-16/,Model,85,Strong,492,Low,2
/รับซื้อโน๊ตบุ๊ค/hp-victus-17/,Model,81,Good,416,Low,2
/รับซื้อโน๊ตบุ๊ค/hp/,Brand,90,Strong,927,Low,1
/รับซื้อโน๊ตบุ๊ค/huawei-matebook/,Series,81,Good,410,Low,2
/รับซื้อโน๊ตบุ๊ค/huawei/,Brand,90,Strong,843,Low,1
/รับซื้อโน๊ตบุ๊ค/lenovo-ideapad-3-5/,Model,86,Strong,413,Low,2
/รับซื้อโน๊ตบุ๊ค/lenovo-legion-5/,Model,82,Good,483,Low,2
/รับซื้อโน๊ตบุ๊ค/lenovo-legion-pro-7/,Model,87,Strong,490,Low,2
/รับซื้อโน๊ตบุ๊ค/lenovo-legion-pro/,Model,85,Strong,588,Low,2
/รับซื้อโน๊ตบุ๊ค/lenovo-legion-slim/,Model,85,Strong,590,Low,2
/รับซื้อโน๊ตบุ๊ค/lenovo-loq-15-16/,Model,85,Strong,540,Low,2
/รับซื้อโน๊ตบุ๊ค/lenovo-thinkbook/,Series,85,Strong,677,Low,2
/รับซื้อโน๊ตบุ๊ค/lenovo-yoga/,Series,88,Strong,704,Low,2
/รับซื้อโน๊ตบุ๊ค/lenovo/,Brand,90,Strong,1016,Low,1
/รับซื้อโน๊ตบุ๊ค/lg-gram/,Series,81,Good,410,Low,2
/รับซื้อโน๊ตบุ๊ค/lg/,Brand,76,Good,310,Low,1
/รับซื้อโน๊ตบุ๊ค/macbook-air-13/,Model,87,Strong,478,Low,2
/รับซื้อโน๊ตบุ๊ค/macbook-air-15/,Model,87,Strong,477,Low,2
/รับซื้อโน๊ตบุ๊ค/macbook-air-m1/,Model,85,Strong,505,Low,2
/รับซื้อโน๊ตบุ๊ค/macbook-air-m2/,Model,85,Strong,517,Low,2
/รับซื้อโน๊ตบุ๊ค/macbook-air-m3/,Model,81,Good,418,Low,2
/รับซื้อโน๊ตบุ๊ค/macbook-air-m4/,Model,87,Strong,482,Low,2
/รับซื้อโน๊ตบุ๊ค/macbook-air-m5/,Model,87,Strong,482,Low,2
/รับซื้อโน๊ตบุ๊ค/macbook-pro-14/,Model,87,Strong,482,Low,2
/รับซื้อโน๊ตบุ๊ค/macbook-pro-16/,Model,87,Strong,482,Low,2
/รับซื้อโน๊ตบุ๊ค/macbook-pro-m1/,Model,85,Strong,529,Low,2
/รับซื้อโน๊ตบุ๊ค/macbook-pro-m2/,Model,85,Strong,524,Low,2
/รับซื้อโน๊ตบุ๊ค/macbook-pro-m3/,Model,85,Strong,503,Low,2
/รับซื้อโน๊ตบุ๊ค/macbook-pro-m4/,Model,85,Strong,495,Low,2
/รับซื้อโน๊ตบุ๊ค/macbook-pro-m5/,Model,85,Strong,460,Low,2
/รับซื้อโน๊ตบุ๊ค/macbook/,Brand,90,Strong,904,Low,1
/รับซื้อโน๊ตบุ๊ค/msi-cyborg-15/,Model,87,Strong,484,Low,2
/รับซื้อโน๊ตบุ๊ค/msi-katana-15/,Model,87,Strong,484,Low,2
/รับซื้อโน๊ตบุ๊ค/msi-modern/,Series,85,Strong,663,Low,2
/รับซื้อโน๊ตบุ๊ค/msi-raider-18/,Model,87,Strong,484,Low,2
/รับซื้อโน๊ตบุ๊ค/msi-stealth-14/,Model,87,Strong,479,Low,2
/รับซื้อโน๊ตบุ๊ค/msi-stealth-16/,Model,87,Strong,479,Low,2
/รับซื้อโน๊ตบุ๊ค/msi-vector-16-hx/,Model,87,Strong,491,Low,2
/รับซื้อโน๊ตบุ๊ค/msi/,Brand,90,Strong,934,Low,1
/รับซื้อโน๊ตบุ๊ค/razer-blade/,Series,81,Good,430,Low,2
/รับซื้อโน๊ตบุ๊ค/razer/,Brand,76,Good,305,Low,1
/รับซื้อโน๊ตบุ๊ค/samsung-galaxy-book/,Model,87,Strong,447,Low,2
/รับซื้อโน๊ตบุ๊ค/samsung/,Brand,90,Strong,861,Low,1
/รับซื้อโน๊ตบุ๊ค/surface-book/,Series,81,Good,448,Low,2
/รับซื้อโน๊ตบุ๊ค/surface-laptop-go/,Model,86,Strong,392,Low,2
/รับซื้อโน๊ตบุ๊ค/surface-laptop/,Series,85,Strong,674,Low,2
/รับซื้อโน๊ตบุ๊ค/surface-pro/,Series,85,Strong,694,Low,2
/รับซื้อโน๊ตบุ๊ค/surface/,Brand,90,Strong,887,Low,1
/รับซื้อโน๊ตบุ๊ค/thinkpad-e14-e15/,Model,85,Strong,576,Low,2
/รับซื้อโน๊ตบุ๊ค/thinkpad-t14/,Series,85,Strong,680,Low,2
/รับซื้อโน๊ตบุ๊ค/thinkpad-x1-carbon/,Model,85,Strong,578,Low,2
/รับซื้อโน๊ตบุ๊ค/hdmi-เสีย/,Condition,83,Good,352,Low,1
/รับซื้อโน๊ตบุ๊ค/macbook-battery-health/,Condition,92,Strong,700,Low,1
/รับซื้อโน๊ตบุ๊ค/macbook-battery-swollen/,Condition,83,Good,307,Low,1
/รับซื้อโน๊ตบุ๊ค/macbook-charge-port/,Condition,81,Good,298,Low,1
/รับซื้อโน๊ตบุ๊ค/macbook-cycle-count/,Condition,81,Good,281,Low,1
/รับซื้อโน๊ตบุ๊ค/macbook-keyboard-issue/,Condition,81,Good,269,Low,1
/รับซื้อโน๊ตบุ๊ค/macbook-mdm/,Condition,89,Strong,586,Low,1
/รับซื้อโน๊ตบุ๊ค/macbook-no-box-no-receipt/,Condition,83,Good,353,Low,1
/รับซื้อโน๊ตบุ๊ค/macbook-screen-crack/,Condition,81,Good,307,Low,1
/รับซื้อโน๊ตบุ๊ค/ssd-เสีย/,Condition,86,Strong,261,Low,1
/รับซื้อโน๊ตบุ๊ค/wifi-ไม่ติด/,Condition,86,Strong,264,Low,1
/รับซื้อโน๊ตบุ๊ค/กล้องเสีย/,Condition,86,Strong,388,Low,1
/รับซื้อโน๊ตบุ๊ค/คีย์บอร์ดเสีย/,Condition,81,Good,267,Low,1
/รับซื้อโน๊ตบุ๊ค/ค้างบ่อย/,Condition,85,Strong,258,Low,1
/รับซื้อโน๊ตบุ๊ค/จอฟ้า/,Condition,86,Strong,289,Low,1
/รับซื้อโน๊ตบุ๊ค/จอมีเส้น/,Condition,86,Strong,267,Low,1
/รับซื้อโน๊ตบุ๊ค/จอแตก/,Condition,87,Strong,675,Low,1
/รับซื้อโน๊ตบุ๊ค/จอไม่ติดแต่เครื่องติด/,Condition,86,Strong,270,Low,1
/รับซื้อโน๊ตบุ๊ค/ช่องหูฟังเสีย/,Condition,86,Strong,333,Low,1
/รับซื้อโน๊ตบุ๊ค/ตกรุ่น/,Condition,83,Good,357,Low,1
/รับซื้อโน๊ตบุ๊ค/ทัชสกรีนเสีย/,Condition,86,Strong,285,Low,1
/รับซื้อโน๊ตบุ๊ค/ทัชแพดเสีย/,Condition,86,Strong,302,Low,1
/รับซื้อโน๊ตบุ๊ค/บลูทูธใช้ไม่ได้/,Condition,86,Strong,278,Low,1
/รับซื้อโน๊ตบุ๊ค/บอดี้แตก/,Condition,86,Strong,272,Low,1
/รับซื้อโน๊ตบุ๊ค/บานพับแตก/,Condition,79,Good,244,Low,1
/รับซื้อโน๊ตบุ๊ค/บูตวน/,Condition,83,Good,254,Low,1
/รับซื้อโน๊ตบุ๊ค/ฝาหลังบวม/,Condition,86,Strong,280,Low,1
/รับซื้อโน๊ตบุ๊ค/พอร์ต-type-c-เสีย/,Condition,86,Strong,301,Low,1
/รับซื้อโน๊ตบุ๊ค/พอร์ต-usb-เสีย/,Condition,86,Strong,401,Low,1
/รับซื้อโน๊ตบุ๊ค/พอร์ตแลนเสีย/,Condition,83,Good,255,Low,1
/รับซื้อโน๊ตบุ๊ค/พัดลมดัง/,Condition,86,Strong,323,Low,1
/รับซื้อโน๊ตบุ๊ค/รีสตาร์ทเอง/,Condition,83,Good,276,Low,1
/รับซื้อโน๊ตบุ๊ค/ร้อนจัดดับเอง/,Condition,88,Strong,744,Low,1
/รับซื้อโน๊ตบุ๊ค/ลำโพงเสีย/,Condition,86,Strong,438,Low,1
/รับซื้อโน๊ตบุ๊ค/ฮาร์ดดิสก์เสีย/,Condition,86,Strong,277,Low,1
/รับซื้อโน๊ตบุ๊ค/เครื่องเก่า/,Condition,86,Strong,273,Low,1
/รับซื้อโน๊ตบุ๊ค/เครื่องเสีย/,Condition,92,Strong,1066,Low,1
/รับซื้อโน๊ตบุ๊ค/เปิดไม่ติด/,Condition,88,Strong,705,Low,1
/รับซื้อโน๊ตบุ๊ค/เมนบอร์ดเสีย/,Condition,86,Strong,319,Low,1
/รับซื้อโน๊ตบุ๊ค/แบตเสื่อม/,Condition,85,Strong,678,Low,1
/รับซื้อโน๊ตบุ๊ค/โดนน้ำ/,Condition,81,Good,274,Low,1
/รับซื้อโน๊ตบุ๊ค/ใช้งานปกติ/,Condition,86,Strong,286,Low,1
/รับซื้อโน๊ตบุ๊ค/ไฟไม่เข้า/,Condition,83,Good,286,Low,1
/รับซื้อโน๊ตบุ๊ค/ไม่มีที่ชาร์จ/,Condition,90,Strong,717,Low,1
/รับซื้อโน๊ตบุ๊ค/กระบี่/,Province,87,Strong,548,Low,2
/รับซื้อโน๊ตบุ๊ค/กรุงเทพ/,Province,90,Strong,546,Low,1
/รับซื้อโน๊ตบุ๊ค/กาญจนบุรี/,Province,90,Strong,459,Low,2
/รับซื้อโน๊ตบุ๊ค/กาฬสินธุ์/,Province,87,Strong,580,Low,2
/รับซื้อโน๊ตบุ๊ค/กำแพงเพชร/,Province,83,Good,505,Low,2
/รับซื้อโน๊ตบุ๊ค/ขอนแก่น/,Province,87,Strong,483,Low,2
/รับซื้อโน๊ตบุ๊ค/จันทบุรี/,Province,87,Strong,457,Low,2
/รับซื้อโน๊ตบุ๊ค/ฉะเชิงเทรา/,Province,87,Strong,565,Low,2
/รับซื้อโน๊ตบุ๊ค/ชลบุรี/,Province,87,Strong,487,Low,2
/รับซื้อโน๊ตบุ๊ค/ชัยนาท/,Province,87,Strong,493,Low,2
/รับซื้อโน๊ตบุ๊ค/ชัยภูมิ/,Province,90,Strong,489,Low,2
/รับซื้อโน๊ตบุ๊ค/ชุมพร/,Province,90,Strong,522,Low,2
/รับซื้อโน๊ตบุ๊ค/ตรัง/,Province,87,Strong,580,Low,2
/รับซื้อโน๊ตบุ๊ค/ตราด/,Province,87,Strong,552,Low,2
/รับซื้อโน๊ตบุ๊ค/ตาก/,Province,90,Strong,564,Low,2
/รับซื้อโน๊ตบุ๊ค/นครนายก/,Province,90,Strong,563,Low,2
/รับซื้อโน๊ตบุ๊ค/นครปฐม/,Province,90,Strong,547,Low,2
/รับซื้อโน๊ตบุ๊ค/นครพนม/,Province,83,Good,448,Low,2
/รับซื้อโน๊ตบุ๊ค/นครราชสีมา/,Province,87,Strong,522,Low,2
/รับซื้อโน๊ตบุ๊ค/นครศรีธรรมราช/,Province,87,Strong,592,Low,2
/รับซื้อโน๊ตบุ๊ค/นครสวรรค์/,Province,90,Strong,499,Low,2
/รับซื้อโน๊ตบุ๊ค/นนทบุรี/,Province,87,Strong,583,Low,2
/รับซื้อโน๊ตบุ๊ค/นราธิวาส/,Province,87,Strong,496,Low,2
/รับซื้อโน๊ตบุ๊ค/น่าน/,Province,87,Strong,558,Low,2
/รับซื้อโน๊ตบุ๊ค/บางนา/,Province,90,Strong,568,Low,2
/รับซื้อโน๊ตบุ๊ค/บึงกาฬ/,Province,87,Strong,515,Low,2
/รับซื้อโน๊ตบุ๊ค/บุรีรัมย์/,Province,90,Strong,466,Low,2
/รับซื้อโน๊ตบุ๊ค/ปทุมธานี/,Province,87,Strong,499,Low,2
/รับซื้อโน๊ตบุ๊ค/ประจวบคีรีขันธ์/,Province,90,Strong,634,Low,2
/รับซื้อโน๊ตบุ๊ค/ปราจีนบุรี/,Province,90,Strong,573,Low,2
/รับซื้อโน๊ตบุ๊ค/ปัตตานี/,Province,90,Strong,559,Low,2
/รับซื้อโน๊ตบุ๊ค/พระราม2/,Province,87,Strong,506,Low,2
/รับซื้อโน๊ตบุ๊ค/พะเยา/,Province,90,Strong,494,Low,2
/รับซื้อโน๊ตบุ๊ค/พังงา/,Province,83,Good,543,Low,2
/รับซื้อโน๊ตบุ๊ค/พัทยา/,Province,90,Strong,554,Low,2
/รับซื้อโน๊ตบุ๊ค/พัทลุง/,Province,90,Strong,569,Low,2
/รับซื้อโน๊ตบุ๊ค/พิจิตร/,Province,90,Strong,577,Low,2
/รับซื้อโน๊ตบุ๊ค/พิษณุโลก/,Province,90,Strong,582,Low,2
/รับซื้อโน๊ตบุ๊ค/ภาคอีสาน/,District/location,90,Strong,568,Low,2
/รับซื้อโน๊ตบุ๊ค/ภูเก็ต/,Province,86,Strong,501,Low,2
/รับซื้อโน๊ตบุ๊ค/มหาสารคาม/,Province,86,Strong,544,Low,2
/รับซื้อโน๊ตบุ๊ค/มุกดาหาร/,Province,87,Strong,507,Low,2
/รับซื้อโน๊ตบุ๊ค/ยะลา/,Province,87,Strong,475,Low,2
/รับซื้อโน๊ตบุ๊ค/ยโสธร/,Province,90,Strong,510,Low,2
/รับซื้อโน๊ตบุ๊ค/ระนอง/,Province,87,Strong,526,Low,2
/รับซื้อโน๊ตบุ๊ค/ระยอง/,Province,83,Good,438,Low,2
/รับซื้อโน๊ตบุ๊ค/รังสิต/,Province,90,Strong,570,Low,2
/รับซื้อโน๊ตบุ๊ค/ราชบุรี/,Province,87,Strong,505,Low,2
/รับซื้อโน๊ตบุ๊ค/รามคำแหง/,Province,87,Strong,527,Low,2
/รับซื้อโน๊ตบุ๊ค/ร้อยเอ็ด/,Province,90,Strong,515,Low,2
/รับซื้อโน๊ตบุ๊ค/ลพบุรี/,Province,90,Strong,525,Low,2
/รับซื้อโน๊ตบุ๊ค/ลาดพร้าว/,Province,87,Strong,583,Low,2
/รับซื้อโน๊ตบุ๊ค/ลำปาง/,Province,90,Strong,529,Low,2
/รับซื้อโน๊ตบุ๊ค/ลำพูน/,Province,90,Strong,622,Low,2
/รับซื้อโน๊ตบุ๊ค/ศรีสะเกษ/,Province,87,Strong,525,Low,2
/รับซื้อโน๊ตบุ๊ค/สกลนคร/,Province,90,Strong,604,Low,2
/รับซื้อโน๊ตบุ๊ค/สงขลา/,Province,90,Strong,563,Low,2
/รับซื้อโน๊ตบุ๊ค/สตูล/,Province,87,Strong,484,Low,2
/รับซื้อโน๊ตบุ๊ค/สมุทรปราการ/,Province,90,Strong,530,Low,2
/รับซื้อโน๊ตบุ๊ค/สมุทรสงคราม/,Province,87,Strong,502,Low,2
/รับซื้อโน๊ตบุ๊ค/สมุทรสาคร/,Province,90,Strong,587,Low,2
/รับซื้อโน๊ตบุ๊ค/สระบุรี/,Province,87,Strong,482,Low,2
/รับซื้อโน๊ตบุ๊ค/สระแก้ว/,Province,90,Strong,544,Low,2
/รับซื้อโน๊ตบุ๊ค/สิงห์บุรี/,Province,87,Strong,610,Low,2
/รับซื้อโน๊ตบุ๊ค/สุพรรณบุรี/,Province,83,Good,431,Low,2
/รับซื้อโน๊ตบุ๊ค/สุราษฎร์ธานี/,Province,90,Strong,537,Low,2
/รับซื้อโน๊ตบุ๊ค/สุรินทร์/,Province,90,Strong,534,Low,2
/รับซื้อโน๊ตบุ๊ค/สุโขทัย/,Province,87,Strong,541,Low,2
/รับซื้อโน๊ตบุ๊ค/หนองคาย/,Province,90,Strong,564,Low,2
/รับซื้อโน๊ตบุ๊ค/หนองบัวลำภู/,Province,87,Strong,537,Low,2
/รับซื้อโน๊ตบุ๊ค/หาดใหญ่/,Province,87,Strong,603,Low,2
/รับซื้อโน๊ตบุ๊ค/ห้วยขวาง/,Province,87,Strong,571,Low,2
/รับซื้อโน๊ตบุ๊ค/อยุธยา/,Province,90,Strong,559,Low,2
/รับซื้อโน๊ตบุ๊ค/อำนาจเจริญ/,Province,83,Good,499,Low,2
/รับซื้อโน๊ตบุ๊ค/อุดรธานี/,Province,87,Strong,524,Low,2
/รับซื้อโน๊ตบุ๊ค/อุตรดิตถ์/,Province,90,Strong,500,Low,2
/รับซื้อโน๊ตบุ๊ค/อุทัยธานี/,Province,83,Good,514,Low,2
/รับซื้อโน๊ตบุ๊ค/อุบลราชธานี/,Province,90,Strong,599,Low,1
/รับซื้อโน๊ตบุ๊ค/อ่างทอง/,Province,90,Strong,509,Low,2
/รับซื้อโน๊ตบุ๊ค/เชียงราย/,Province,87,Strong,521,Low,2
/รับซื้อโน๊ตบุ๊ค/เชียงใหม่/,Province,87,Strong,536,Low,2
/รับซื้อโน๊ตบุ๊ค/เพชรบุรี/,Province,87,Strong,500,Low,2
/รับซื้อโน๊ตบุ๊ค/เพชรบูรณ์/,Province,87,Strong,577,Low,2
/รับซื้อโน๊ตบุ๊ค/เลย/,Province,90,Strong,558,Low,2
/รับซื้อโน๊ตบุ๊ค/แพร่/,Province,90,Strong,538,Low,2
/รับซื้อโน๊ตบุ๊ค/แม่ฮ่องสอน/,Province,87,Strong,530,Low,2
/รับซื้อโน๊ตบุ๊ค/ใกล้ฉัน/,District/location,90,Strong,510,Low,2
/blog/gaming-notebook-มือสองขายได้ราคาดีกว่าไหม/,Blog,90,Strong,2528,Low,3
/blog/macbook-battery-health-มีผลต่อราคาไหม/,Blog,82,Good,477,Low,3
/blog/macbook-cycle-count-เท่าไหร่ถึงราคาตก/,Blog,80,Good,450,Low,3
/blog/macbook-คีย์บอร์ดเสีย-ขายได้ไหม/,Blog,76,Good,377,Low,3
/blog/macbook-จอร้าว-ขายได้ไหม/,Blog,76,Good,159,Low,3
/blog/macbook-ชาร์จไม่เข้า-ขายได้ไหม/,Blog,76,Good,376,Low,3
/blog/macbook-ติด-mdm-ขายได้ไหม/,Blog,76,Good,188,Low,3
/blog/macbook-แบตบวม-ขายได้ไหม/,Blog,78,Good,351,Low,3
/blog/macbook-ไม่มีกล่อง-ไม่มีใบเสร็จ-ขายได้ไหม/,Blog,85,Strong,899,Low,3
/blog/macbook-ไม่มีที่ชาร์จ-ขายได้ไหม/,Blog,76,Good,250,Low,3
/blog/ram-8gb-กับ-16gb-มีผลต่อราคารับซื้อไหม/,Blog,83,Good,408,Low,3
/blog/ssd-256gb-512gb-1tb-มีผลต่อราคาอย่างไร/,Blog,85,Strong,392,Low,3
/blog/ssd-เสียขายได้ไหม/,Blog,82,Good,466,Low,3
/blog/กรณีศึกษา-รับซื้อโน๊ตบุ๊คบอร์ดเสียช็อต-ค่าซ่อมไม่คุ้ม/,Blog,90,Strong,912,Low,3
/blog/กรณีศึกษา-รับซื้อโน๊ตบุ๊คองค์กร-20-เครื่อง-ปลด-asset-tag/,Blog,90,Strong,1040,Low,3
/blog/กรณีศึกษา-รับซื้อโน๊ตบุ๊คโดนน้ำหก-บอร์ดช็อตเปิดไม่ติด/,Blog,90,Strong,813,Low,3
/blog/ก่อนขายโน๊ตบุ๊คต้องล้างข้อมูลอย่างไร/,Blog,88,Strong,994,Low,3
/blog/ขาย-macbook-ต้องเตรียมอะไรบ้าง/,Blog,90,Strong,2508,Low,3
/blog/ขายโน๊ตบุ๊ค-และขายโน๊ตบุ๊คมือสอง-คู่มือเตรียมเครื่องและปิดดีล/,Blog,90,Strong,2355,Low,3
/blog/ขายโน๊ตบุ๊ค-ไม่มีกล่อง-ไม่มีใบเสร็จ/,Blog,79,Good,212,Low,3
/blog/ขายโน๊ตบุ๊คที่ไหนดี-ได้ราคาและปลอดภัย/,Blog,90,Strong,2610,Low,3
/blog/ขายโน๊ตบุ๊คนักศึกษา-ต้องล้างข้อมูลอะไรบ้าง/,Blog,83,Good,341,Low,3
/blog/ขายโน๊ตบุ๊คบริษัท-ต้องเตรียมอะไร/,Blog,85,Strong,357,Low,3
/blog/ขายโน๊ตบุ๊คมี-asset-tag-ได้ไหม/,Blog,87,Strong,325,Low,3
/blog/ขายโน๊ตบุ๊คไม่มีกล่อง-ไม่มีที่ชาร์จ-ไม่มีใบเสร็จ-พร้อมกันได้ไหม/,Blog,87,Strong,287,Low,3
/blog/มีรอยบุบกับรอยขีดข่วน-ราคาต่างกันไหม/,Blog,85,Strong,387,Low,3
/blog/รับซื้อ-acer-nitro-predator-ราคาเท่าไหร่/,Blog,78,Good,345,Low,3
/blog/รับซื้อ-acer-nitro-v-helios-ราคาเท่าไหร่/,Blog,74,Good,186,Low,3
/blog/รับซื้อ-acer-swift-aspire-ราคาเท่าไหร่/,Blog,76,Good,315,Low,3
/blog/รับซื้อ-acer-travelmate-ราคาเท่าไหร่/,Blog,78,Good,353,Low,3
/blog/รับซื้อ-alienware-m16-x16-ราคาเท่าไหร่/,Blog,74,Good,175,Low,3
/blog/รับซื้อ-asus-expertbook-ราคาเท่าไหร่/,Blog,78,Good,345,Low,3
/blog/รับซื้อ-asus-rog-strix-zephyrus-ราคาเท่าไหร่/,Blog,76,Good,282,Low,3
/blog/รับซื้อ-asus-tuf-rog-ราคาเท่าไหร่/,Blog,90,Strong,710,Low,3
/blog/รับซื้อ-asus-zenbook-vivobook-ราคาเท่าไหร่/,Blog,78,Good,316,Low,3
/blog/รับซื้อ-dell-alienware-g-series-ราคาเท่าไหร่/,Blog,78,Good,310,Low,3
/blog/รับซื้อ-dell-inspiron-latitude-xps-ราคาเท่าไหร่/,Blog,74,Good,185,Low,3
/blog/รับซื้อ-dell-latitude-xps-ราคาเท่าไหร่/,Blog,78,Good,380,Low,3
/blog/รับซื้อ-dell-vostro-ราคาเท่าไหร่/,Blog,78,Good,195,Low,3
/blog/รับซื้อ-gaming-notebook-rtx-3050-4050-4060-ราคาเท่าไหร่/,Blog,76,Good,338,Low,3
/blog/รับซื้อ-gaming-notebook-rtx-4070-4080-4090-ราคาเท่าไหร่/,Blog,74,Good,185,Low,3
/blog/รับซื้อ-gigabyte-aorus-ราคาเท่าไหร่/,Blog,78,Good,189,Low,3
/blog/รับซื้อ-honor-magicbook-ราคาเท่าไหร่/,Blog,78,Good,304,Low,3
/blog/รับซื้อ-hp-elitebook-probook-ราคาเท่าไหร่/,Blog,78,Good,369,Low,3
/blog/รับซื้อ-hp-pavilion-envy-elitebook-probook-ราคาเท่าไหร่/,Blog,76,Good,201,Low,3
/blog/รับซื้อ-hp-spectre-x360-ราคาเท่าไหร่/,Blog,78,Good,188,Low,3
/blog/รับซื้อ-hp-victus-15-16-omen-16-ราคาเท่าไหร่/,Blog,74,Good,142,Low,3
/blog/รับซื้อ-hp-victus-omen-ราคาเท่าไหร่/,Blog,78,Good,319,Low,3
/blog/รับซื้อ-huawei-matebook-ราคาเท่าไหร่/,Blog,78,Good,328,Low,3
/blog/รับซื้อ-lenovo-ideapad-yoga-ราคาเท่าไหร่/,Blog,74,Good,191,Low,3
/blog/รับซื้อ-lenovo-legion-5-pro-ราคาเท่าไหร่/,Blog,74,Good,168,Low,3
/blog/รับซื้อ-lenovo-legion-loq-ราคาเท่าไหร่/,Blog,74,Good,203,Low,3
/blog/รับซื้อ-lenovo-thinkbook-ราคาเท่าไหร่/,Blog,78,Good,192,Low,3
/blog/รับซื้อ-lg-gram-ราคาเท่าไหร่/,Blog,78,Good,193,Low,3
/blog/รับซื้อ-macbook-air-13-15-ราคาเท่าไหร่/,Blog,76,Good,223,Low,3
/blog/รับซื้อ-macbook-air-m1-ราคาเท่าไหร่/,Blog,90,Strong,763,Low,3
/blog/รับซื้อ-macbook-air-m2-ราคาเท่าไหร่/,Blog,76,Good,263,Low,3
/blog/รับซื้อ-macbook-air-m3-ราคาเท่าไหร่/,Blog,70,Good,237,Low,3
/blog/รับซื้อ-macbook-air-m4-ราคาเท่าไหร่/,Blog,70,Good,232,Low,3
/blog/รับซื้อ-macbook-air-m5-ราคาเท่าไหร่/,Blog,76,Good,270,Low,3
/blog/รับซื้อ-macbook-pro-14-16-ราคาเท่าไหร่/,Blog,74,Good,206,Low,3
/blog/รับซื้อ-macbook-pro-m1-ราคาเท่าไหร่/,Blog,74,Good,211,Low,3
/blog/รับซื้อ-macbook-pro-m2-ราคาเท่าไหร่/,Blog,70,Good,208,Low,3
/blog/รับซื้อ-macbook-pro-m3-ราคาเท่าไหร่/,Blog,74,Good,205,Low,3
/blog/รับซื้อ-macbook-pro-m4-ราคาเท่าไหร่/,Blog,74,Good,213,Low,3
/blog/รับซื้อ-macbook-pro-m5-ราคาเท่าไหร่/,Blog,74,Good,219,Low,3
/blog/รับซื้อ-msi-katana-15-cyborg-15-stealth-ราคาเท่าไหร่/,Blog,74,Good,156,Low,3
/blog/รับซื้อ-msi-katana-cyborg-stealth-raider-ราคาเท่าไหร่/,Blog,74,Good,202,Low,3
/blog/รับซื้อ-msi-modern-ราคาเท่าไหร่/,Blog,78,Good,185,Low,3
/blog/รับซื้อ-notebook-คู่มือผู้ขายจากสเปกถึงการนัดรับ/,Blog,90,Strong,2203,Low,3
/blog/รับซื้อ-razer-blade-ราคาเท่าไหร่/,Blog,78,Good,191,Low,3
/blog/รับซื้อ-samsung-galaxy-book-ราคาเท่าไหร่/,Blog,78,Good,179,Low,3
/blog/รับซื้อ-surface-laptop-go-book-pro-ราคาเท่าไหร่/,Blog,74,Good,191,Low,3
/blog/รับซื้อ-surface-laptop-pro-ราคาเท่าไหร่/,Blog,78,Good,342,Low,3
/blog/รับซื้อ-thinkpad-x1-carbon-t14-e14-e15-ราคาเท่าไหร่/,Blog,78,Good,354,Low,3
/blog/รับซื้อโน๊ตบุ๊ค-core-i5-i7-ryzen-5-7-ราคาเท่าไหร่/,Blog,90,Strong,934,Low,3
/blog/รับซื้อโน๊ตบุ๊ค-คู่มือครบวงจรสำหรับผู้ขาย/,Blog,90,Strong,2398,Low,3
/blog/รับซื้อโน๊ตบุ๊ค-ราคาเท่าไหร่/,Blog,90,Strong,799,Low,3
/blog/รับซื้อโน๊ตบุ๊คมือสอง-คู่มือผู้ขายฉบับลึก/,Blog,90,Strong,2219,Low,3
/blog/รับซื้อโน๊ตบุ๊คออนไลน์-ส่งรูปประเมินราคาผ่านไลน์/,Blog,81,Good,227,Low,3
/blog/ร้านรับซื้อโน๊ตบุ๊ค-วิธีเลือกร้านที่ปลอดภัยและไม่โดนหลอก/,Blog,88,Strong,2409,Low,3
/blog/ร้านรับซื้อโน๊ตบุ๊ค-เช็คราคาโน๊ตบุ๊ค-ประเมินราคา-คีย์หลัก/,Blog,90,Strong,737,Low,3
/blog/วิธีดูรุ่นโน๊ตบุ๊ค-windows-ก่อนส่งประเมินราคา/,Blog,90,Strong,1020,Low,3
/blog/วิธีดูสเปก-cpu-ram-ssd-ของโน๊ตบุ๊ค/,Blog,90,Strong,1051,Low,3
/blog/วิธีเช็คสุขภาพแบตโน๊ตบุ๊ค-windows/,Blog,87,Strong,598,Low,3
/blog/วิธีเช็คสเปกโน๊ตบุ๊ค-windows-ก่อนขาย/,Blog,79,Good,180,Low,3
/blog/อะไรทำให้ราคาโน๊ตบุ๊คมือสองลดลง/,Blog,90,Strong,863,Low,3
/blog/ฮาร์ดดิสก์กับ-ssd-ผลต่อราคารับซื้อโน๊ตบุ๊คมือสอง/,Blog,83,Good,416,Low,3
/blog/ฮาร์ดดิสก์เสียขายได้ไหม/,Blog,78,Good,427,Low,3
/blog/เช็คราคาโน๊ตบุ๊ค-ตีราคาโน๊ตบุ๊ค-ประเมินราคา-ต่างกันอย่างไร/,Blog,90,Strong,2303,Low,3
/blog/เช็คลิสต์ถ่ายรูปโน๊ตบุ๊คก่อนส่งประเมินราคา/,Blog,83,Good,400,Low,3
/blog/โน๊ตบุ๊ค-hdmi-เสียขายได้ไหม/,Blog,78,Good,393,Low,3
/blog/โน๊ตบุ๊คคีย์บอร์ดเสียขายได้ไหม/,Blog,85,Strong,562,Low,3
/blog/โน๊ตบุ๊คค้างบ่อยขายได้ไหม/,Blog,78,Good,406,Low,3
/blog/โน๊ตบุ๊คจอกระพริบขายได้ไหม/,Blog,91,Strong,474,Low,3
/blog/โน๊ตบุ๊คจอฟ้าขายได้ไหม/,Blog,78,Good,371,Low,3
/blog/โน๊ตบุ๊คจอมีเส้นขายได้ไหม/,Blog,87,Strong,327,Low,3
/blog/โน๊ตบุ๊คจอแตกยังมีราคาไหม/,Blog,90,Strong,2370,Low,3
/blog/โน๊ตบุ๊คจอไม่ติดแต่เครื่องติดขายได้ไหม/,Blog,78,Good,342,Low,3
/blog/โน๊ตบุ๊คชาร์จไม่เข้า-พอร์ตชาร์จเสียขายได้ไหม/,Blog,87,Strong,535,Low,3
/blog/โน๊ตบุ๊คช่องหูฟังเสียขายได้ไหม/,Blog,78,Good,367,Low,3
/blog/โน๊ตบุ๊คติดรหัส-windows-ขายได้ไหม/,Blog,81,Good,292,Low,3
/blog/โน๊ตบุ๊คทัชสกรีนเสียขายได้ไหม/,Blog,78,Good,367,Low,3
/blog/โน๊ตบุ๊คบลูทูธใช้ไม่ได้ขายได้ไหม/,Blog,78,Good,337,Low,3
/blog/โน๊ตบุ๊คบอดี้แตกขายได้ไหม/,Blog,78,Good,344,Low,3
/blog/โน๊ตบุ๊คบานพับแตกขายได้ไหม/,Blog,87,Strong,400,Low,3
/blog/โน๊ตบุ๊คบูตวนขายได้ไหม/,Blog,78,Good,341,Low,3
/blog/โน๊ตบุ๊คฝาหลังบวมขายได้ไหม/,Blog,78,Good,363,Low,3
/blog/โน๊ตบุ๊คฝาหลังร้าวขายได้ไหม/,Blog,87,Strong,360,Low,3
/blog/โน๊ตบุ๊คพอร์ต-type-c-เสียขายได้ไหม/,Blog,78,Good,370,Low,3
/blog/โน๊ตบุ๊คพอร์ตแลนเสียขายได้ไหม/,Blog,78,Good,343,Low,3
/blog/โน๊ตบุ๊คพัดลมดังขายได้ไหม/,Blog,78,Good,357,Low,3
/blog/โน๊ตบุ๊คมีประกันเหลือ-ขายมือสองได้เปรียบเรื่องราคาไหม/,Blog,83,Good,446,Low,3
/blog/โน๊ตบุ๊ครีสตาร์ทเองขายได้ไหม/,Blog,78,Good,325,Low,3
/blog/โน๊ตบุ๊คร้อนจัดดับเองขายได้ไหม/,Blog,81,Good,398,Low,3
/blog/โน๊ตบุ๊คเปิดไม่ติดขายได้ไหม/,Blog,90,Strong,2481,Low,3
/blog/โน๊ตบุ๊คเสียขายได้ไหม/,Blog,90,Strong,997,Low,3
/blog/โน๊ตบุ๊คแบตบวมขายได้ไหม/,Blog,85,Strong,559,Low,3
/blog/โน๊ตบุ๊คแบตเสื่อมขายได้ไหม/,Blog,90,Strong,2466,Low,3
/blog/โน๊ตบุ๊คโดนน้ำขายได้ไหม/,Blog,85,Strong,387,Low,3
/blog/โน๊ตบุ๊คไฟไม่เข้าขายได้ไหม/,Blog,78,Good,378,Low,3
/blog/โน๊ตบุ๊คไม่มีที่ชาร์จขายได้ไหม/,Blog,83,Good,333,Low,3
/รับซื้อโน๊ตบุ๊ค/{location}/{brand|condition}/,Noindex combo,25,Critical thin/template,0,Critical,99