url,viewport,title_pass,meta_pass,h1_pass,layout_pass,overflow_pass,breadcrumb_pass,cta_pass,notes
/รับซื้อโน๊ตบุ๊ค/huawei/,mobile,PASS,PASS,PASS,PASS,PASS,PASS,PASS,390x844; one H1; schema clean; 0 broken images; no false office claim
/รับซื้อโน๊ตบุ๊ค/acer/,mobile,PASS,PASS,PASS,PASS,PASS,PASS,PASS,390x844; one H1; schema clean; 0 broken images; no false office claim
/รับซื้อโน๊ตบุ๊ค/asus/,mobile,PASS,PASS,PASS,PASS,PASS,PASS,PASS,390x844; one H1; schema clean; 0 broken images; no false office claim
/รับซื้อโน๊ตบุ๊ค/dell/,mobile,PASS,PASS,PASS,PASS,PASS,PASS,PASS,390x844; one H1; schema clean; 0 broken images; no false office claim
/รับซื้อโน๊ตบุ๊ค/hp/,mobile,PASS,PASS,PASS,PASS,PASS,PASS,PASS,390x844; one H1; schema clean; 0 broken images; no false office claim
/รับซื้อโน๊ตบุ๊ค/lenovo/,mobile,PASS,PASS,PASS,PASS,PASS,PASS,PASS,390x844; one H1; schema clean; 0 broken images; no false office claim
/รับซื้อโน๊ตบุ๊ค/msi/,mobile,PASS,PASS,PASS,PASS,PASS,PASS,PASS,390x844; one H1; schema clean; 0 broken images; no false office claim
/รับซื้อโน๊ตบุ๊ค/acer-nitro-16/,mobile,PASS,PASS,PASS,PASS,PASS,PASS,PASS,390x844; one H1; schema clean; 0 broken images; no false office claim
/รับซื้อโน๊ตบุ๊ค/macbook/,mobile,PASS,PASS,PASS,PASS,PASS,PASS,PASS,390x844; one H1; schema clean; 0 broken images; no false office claim
/รับซื้อโน๊ตบุ๊ค/huawei/,desktop,PASS,PASS,PASS,PASS,PASS,PASS,PASS,1440x900; one H1; schema clean; 0 broken images; no false office claim
/รับซื้อโน๊ตบุ๊ค/acer/,desktop,PASS,PASS,PASS,PASS,PASS,PASS,PASS,1440x900; one H1; schema clean; 0 broken images; no false office claim
/รับซื้อโน๊ตบุ๊ค/asus/,desktop,PASS,PASS,PASS,PASS,PASS,PASS,PASS,1440x900; one H1; schema clean; 0 broken images; no false office claim
/รับซื้อโน๊ตบุ๊ค/dell/,desktop,PASS,PASS,PASS,PASS,PASS,PASS,PASS,1440x900; one H1; schema clean; 0 broken images; no false office claim
/รับซื้อโน๊ตบุ๊ค/hp/,desktop,PASS,PASS,PASS,PASS,PASS,PASS,PASS,1440x900; one H1; schema clean; 0 broken images; no false office claim
/รับซื้อโน๊ตบุ๊ค/lenovo/,desktop,PASS,PASS,PASS,PASS,PASS,PASS,PASS,1440x900; one H1; schema clean; 0 broken images; no false office claim
/รับซื้อโน๊ตบุ๊ค/msi/,desktop,PASS,PASS,PASS,PASS,PASS,PASS,PASS,1440x900; one H1; schema clean; 0 broken images; no false office claim
/รับซื้อโน๊ตบุ๊ค/acer-nitro-16/,desktop,PASS,PASS,PASS,PASS,PASS,PASS,PASS,1440x900; one H1; schema clean; 0 broken images; no false office claim
/รับซื้อโน๊ตบุ๊ค/macbook/,desktop,PASS,PASS,PASS,PASS,PASS,PASS,PASS,1440x900; one H1; schema clean; 0 broken images; no false office claim
