url,before_generated_occurrences,after_generated_occurrences,title,meta_description,h1,body,schema,overall
https://ร้านรับซื้อโน๊ตบุ๊ค.com/รับซื้อโน๊ตบุ๊ค/acer-nitro-16/,7,0,PASS,PASS,PASS,PASS,PASS,PASS
https://ร้านรับซื้อโน๊ตบุ๊ค.com/รับซื้อโน๊ตบุ๊ค/acer-nitro-v/,0,0,PASS,PASS,PASS,PASS,PASS,PASS
https://ร้านรับซื้อโน๊ตบุ๊ค.com/รับซื้อโน๊ตบุ๊ค/acer-predator-neo/,7,0,PASS,PASS,PASS,PASS,PASS,PASS
https://ร้านรับซื้อโน๊ตบุ๊ค.com/รับซื้อโน๊ตบุ๊ค/acer-swift/,7,0,PASS,PASS,PASS,PASS,PASS,PASS
https://ร้านรับซื้อโน๊ตบุ๊ค.com/รับซื้อโน๊ตบุ๊ค/acer-travelmate/,7,0,PASS,PASS,PASS,PASS,PASS,PASS
https://ร้านรับซื้อโน๊ตบุ๊ค.com/รับซื้อโน๊ตบุ๊ค/acer/,7,0,PASS,PASS,PASS,PASS,PASS,PASS
https://ร้านรับซื้อโน๊ตบุ๊ค.com/รับซื้อโน๊ตบุ๊ค/asus-expertbook/,7,0,PASS,PASS,PASS,PASS,PASS,PASS
https://ร้านรับซื้อโน๊ตบุ๊ค.com/รับซื้อโน๊ตบุ๊ค/asus-rog-strix/,0,0,PASS,PASS,PASS,PASS,PASS,PASS
https://ร้านรับซื้อโน๊ตบุ๊ค.com/รับซื้อโน๊ตบุ๊ค/asus-tuf-a15-f15/,0,0,PASS,PASS,PASS,PASS,PASS,PASS
https://ร้านรับซื้อโน๊ตบุ๊ค.com/รับซื้อโน๊ตบุ๊ค/asus-vivobook/,7,0,PASS,PASS,PASS,PASS,PASS,PASS
https://ร้านรับซื้อโน๊ตบุ๊ค.com/รับซื้อโน๊ตบุ๊ค/asus-zenbook/,0,0,PASS,PASS,PASS,PASS,PASS,PASS
https://ร้านรับซื้อโน๊ตบุ๊ค.com/รับซื้อโน๊ตบุ๊ค/asus-zephyrus/,7,0,PASS,PASS,PASS,PASS,PASS,PASS
https://ร้านรับซื้อโน๊ตบุ๊ค.com/รับซื้อโน๊ตบุ๊ค/asus/,7,0,PASS,PASS,PASS,PASS,PASS,PASS
https://ร้านรับซื้อโน๊ตบุ๊ค.com/รับซื้อโน๊ตบุ๊ค/dell-latitude/,0,0,PASS,PASS,PASS,PASS,PASS,PASS
https://ร้านรับซื้อโน๊ตบุ๊ค.com/รับซื้อโน๊ตบุ๊ค/dell-vostro/,7,0,PASS,PASS,PASS,PASS,PASS,PASS
https://ร้านรับซื้อโน๊ตบุ๊ค.com/รับซื้อโน๊ตบุ๊ค/dell/,7,0,PASS,PASS,PASS,PASS,PASS,PASS
https://ร้านรับซื้อโน๊ตบุ๊ค.com/รับซื้อโน๊ตบุ๊ค/hp-elitebook/,0,0,PASS,PASS,PASS,PASS,PASS,PASS
https://ร้านรับซื้อโน๊ตบุ๊ค.com/รับซื้อโน๊ตบุ๊ค/hp-pavilion/,7,0,PASS,PASS,PASS,PASS,PASS,PASS
https://ร้านรับซื้อโน๊ตบุ๊ค.com/รับซื้อโน๊ตบุ๊ค/hp-probook/,0,0,PASS,PASS,PASS,PASS,PASS,PASS
https://ร้านรับซื้อโน๊ตบุ๊ค.com/รับซื้อโน๊ตบุ๊ค/hp-victus-15/,0,0,PASS,PASS,PASS,PASS,PASS,PASS
https://ร้านรับซื้อโน๊ตบุ๊ค.com/รับซื้อโน๊ตบุ๊ค/hp-victus-16/,7,0,PASS,PASS,PASS,PASS,PASS,PASS
https://ร้านรับซื้อโน๊ตบุ๊ค.com/รับซื้อโน๊ตบุ๊ค/hp/,7,0,PASS,PASS,PASS,PASS,PASS,PASS
https://ร้านรับซื้อโน๊ตบุ๊ค.com/รับซื้อโน๊ตบุ๊ค/huawei/,7,0,PASS,PASS,PASS,PASS,PASS,PASS
https://ร้านรับซื้อโน๊ตบุ๊ค.com/รับซื้อโน๊ตบุ๊ค/lenovo-legion-pro/,7,0,PASS,PASS,PASS,PASS,PASS,PASS
https://ร้านรับซื้อโน๊ตบุ๊ค.com/รับซื้อโน๊ตบุ๊ค/lenovo-legion-slim/,7,0,PASS,PASS,PASS,PASS,PASS,PASS
https://ร้านรับซื้อโน๊ตบุ๊ค.com/รับซื้อโน๊ตบุ๊ค/lenovo-loq-15-16/,7,0,PASS,PASS,PASS,PASS,PASS,PASS
https://ร้านรับซื้อโน๊ตบุ๊ค.com/รับซื้อโน๊ตบุ๊ค/lenovo-thinkbook/,7,0,PASS,PASS,PASS,PASS,PASS,PASS
https://ร้านรับซื้อโน๊ตบุ๊ค.com/รับซื้อโน๊ตบุ๊ค/lenovo-yoga/,7,0,PASS,PASS,PASS,PASS,PASS,PASS
https://ร้านรับซื้อโน๊ตบุ๊ค.com/รับซื้อโน๊ตบุ๊ค/lenovo/,7,0,PASS,PASS,PASS,PASS,PASS,PASS
https://ร้านรับซื้อโน๊ตบุ๊ค.com/รับซื้อโน๊ตบุ๊ค/macbook-air-m3/,0,0,PASS,PASS,PASS,PASS,PASS,PASS
https://ร้านรับซื้อโน๊ตบุ๊ค.com/รับซื้อโน๊ตบุ๊ค/macbook/,6,0,PASS,PASS,PASS,PASS,PASS,PASS
https://ร้านรับซื้อโน๊ตบุ๊ค.com/รับซื้อโน๊ตบุ๊ค/msi-modern/,7,0,PASS,PASS,PASS,PASS,PASS,PASS
https://ร้านรับซื้อโน๊ตบุ๊ค.com/รับซื้อโน๊ตบุ๊ค/msi/,7,0,PASS,PASS,PASS,PASS,PASS,PASS
https://ร้านรับซื้อโน๊ตบุ๊ค.com/รับซื้อโน๊ตบุ๊ค/samsung/,6,0,PASS,PASS,PASS,PASS,PASS,PASS
https://ร้านรับซื้อโน๊ตบุ๊ค.com/รับซื้อโน๊ตบุ๊ค/surface-laptop/,0,0,PASS,PASS,PASS,PASS,PASS,PASS
https://ร้านรับซื้อโน๊ตบุ๊ค.com/รับซื้อโน๊ตบุ๊ค/surface-pro/,7,0,PASS,PASS,PASS,PASS,PASS,PASS
https://ร้านรับซื้อโน๊ตบุ๊ค.com/รับซื้อโน๊ตบุ๊ค/surface/,7,0,PASS,PASS,PASS,PASS,PASS,PASS
https://ร้านรับซื้อโน๊ตบุ๊ค.com/รับซื้อโน๊ตบุ๊ค/thinkpad-e14-e15/,7,0,PASS,PASS,PASS,PASS,PASS,PASS
https://ร้านรับซื้อโน๊ตบุ๊ค.com/รับซื้อโน๊ตบุ๊ค/thinkpad-t14/,0,0,PASS,PASS,PASS,PASS,PASS,PASS
https://ร้านรับซื้อโน๊ตบุ๊ค.com/รับซื้อโน๊ตบุ๊ค/thinkpad-x1-carbon/,0,0,PASS,PASS,PASS,PASS,PASS,PASS
