source_url,priority,page_type,source_file,source_exists,dist_exists,production_status,indexability,in_sitemap,canonical,self_canonical,robots_allowed,title,meta_description,h1,word_count,unique_text_ratio,internal_inbound_links,unique_linking_pages,parent_hub_linked,breadcrumb,orphan,structured_data,image_count,date_created,date_modified,template_similarity,mobile_rendering,desktop_rendering,root_cause,decision,reason
https://ร้านรับซื้อโน๊ตบุ๊ค.com/รับซื้อโน๊ตบุ๊ค/กำแพงเพชร/,P2,location_or_service,src/content/locations/กำแพงเพชร.md,true,true,200,indexable,true,https://ร้านรับซื้อโน๊ตบุ๊ค.com/รับซื้อโน๊ตบุ๊ค/กำแพงเพชร/,true,true,รับซื้อโน๊ตบุ๊คกำแพงเพชร ประเมินฟรีผ่านไลน์ @webuy | ร้านรับซื้อโน๊ตบุ๊ค.com,รับซื้อโน๊ตบุ๊ค กำแพงเพชร ส่งรูป รุ่น สเปก และอาการเพื่อประเมินเบื้องต้น การนัดรับขึ้นอยู่กับพื้นที่ ตารางงาน และการยืนยัน หรือสอบถามขั้นตอนจัดส่งเครื่องมาตรวจได้,รับซื้อโน๊ตบุ๊ค กำแพงเพชร ประเมินไว ส่งรูปเช็คราคาฟรี,506,0.713,27,27,true,structured_data,false,Organization|PostalAddress|WebSite|WebPage|BreadcrumbList|ListItem|Service|FAQPage|Question|Answer,3,2026-05-23T20:35:44+07:00,2026-07-29T22:57:32+07:00,high,PASS_BUILD_REVIEW,PASS_BUILD_REVIEW,LOW_PRIORITY,NO_SOURCE_CHANGE,Lower-priority location/blog page has valid technical signals; retain and observe without broad source changes.
https://ร้านรับซื้อโน๊ตบุ๊ค.com/รับซื้อโน๊ตบุ๊ค/ร้อยเอ็ด/,P2,location_or_service,src/content/locations/ร้อยเอ็ด.md,true,true,200,indexable,true,https://ร้านรับซื้อโน๊ตบุ๊ค.com/รับซื้อโน๊ตบุ๊ค/ร้อยเอ็ด/,true,true,รับซื้อโน๊ตบุ๊คร้อยเอ็ด ประเมินฟรีผ่านไลน์ @webuy | ร้านรับซื้อโน๊ตบุ๊ค.com,รับซื้อโน๊ตบุ๊ค ร้อยเอ็ด ส่งรูป รุ่น สเปก และอาการเพื่อประเมินเบื้องต้น การนัดรับขึ้นอยู่กับพื้นที่ ตารางงาน และการยืนยัน หรือสอบถามขั้นตอนจัดส่งเครื่องมาตรวจได้,รับซื้อโน๊ตบุ๊ค ร้อยเอ็ด ประเมินไว ส่งรูปเช็คราคาฟรี,570,0.677,27,27,true,structured_data,false,Organization|PostalAddress|WebSite|WebPage|BreadcrumbList|ListItem|Service|FAQPage|Question|Answer,3,2026-05-01T14:53:26+07:00,2026-07-29T22:57:32+07:00,high,PASS_BUILD_REVIEW,PASS_BUILD_REVIEW,LOW_PRIORITY,NO_SOURCE_CHANGE,Lower-priority location/blog page has valid technical signals; retain and observe without broad source changes.
https://ร้านรับซื้อโน๊ตบุ๊ค.com/รับซื้อโน๊ตบุ๊ค/อ่างทอง/,P2,location_or_service,src/content/locations/อ่างทอง.md,true,true,200,indexable,true,https://ร้านรับซื้อโน๊ตบุ๊ค.com/รับซื้อโน๊ตบุ๊ค/อ่างทอง/,true,true,รับซื้อโน๊ตบุ๊คอ่างทอง ประเมินฟรีผ่านไลน์ @webuy | ร้านรับซื้อโน๊ตบุ๊ค.com,รับซื้อโน๊ตบุ๊ค อ่างทอง ส่งรูป รุ่น สเปก และอาการเพื่อประเมินเบื้องต้น การนัดรับขึ้นอยู่กับพื้นที่ ตารางงาน และการยืนยัน หรือสอบถามขั้นตอนจัดส่งเครื่องมาตรวจได้,รับซื้อโน๊ตบุ๊ค อ่างทอง ประเมินไว ส่งรูปเช็คราคาฟรี,506,0.713,27,27,true,structured_data,false,Organization|PostalAddress|WebSite|WebPage|BreadcrumbList|ListItem|Service|FAQPage|Question|Answer,3,2026-05-23T20:35:44+07:00,2026-07-29T22:57:32+07:00,high,PASS_BUILD_REVIEW,PASS_BUILD_REVIEW,LOW_PRIORITY,NO_SOURCE_CHANGE,Lower-priority location/blog page has valid technical signals; retain and observe without broad source changes.
https://ร้านรับซื้อโน๊ตบุ๊ค.com/รับซื้อโน๊ตบุ๊ค/แม่ฮ่องสอน/,P2,location_or_service,src/content/locations/แม่ฮ่องสอน.md,true,true,200,indexable,true,https://ร้านรับซื้อโน๊ตบุ๊ค.com/รับซื้อโน๊ตบุ๊ค/แม่ฮ่องสอน/,true,true,รับซื้อโน๊ตบุ๊คแม่ฮ่องสอน ประเมินฟรีผ่านไลน์ @webuy | ร้านรับซื้อโน๊ตบุ๊ค.com,รับซื้อโน๊ตบุ๊ค แม่ฮ่องสอน ส่งรูป รุ่น สเปก และอาการเพื่อประเมินเบื้องต้น การนัดรับขึ้นอยู่กับพื้นที่ ตารางงาน และการยืนยัน หรือสอบถามขั้นตอนจัดส่งเครื่องมาตรวจได้,รับซื้อโน๊ตบุ๊ค แม่ฮ่องสอน ประเมินไว ส่งรูปเช็คราคาฟรี,506,0.713,27,27,true,structured_data,false,Organization|PostalAddress|WebSite|WebPage|BreadcrumbList|ListItem|Service|FAQPage|Question|Answer,3,2026-05-23T20:35:44+07:00,2026-07-29T22:57:32+07:00,high,PASS_BUILD_REVIEW,PASS_BUILD_REVIEW,LOW_PRIORITY,NO_SOURCE_CHANGE,Lower-priority location/blog page has valid technical signals; retain and observe without broad source changes.
https://ร้านรับซื้อโน๊ตบุ๊ค.com/รับซื้อโน๊ตบุ๊ค/dell-inspiron-15/,P1,model_or_service,src/content/brands/dell-inspiron-15.md,true,true,200,indexable,true,https://ร้านรับซื้อโน๊ตบุ๊ค.com/รับซื้อโน๊ตบุ๊ค/dell-inspiron-15/,true,true,รับซื้อ Dell Inspiron 15 มือสอง ประเมินตามรุ่นและสุขภาพแบต | ร้านรับซื้อโน๊ตบุ๊ค.com,รับซื้อ Dell Inspiron 15 มือสอง แล็ปท็อปสำหรับใช้ทำงานทั่วไป ประเมินราคาตามสเปกชิป CPU สภาพหน้าจอ IPS และบอดี้ขอบยางเดิม ส่งภาพประเมินราคาฟรี,รับซื้อ Dell Inspiron 15 มือสอง สำหรับทำงาน,391,0.650,4,4,true,structured_data,false,Organization|PostalAddress|WebSite|WebPage|BreadcrumbList|ListItem|Service,3,2026-05-14T22:32:38+07:00,2026-07-01T20:46:46+07:00,medium,PASS_BROWSER_QA,PASS_BROWSER_QA,CRAWL_DELAY,MONITOR_AND_REQUEST_INDEXING,"Technically indexable, self-canonical, sitemap-listed, robots-allowed, parent-linked and non-orphan; no source defect explains the missing crawl."
https://ร้านรับซื้อโน๊ตบุ๊ค.com/รับซื้อโน๊ตบุ๊ค/honor/,P1,model_or_service,src/content/brands/honor.md,true,true,200,indexable,true,https://ร้านรับซื้อโน๊ตบุ๊ค.com/รับซื้อโน๊ตบุ๊ค/honor/,true,true,รับซื้อโน๊ตบุ๊ค Honor มือสอง ประเมินตามสภาพและรุ่นย่อย | ร้านรับซื้อโน๊ตบุ๊ค.com,รับซื้อโน๊ตบุ๊ค Honor มือสอง หลากหลายสภาพการใช้งานตามเงื่อนไข ประเมินราคาจากข้อมูลสเปก CPU/RAM/SSD สภาพภายนอก และสุขภาพแบตเตอรี่ ส่งรูปประเมินเบื้องต้นฟรี,รับซื้อโน๊ตบุ๊ค Honor มือสอง หลายรุ่นยอดนิยม,353,0.694,6,6,true,structured_data,false,Organization|PostalAddress|WebSite|WebPage|BreadcrumbList|ListItem|Service,3,2026-05-16T20:54:46+07:00,2026-07-01T20:46:46+07:00,medium,PASS_BROWSER_QA,PASS_BROWSER_QA,CRAWL_DELAY,MONITOR_AND_REQUEST_INDEXING,"Technically indexable, self-canonical, sitemap-listed, robots-allowed, parent-linked and non-orphan; no source defect explains the missing crawl."
https://ร้านรับซื้อโน๊ตบุ๊ค.com/รับซื้อโน๊ตบุ๊ค/huawei-matebook/,P1,model_or_service,src/content/brands/huawei-matebook.md,true,true,200,indexable,true,https://ร้านรับซื้อโน๊ตบุ๊ค.com/รับซื้อโน๊ตบุ๊ค/huawei-matebook/,true,true,รับซื้อ Huawei MateBook มือสอง ประเมินตามชิปเซ็ตและสภาพ | ร้านรับซื้อโน๊ตบุ๊ค.com,รับซื้อ Huawei MateBook มือสอง ประเมินราคาตามขนาดหน้าจอ รุ่นย่อย ชิปประมวลผล ความสมบูรณ์ของทัชแพด และสุขภาพแบตเตอรี่ ส่งรูปประเมินราคาเบื้องต้นได้ฟรี,รับซื้อ Huawei MateBook มือสอง หลายรุ่นยอดนิยม,378,0.685,6,6,true,structured_data,false,Organization|PostalAddress|WebSite|WebPage|BreadcrumbList|ListItem|Service,3,2026-05-16T20:54:46+07:00,2026-07-01T20:46:46+07:00,medium,PASS_BROWSER_QA,PASS_BROWSER_QA,CRAWL_DELAY,MONITOR_AND_REQUEST_INDEXING,"Technically indexable, self-canonical, sitemap-listed, robots-allowed, parent-linked and non-orphan; no source defect explains the missing crawl."
https://ร้านรับซื้อโน๊ตบุ๊ค.com/รับซื้อโน๊ตบุ๊ค/huawei/,P1,model_or_service,src/content/brands/huawei.md,true,true,200,indexable,true,https://ร้านรับซื้อโน๊ตบุ๊ค.com/รับซื้อโน๊ตบุ๊ค/huawei/,true,true,รับซื้อโน๊ตบุ๊ค Huawei มือสอง ประเมินตามสเปกและสภาพ | ร้านรับซื้อโน๊ตบุ๊ค.com,รับซื้อโน๊ตบุ๊ค Huawei มือสอง หลายรุ่นยอดนิยมยอดนิยม ประเมินราคาตามสเปก สภาพจริงของเครื่องบางเบา และระดับสุขภาพแบตเตอรี่ ส่งรูปเช็คราคาประเมินอ้างอิงผ่าน LINE @webuy ได้อย่างรวดเร็ว,รับซื้อโน๊ตบุ๊ค Huawei มือสอง หลายรุ่นยอดนิยมยอดนิยม,505,0.699,6,6,true,structured_data,false,Organization|PostalAddress|WebSite|WebPage|BreadcrumbList|ListItem|Service|FAQPage|Question|Answer,3,2026-05-16T20:54:46+07:00,2026-07-01T20:46:46+07:00,medium,PASS_BROWSER_QA,PASS_BROWSER_QA,CRAWL_DELAY,MONITOR_AND_REQUEST_INDEXING,"Technically indexable, self-canonical, sitemap-listed, robots-allowed, parent-linked and non-orphan; no source defect explains the missing crawl."
https://ร้านรับซื้อโน๊ตบุ๊ค.com/รับซื้อโน๊ตบุ๊ค/macbook-mdm/,P1,model_or_service,src/content/conditions/macbook-mdm.md,true,true,200,indexable,true,https://ร้านรับซื้อโน๊ตบุ๊ค.com/รับซื้อโน๊ตบุ๊ค/macbook-mdm/,true,true,MacBook ติด MDM ขายได้ไหม | ร้านรับซื้อโน๊ตบุ๊ค.com,บริการรับซื้อ MacBook ที่มีข้อจำกัดในการจัดการระบบ (MDM) ยินดีให้คำแนะนำเกี่ยวกับขั้นตอนการตรวจสอบสิทธิ์และการจัดการระบบอย่างถูกต้อง,MacBook ติด MDM ขายได้ไหม เช็กก่อนนัดขาย,410,0.705,18,18,true,structured_data,false,Organization|PostalAddress|WebSite|WebPage|BreadcrumbList|ListItem|Service|FAQPage|Question|Answer,3,2026-05-14T22:32:38+07:00,2026-06-30T22:37:05+07:00,medium,PASS_BROWSER_QA,PASS_BROWSER_QA,CRAWL_DELAY,MONITOR_AND_REQUEST_INDEXING,"Technically indexable, self-canonical, sitemap-listed, robots-allowed, parent-linked and non-orphan; no source defect explains the missing crawl."
https://ร้านรับซื้อโน๊ตบุ๊ค.com/รับซื้อโน๊ตบุ๊ค/macbook-no-box-no-receipt/,P1,model_or_service,src/content/conditions/macbook-no-box-no-receipt.md,true,true,200,indexable,true,https://ร้านรับซื้อโน๊ตบุ๊ค.com/รับซื้อโน๊ตบุ๊ค/macbook-no-box-no-receipt/,true,true,รับซื้อ MacBook ไม่มีกล่อง ไม่มีใบเสร็จ ประเมินสเปกและเอกสารแสดงสิทธิ์ | ร้านรับซื้อโน๊ตบุ๊ค.com,รับซื้อ MacBook ไม่มีกล่อง หรือไม่มีใบเสร็จรับเงิน ประเมินราคาตามรุ่นย่อย สเปก สภาพการชาร์จ และการยืนยันความเป็นเจ้าของที่ถูกต้อง ส่งรูปประเมินได้ฟรี,รับซื้อ MacBook ไม่มีกล่อง ไม่มีใบเสร็จ ประเมินตามสเปก,385,0.694,4,4,true,structured_data,false,Organization|PostalAddress|WebSite|WebPage|BreadcrumbList|ListItem|Service|FAQPage|Question|Answer,3,2026-05-14T22:32:38+07:00,2026-07-01T20:46:46+07:00,medium,PASS_BROWSER_QA,PASS_BROWSER_QA,CRAWL_DELAY,MONITOR_AND_REQUEST_INDEXING,"Technically indexable, self-canonical, sitemap-listed, robots-allowed, parent-linked and non-orphan; no source defect explains the missing crawl."
https://ร้านรับซื้อโน๊ตบุ๊ค.com/รับซื้อโน๊ตบุ๊ค/macbook-pro-m5/,P1,model_or_service,src/content/brands/macbook-pro-m5.md,true,true,200,indexable,true,https://ร้านรับซื้อโน๊ตบุ๊ค.com/รับซื้อโน๊ตบุ๊ค/macbook-pro-m5/,true,true,รับซื้อ MacBook Pro M5 มือสอง ประเมินฟรี | ร้านรับซื้อโน๊ตบุ๊ค.com,รับซื้อ MacBook Pro M5 มือสอง ประเมินราคาฟรีจากรูปเครื่อง เช็กชิป สเปก Battery Health และอุปกรณ์ครบก่อนขาย พร้อมนัดรับหรือส่งเครื่องได้ตามสะดวก,รับซื้อ MacBook Pro M5 มือสอง เช็กราคาไว ส่งรูปประเมินฟรี,502,0.631,6,6,true,structured_data,false,Organization|PostalAddress|WebSite|WebPage|BreadcrumbList|ListItem|Service|FAQPage|Question|Answer,3,2026-05-14T22:32:38+07:00,2026-07-01T20:46:46+07:00,medium,PASS_BROWSER_QA,PASS_BROWSER_QA,CRAWL_DELAY,MONITOR_AND_REQUEST_INDEXING,"Technically indexable, self-canonical, sitemap-listed, robots-allowed, parent-linked and non-orphan; no source defect explains the missing crawl."
https://ร้านรับซื้อโน๊ตบุ๊ค.com/รับซื้อโน๊ตบุ๊ค/surface-book/,P1,model_or_service,src/content/brands/surface-book.md,true,true,200,indexable,true,https://ร้านรับซื้อโน๊ตบุ๊ค.com/รับซื้อโน๊ตบุ๊ค/surface-book/,true,true,รับซื้อ Surface Book มือสอง ประเมินตามชิปเซ็ตและสภาพกลไก | ร้านรับซื้อโน๊ตบุ๊ค.com,รับซื้อ Surface Book มือสอง รุ่นไฮบริดถอดจอได้ ประเมินราคาตามรุ่นย่อย ชิปประมวลผล สภาพการแยกหน้าจอ สุขภาพแบตเตอรี่คู่อุปกรณ์ ส่งภาพเช็คได้ฟรี,รับซื้อ Surface Book มือสอง ไฮบริดถอดจอได้,394,0.660,6,6,true,structured_data,false,Organization|PostalAddress|WebSite|WebPage|BreadcrumbList|ListItem|Service,3,2026-05-14T22:32:38+07:00,2026-07-01T20:46:46+07:00,medium,PASS_BROWSER_QA,PASS_BROWSER_QA,CRAWL_DELAY,MONITOR_AND_REQUEST_INDEXING,"Technically indexable, self-canonical, sitemap-listed, robots-allowed, parent-linked and non-orphan; no source defect explains the missing crawl."
https://ร้านรับซื้อโน๊ตบุ๊ค.com/เช็คราคาโน๊ตบุ๊คมือสอง/,P0,core,src/pages/เช็คราคาโน๊ตบุ๊คมือสอง.astro,true,true,200,indexable,true,https://ร้านรับซื้อโน๊ตบุ๊ค.com/เช็คราคาโน๊ตบุ๊คมือสอง/,true,true,เช็คราคาโน๊ตบุ๊คมือสอง ประเมินฟรี แจ้งราคาก่อนขาย | ร้านรับซื้อโน๊ตบุ๊ค.com,บริการเช็คราคาโน๊ตบุ๊คมือสองฟรีผ่าน LINE ส่งรูปและสเปกเพื่อรับราคาเบื้องต้น ประเมินตามสภาพจริงและเทียบราคาประเมินอ้างอิง แจ้งราคาก่อนตัดสินใจขาย,เช็คราคาโน๊ตบุ๊คมือสอง ประเมินฟรี แจ้งราคาก่อนตัดสินใจขาย,976,0.643,13,13,true,structured_data,false,Organization|PostalAddress|WebSite|WebPage|BreadcrumbList|ListItem|Service|FAQPage|Question|Answer,2,2026-06-21T20:19:59+07:00,2026-07-01T20:46:46+07:00,low,PASS_BROWSER_QA,PASS_BROWSER_QA,CRAWL_DELAY,MONITOR_AND_REQUEST_INDEXING,"Technically indexable, self-canonical, sitemap-listed, robots-allowed, parent-linked and non-orphan; no source defect explains the missing crawl."
https://ร้านรับซื้อโน๊ตบุ๊ค.com/blog/รับซื้อ-acer-nitro-predator-ราคาเท่าไหร่/,P3,blog,src/content/blog/รับซื้อ-acer-nitro-predator-ราคาเท่าไหร่.md,true,true,200,indexable,true,https://ร้านรับซื้อโน๊ตบุ๊ค.com/blog/รับซื้อ-acer-nitro-predator-ราคาเท่าไหร่/,true,true,รับซื้อ Acer Nitro และ Predator ราคาเท่าไหร่ (คู่มือตรวจสอบราคามือสอง) | ร้านรับซื้อโน๊ตบุ๊ค.com | ร้านรับซื้อโน๊ตบุ๊ค.com,เช็คข้อมูลเปรียบเทียบราคาประเมินอ้างอิง Acer Nitro และ Predator ในตลาดมือสอง วิเคราะห์ราคาตามรุ่นย่อย การ์ดจอแยก สภาพพัดลม และแนวทางเตรียมข้อมูลก่อนขาย,รับซื้อ Acer Nitro และ Predator ราคาเท่าไหร่ (คู่มือตรวจสอบราคามือสอง) | ร้านรับซื้อโน๊ตบุ๊ค.com,312,0.558,6,6,true,structured_data,false,Organization|PostalAddress|WebSite|WebPage|BreadcrumbList|ListItem|BlogPosting|ImageObject,2,2026-05-14T22:32:38+07:00,2026-07-01T20:46:46+07:00,medium,PASS_BUILD_REVIEW,PASS_BUILD_REVIEW,LOW_PRIORITY,NO_SOURCE_CHANGE,Lower-priority location/blog page has valid technical signals; retain and observe without broad source changes.
https://ร้านรับซื้อโน๊ตบุ๊ค.com/blog/รับซื้อ-dell-vostro-ราคาเท่าไหร่/,P3,blog,src/content/blog/รับซื้อ-dell-vostro-ราคาเท่าไหร่.md,true,true,200,indexable,true,https://ร้านรับซื้อโน๊ตบุ๊ค.com/blog/รับซื้อ-dell-vostro-ราคาเท่าไหร่/,true,true,รับซื้อ Dell Vostro ราคาเท่าไหร่ | ร้านรับซื้อโน๊ตบุ๊ค.com,ถ้าจะขาย Dell Vostro ร้านรับซื้อจะดูสเปก แบต และสภาพเครื่องทำงานสายออฟฟิศหรือ SME อย่างไรบ้างก่อนให้ราคา,รับซื้อ Dell Vostro ราคาเท่าไหร่,217,0.613,3,3,true,structured_data,false,Organization|PostalAddress|WebSite|WebPage|BreadcrumbList|ListItem|BlogPosting|ImageObject,2,2026-05-16T20:54:46+07:00,2026-05-16T20:54:46+07:00,medium,PASS_BUILD_REVIEW,PASS_BUILD_REVIEW,LOW_PRIORITY,NO_SOURCE_CHANGE,Lower-priority location/blog page has valid technical signals; retain and observe without broad source changes.
https://ร้านรับซื้อโน๊ตบุ๊ค.com/blog/รับซื้อ-hp-victus-omen-ราคาเท่าไหร่/,P3,blog,src/content/blog/รับซื้อ-hp-victus-omen-ราคาเท่าไหร่.md,true,true,200,indexable,true,https://ร้านรับซื้อโน๊ตบุ๊ค.com/blog/รับซื้อ-hp-victus-omen-ราคาเท่าไหร่/,true,true,รับซื้อ HP Victus และ OMEN ราคาเท่าไหร่ (เช็คราคาประเมินอ้างอิงเกมมิ่ง) | ร้านรับซื้อโน๊ตบุ๊ค.com | ร้านรับซื้อโน๊ตบุ๊ค.com,แนวทางเช็คราคาประเมิน HP Victus และ OMEN ในตลาดมือสอง วิเคราะห์ปัจจัยการ์ดจอแยก หน้าจออัตรารีเฟรชเรท และระบบพัดลมระบายความร้อน ส่งรูปเช็คฟรี,รับซื้อ HP Victus และ OMEN ราคาเท่าไหร่ (เช็คราคาประเมินอ้างอิงเกมมิ่ง) | ร้านรับซื้อโน๊ตบุ๊ค.com,293,0.553,7,7,true,structured_data,false,Organization|PostalAddress|WebSite|WebPage|BreadcrumbList|ListItem|BlogPosting|ImageObject,2,2026-05-14T22:32:38+07:00,2026-07-01T20:46:46+07:00,medium,PASS_BUILD_REVIEW,PASS_BUILD_REVIEW,LOW_PRIORITY,NO_SOURCE_CHANGE,Lower-priority location/blog page has valid technical signals; retain and observe without broad source changes.
https://ร้านรับซื้อโน๊ตบุ๊ค.com/blog/รับซื้อ-macbook-air-m5-ราคาเท่าไหร่/,P3,blog,src/content/blog/รับซื้อ-macbook-air-m5-ราคาเท่าไหร่.md,true,true,200,indexable,true,https://ร้านรับซื้อโน๊ตบุ๊ค.com/blog/รับซื้อ-macbook-air-m5-ราคาเท่าไหร่/,true,true,รับซื้อ MacBook Air M5 ราคาเท่าไหร่ (รุ่นใหม่ดูอะไรบ้างก่อนประเมิน) | ร้านรับซื้อโน๊ตบุ๊ค.com,MacBook Air M5 ถ้าจะขายมือสอง ร้านรับซื้อจะดูอะไรบ้าง สรุปปัจจัยสำคัญที่มีผลต่อการประเมิน เช่น รุ่นย่อย ความจุ สภาพแบต รอย และความพร้อมของเครื่อง,รับซื้อ MacBook Air M5 ราคาเท่าไหร่ (รุ่นใหม่ดูอะไรบ้างก่อนประเมิน),279,0.609,9,9,true,structured_data,false,Organization|PostalAddress|WebSite|WebPage|BreadcrumbList|ListItem|BlogPosting|ImageObject,2,2026-05-14T22:32:38+07:00,2026-05-14T22:32:38+07:00,medium,PASS_BUILD_REVIEW,PASS_BUILD_REVIEW,LOW_PRIORITY,NO_SOURCE_CHANGE,Lower-priority location/blog page has valid technical signals; retain and observe without broad source changes.
https://ร้านรับซื้อโน๊ตบุ๊ค.com/blog/รับซื้อ-surface-laptop-go-book-pro-ราคาเท่าไหร่/,P3,blog,src/content/blog/รับซื้อ-surface-laptop-go-book-pro-ราคาเท่าไหร่.md,true,true,200,indexable,true,https://ร้านรับซื้อโน๊ตบุ๊ค.com/blog/รับซื้อ-surface-laptop-go-book-pro-ราคาเท่าไหร่/,true,true,รับซื้อ Surface Laptop Go Book และ Pro ราคาเท่าไหร่ | ร้านรับซื้อโน๊ตบุ๊ค.com,"ถ้าจะขาย Surface Laptop, Laptop Go, Surface Book หรือ Surface Pro ร้านรับซื้อจะดูจอ แบต และอุปกรณ์เสริมอย่างไรบ้าง",รับซื้อ Surface Laptop Go Book และ Pro ราคาเท่าไหร่,251,0.530,3,3,true,structured_data,false,Organization|PostalAddress|WebSite|WebPage|BreadcrumbList|ListItem|BlogPosting|ImageObject,2,2026-05-14T22:32:38+07:00,2026-05-14T22:32:38+07:00,medium,PASS_BUILD_REVIEW,PASS_BUILD_REVIEW,LOW_PRIORITY,NO_SOURCE_CHANGE,Lower-priority location/blog page has valid technical signals; retain and observe without broad source changes.
https://ร้านรับซื้อโน๊ตบุ๊ค.com/blog/โน๊ตบุ๊คชาร์จไม่เข้า-พอร์ตชาร์จเสียขายได้ไหม/,P3,blog,src/content/blog/โน๊ตบุ๊คชาร์จไม่เข้า-พอร์ตชาร์จเสียขายได้ไหม.md,true,true,200,indexable,true,https://ร้านรับซื้อโน๊ตบุ๊ค.com/blog/โน๊ตบุ๊คชาร์จไม่เข้า-พอร์ตชาร์จเสียขายได้ไหม/,true,true,โน๊ตบุ๊คชาร์จไม่เข้า พอร์ตชาร์จเสียขายได้ไหม | ร้านรับซื้อโน๊ตบุ๊ค.com,ชาร์จไม่เข้า สายขยับแล้วติดบ้างดับบ้าง หรือพอร์ตชาร์จหลวม ยังขายได้ไหม สรุปสิ่งที่ร้านดูและข้อมูลที่ควรส่งก่อนประเมิน,โน๊ตบุ๊คชาร์จไม่เข้า พอร์ตชาร์จเสียขายได้ไหม,274,0.752,3,3,true,structured_data,false,Organization|PostalAddress|WebSite|WebPage|BreadcrumbList|ListItem|FAQPage|Question|Answer|BlogPosting|ImageObject,2,2026-05-14T22:32:38+07:00,2026-07-01T20:46:46+07:00,medium,PASS_BUILD_REVIEW,PASS_BUILD_REVIEW,LOW_PRIORITY,NO_SOURCE_CHANGE,Lower-priority location/blog page has valid technical signals; retain and observe without broad source changes.
https://ร้านรับซื้อโน๊ตบุ๊ค.com/blog/โน๊ตบุ๊คบานพับแตกขายได้ไหม/,P3,blog,src/content/blog/โน๊ตบุ๊คบานพับแตกขายได้ไหม.md,true,true,200,indexable,true,https://ร้านรับซื้อโน๊ตบุ๊ค.com/blog/โน๊ตบุ๊คบานพับแตกขายได้ไหม/,true,true,โน๊ตบุ๊คบานพับแตกขายได้ไหม (เปิดปิดฝืด ฝาร้าว ขอบจออ้า) | ร้านรับซื้อโน๊ตบุ๊ค.com,บานพับแตกยังขายได้ไหม? อธิบายว่าร้านรับซื้อดูระดับความเสียหาย กระทบจอหรือไม่ และเมื่อไรที่ขายตามสภาพคุ้มกว่าซ่อม,โน๊ตบุ๊คบานพับแตกขายได้ไหม (เปิดปิดฝืด ฝาร้าว ขอบจออ้า),246,0.724,5,5,true,structured_data,false,Organization|PostalAddress|WebSite|WebPage|BreadcrumbList|ListItem|FAQPage|Question|Answer|BlogPosting|ImageObject,2,2026-05-16T20:54:46+07:00,2026-05-16T20:54:46+07:00,medium,PASS_BUILD_REVIEW,PASS_BUILD_REVIEW,LOW_PRIORITY,NO_SOURCE_CHANGE,Lower-priority location/blog page has valid technical signals; retain and observe without broad source changes.
https://ร้านรับซื้อโน๊ตบุ๊ค.com/blog/macbook-ไม่มีกล่อง-ไม่มีใบเสร็จ-ขายได้ไหม/,P3,blog,src/content/blog/macbook-ไม่มีกล่อง-ไม่มีใบเสร็จ-ขายได้ไหม.md,true,true,200,indexable,true,https://ร้านรับซื้อโน๊ตบุ๊ค.com/blog/macbook-ไม่มีกล่อง-ไม่มีใบเสร็จ-ขายได้ไหม/,true,true,MacBook ไม่มีกล่อง ไม่มีใบเสร็จ ขายได้ไหม ต้องเตรียมอะไรบ้าง | ร้านรับซื้อโน๊ตบุ๊ค.com,MacBook ไม่มีกล่องหรือใบเสร็จยังขายได้ไหม มีผลต่อราคาประเมินอย่างไร ควรเตรียมข้อมูลอะไร และควรล้างข้อมูลอย่างไรก่อนส่งรูปประเมิน,MacBook ไม่มีกล่อง ไม่มีใบเสร็จ ขายได้ไหม ต้องเตรียมอะไรบ้าง,336,0.720,5,5,true,structured_data,false,Organization|PostalAddress|WebSite|WebPage|BreadcrumbList|ListItem|BlogPosting|ImageObject,2,2026-05-14T22:32:38+07:00,2026-07-01T20:46:46+07:00,medium,PASS_BUILD_REVIEW,PASS_BUILD_REVIEW,LOW_PRIORITY,NO_SOURCE_CHANGE,Lower-priority location/blog page has valid technical signals; retain and observe without broad source changes.
