source_url,priority,root_cause,selected_for_source_change,planned_action,source_file,rationale,rollback
https://ร้านรับซื้อโน๊ตบุ๊ค.com/รับซื้อโน๊ตบุ๊ค/dell-inspiron-15/,P1,CRAWL_DELAY,false,MONITOR_CRAWL_AND_SITEMAP_DISCOVERY,src/content/brands/dell-inspiron-15.md,"Existing page already passes technical, content, sitemap, canonical, robots, parent-link and non-orphan gates; editing content solely to force crawling would be speculative.",No source rollback required.
https://ร้านรับซื้อโน๊ตบุ๊ค.com/รับซื้อโน๊ตบุ๊ค/honor/,P1,CRAWL_DELAY,false,MONITOR_CRAWL_AND_SITEMAP_DISCOVERY,src/content/brands/honor.md,"Existing page already passes technical, content, sitemap, canonical, robots, parent-link and non-orphan gates; editing content solely to force crawling would be speculative.",No source rollback required.
https://ร้านรับซื้อโน๊ตบุ๊ค.com/รับซื้อโน๊ตบุ๊ค/huawei-matebook/,P1,CRAWL_DELAY,false,MONITOR_CRAWL_AND_SITEMAP_DISCOVERY,src/content/brands/huawei-matebook.md,"Existing page already passes technical, content, sitemap, canonical, robots, parent-link and non-orphan gates; editing content solely to force crawling would be speculative.",No source rollback required.
https://ร้านรับซื้อโน๊ตบุ๊ค.com/รับซื้อโน๊ตบุ๊ค/huawei/,P1,CRAWL_DELAY,false,MONITOR_CRAWL_AND_SITEMAP_DISCOVERY,src/content/brands/huawei.md,"Existing page already passes technical, content, sitemap, canonical, robots, parent-link and non-orphan gates; editing content solely to force crawling would be speculative.",No source rollback required.
https://ร้านรับซื้อโน๊ตบุ๊ค.com/รับซื้อโน๊ตบุ๊ค/macbook-mdm/,P1,CRAWL_DELAY,false,MONITOR_CRAWL_AND_SITEMAP_DISCOVERY,src/content/conditions/macbook-mdm.md,"Existing page already passes technical, content, sitemap, canonical, robots, parent-link and non-orphan gates; editing content solely to force crawling would be speculative.",No source rollback required.
https://ร้านรับซื้อโน๊ตบุ๊ค.com/รับซื้อโน๊ตบุ๊ค/macbook-no-box-no-receipt/,P1,CRAWL_DELAY,false,MONITOR_CRAWL_AND_SITEMAP_DISCOVERY,src/content/conditions/macbook-no-box-no-receipt.md,"Existing page already passes technical, content, sitemap, canonical, robots, parent-link and non-orphan gates; editing content solely to force crawling would be speculative.",No source rollback required.
https://ร้านรับซื้อโน๊ตบุ๊ค.com/รับซื้อโน๊ตบุ๊ค/macbook-pro-m5/,P1,CRAWL_DELAY,false,MONITOR_CRAWL_AND_SITEMAP_DISCOVERY,src/content/brands/macbook-pro-m5.md,"Existing page already passes technical, content, sitemap, canonical, robots, parent-link and non-orphan gates; editing content solely to force crawling would be speculative.",No source rollback required.
https://ร้านรับซื้อโน๊ตบุ๊ค.com/รับซื้อโน๊ตบุ๊ค/surface-book/,P1,CRAWL_DELAY,false,MONITOR_CRAWL_AND_SITEMAP_DISCOVERY,src/content/brands/surface-book.md,"Existing page already passes technical, content, sitemap, canonical, robots, parent-link and non-orphan gates; editing content solely to force crawling would be speculative.",No source rollback required.
https://ร้านรับซื้อโน๊ตบุ๊ค.com/เช็คราคาโน๊ตบุ๊คมือสอง/,P0,CRAWL_DELAY,false,REQUEST_INDEXING_AND_MONITOR,src/pages/เช็คราคาโน๊ตบุ๊คมือสอง.astro,"Existing page already passes technical, content, sitemap, canonical, robots, parent-link and non-orphan gates; editing content solely to force crawling would be speculative.",No source rollback required.
