URL,Page type,Source file/data source,Current title,Current H1,Word count,Indexable,Canonical,Internal inbound links,Content template,Similarity risk,Search intent,Quality status,Priority
/,Homepage,src/pages/index.astro,รับซื้อโน๊ตบุ๊ค ประเมินตามรุ่น สเปก และสภาพจริง | ร้านรับซื้อโน๊ตบุ๊ค.com,รับซื้อโน๊ตบุ๊ค ประเมินตามรุ่น สเปก และสภาพจริง,1033,yes,https://ร้านรับซื้อโน๊ตบุ๊ค.com/,TBD,custom,Low,Core transactional รับซื้อโน๊ตบุ๊ค,Strong,1
/รับซื้อ-notebook/,Notebook-English,src/pages/รับซื้อ-notebook.astro,รับซื้อ Notebook คืออะไร แยกประเภทเครื่องก่อนส่งประเมิน | ร้านรับซื้อโน๊ตบุ๊ค.com,รับซื้อ Notebook,1184,yes,https://ร้านรับซื้อโน๊ตบุ๊ค.com/รับซื้อ-notebook/,TBD,custom,Low,English spelling notebook service,Strong,1
/รับซื้อโน๊ตบุ๊คมือสอง/,Second-hand,src/pages/รับซื้อโน๊ตบุ๊คมือสอง.astro,รับซื้อโน๊ตบุ๊คมือสอง อายุการใช้งาน สภาพ และอุปกรณ์ | ร้านรับซื้อโน๊ตบุ๊ค.com,รับซื้อโน๊ตบุ๊คมือสอง,1081,yes,https://ร้านรับซื้อโน๊ตบุ๊ค.com/รับซื้อโน๊ตบุ๊คมือสอง/,TBD,custom,Low,Used notebook resale,Strong,1
/รับซื้อโน๊ตบุ๊คบริษัท/,Secondary service,src/pages/รับซื้อโน๊ตบุ๊คบริษัท.astro,รับซื้อโน๊ตบุ๊คบริษัท โละเครื่ององค์กร ประเมินตามสเปก | ร้านรับซื้อโน๊ตบุ๊ค.com,รับซื้อโน๊ตบุ๊คบริษัท,3921,yes,https://ร้านรับซื้อโน๊ตบุ๊ค.com/รับซื้อโน๊ตบุ๊คบริษัท/,TBD,ServicePageShell,Low,Corporate / bulk sell,Strong,1
/เช็คราคาโน๊ตบุ๊ค/,Price/valuation,src/pages/เช็คราคาโน๊ตบุ๊ค.astro,เช็คราคาโน๊ตบุ๊ค รู้กรอบราคาก่อนตัดสินใจขาย | ร้านรับซื้อโน๊ตบุ๊ค.com,เช็คราคาโน๊ตบุ๊ค,891,yes,https://ร้านรับซื้อโน๊ตบุ๊ค.com/เช็คราคาโน๊ตบุ๊ค/,TBD,ServicePageShell,Low,Check price before selling,Strong,1
/เช็คราคาโน๊ตบุ๊คมือสอง/,Price/valuation,src/pages/เช็คราคาโน๊ตบุ๊คมือสอง.astro,เช็คราคาโน๊ตบุ๊คมือสอง ประเมินฟรี แจ้งราคาก่อนขาย | ร้านรับซื้อโน๊ตบุ๊ค.com,เช็คราคาโน๊ตบุ๊คมือสอง,4456,yes,https://ร้านรับซื้อโน๊ตบุ๊ค.com/เช็คราคาโน๊ตบุ๊คมือสอง/,TBD,ServicePageShell,Low,Used price check,Strong,1
/ตีราคาโน๊ตบุ๊ค/,Price/valuation,src/pages/ตีราคาโน๊ตบุ๊ค.astro,ตีราคาโน๊ตบุ๊ค วิธีประเมินจากสเปกและจุดตรวจสภาพ | ร้านรับซื้อโน๊ตบุ๊ค.com,ตีราคาโน๊ตบุ๊ค วิธีประเมินจากสเปกและจุดตรวจสภาพ | ร้านรับซื้อโน๊ตบุ๊ค.com,1811,yes,https://ร้านรับซื้อโน๊ตบุ๊ค.com/ตีราคาโน๊ตบุ๊ค/,TBD,ServicePageShell,Low,Valuation methodology,Strong,1
/ขายโน๊ตบุ๊ค/,Secondary service,src/pages/ขายโน๊ตบุ๊ค.astro,ขายโน๊ตบุ๊ค คู่มือเตรียมเครื่องก่อนส่งมอบ | ร้านรับซื้อโน๊ตบุ๊ค.com,ขายโน๊ตบุ๊ค,897,yes,https://ร้านรับซื้อโน๊ตบุ๊ค.com/ขายโน๊ตบุ๊ค/,TBD,ServicePageShell,Low,Seller preparation guide,Strong,1
/ขายโน๊ตบุ๊คด่วน/,Secondary service,src/pages/ขายโน๊ตบุ๊คด่วน.astro,ขายโน๊ตบุ๊คด่วน รู้ขั้นตอนและเงื่อนไขก่อนตัดสินใจ | ร้านรับซื้อโน๊ตบุ๊ค.com,ขายโน๊ตบุ๊คด่วน รู้ขั้นตอนและเงื่อนไขก่อนตัดสินใจ | ร้านรับซื้อโน๊ตบุ๊ค.com,1992,yes,https://ร้านรับซื้อโน๊ตบุ๊ค.com/ขายโน๊ตบุ๊คด่วน/,TBD,ServicePageShell,Low,Fast sell flow,Good,2
/วิธีขายโน๊ตบุ๊ค/,Guide,src/pages/วิธีขายโน๊ตบุ๊ค/index.astro,วิธีขายโน๊ตบุ๊คมือสองให้ได้ราคาดีและปลอดภัย | ร้านรับซื้อโน๊ตบุ๊ค.com,ลิงก์ที่ช่วยต่อยอด,4116,yes,https://ร้านรับซื้อโน๊ตบุ๊ค.com/วิธีขายโน๊ตบุ๊ค/,TBD,custom,Low,How to sell guide,Strong,2
/รับเหมาโน๊ตบุ๊ค/,Secondary service,src/pages/รับเหมาโน๊ตบุ๊ค.astro,รับเหมาโน๊ตบุ๊ค งานยกล็อตสำหรับองค์กร | ร้านรับซื้อโน๊ตบุ๊ค.com,รับเหมาโน๊ตบุ๊ค งานยกล็อตสำหรับองค์กร | ร้านรับซื้อโน๊ตบุ๊ค.com,2748,yes,https://ร้านรับซื้อโน๊ตบุ๊ค.com/รับเหมาโน๊ตบุ๊ค/,TBD,ServicePageShell,Low,Bulk notebook buyout,Good,2
/รับเหมาคอมพิวเตอร์/,Secondary service,src/pages/รับเหมาคอมพิวเตอร์.astro,รับเหมาคอมพิวเตอร์ออฟฟิศ ประเมินราคายกชุด โละคอมบริษัท อิงราคาจากสภาพจริงของเครื่อง | ร้านรับซื้อโน๊ตบุ๊ค.com,รับเหมาคอมพิวเตอร์ออฟฟิศ ประเมินราคายกชุด โละคอมบริษัท อิงราคาจากสภาพจริงของเครื่อง | ร้านรับซื้อโน๊ตบุ๊ค.com,2782,yes,https://ร้านรับซื้อโน๊ตบุ๊ค.com/รับเหมาคอมพิวเตอร์/,TBD,ServicePageShell,Low,Bulk computer buyout,Good,2
/รับประมูลคอม/,Secondary service,src/pages/รับประมูลคอม.astro,รับประมูลคอมพิวเตอร์ เข้าร่วมประมูลคอมโรงเรียน หน่วยงานราชการ จ่ายสด อิงราคาจากสภาพจริงของเครื่อง | ร้านรับซื้อโน๊ตบุ๊ค.com,รับประมูลคอมพิวเตอร์ เข้าร่วมประมูลคอมโรงเรียน หน่วยงานราชการ จ่ายสด อิงราคาจากสภาพจริงของเครื่อง | ร้านรับซื้อโน๊ตบุ๊ค.com,2658,yes,https://ร้านรับซื้อโน๊ตบุ๊ค.com/รับประมูลคอม/,TBD,ServicePageShell,Low,Auction / tender,Good,2
/พื้นที่ให้บริการ/,Utility,src/pages/พื้นที่ให้บริการ/index.astro,พื้นที่ให้บริการรับซื้อโน๊ตบุ๊ค | นัดหรือจัดส่งตามเงื่อนไข,ลิงก์ที่เกี่ยวข้องกับการรับซื้อและการเช็คราคา,1348,yes,https://ร้านรับซื้อโน๊ตบุ๊ค.com/พื้นที่ให้บริการ/,TBD,custom,Low,Service area hub,Strong,2
/คำถามที่พบบ่อย/,FAQ,src/pages/คำถามที่พบบ่อย/index.astro,คำถามที่พบบ่อยเกี่ยวกับการรับซื้อโน๊ตบุ๊ค | ร้านรับซื้อโน๊ตบุ๊ค.com,ลิงก์ที่ช่วยเริ่มต้นได้ไว,4491,yes,https://ร้านรับซื้อโน๊ตบุ๊ค.com/คำถามที่พบบ่อย/,TBD,custom,Low,Site FAQ,Strong,2
/เกี่ยวกับเรา/,About,src/pages/เกี่ยวกับเรา.astro,เกี่ยวกับเรา | ร้านรับซื้อโน๊ตบุ๊ค.com,เกี่ยวกับเรา | ร้านรับซื้อโน๊ตบุ๊ค.com,758,yes,https://ร้านรับซื้อโน๊ตบุ๊ค.com/เกี่ยวกับเรา/,TBD,custom,Low,About business,Strong,2
/ติดต่อเรา/,Contact,src/pages/ติดต่อเรา.astro,ติดต่อเรา | ร้านรับซื้อโน๊ตบุ๊ค.com,คำถามสั้น ๆ ก่อนติดต่อ,671,yes,https://ร้านรับซื้อโน๊ตบุ๊ค.com/ติดต่อเรา/,TBD,custom,Low,Contact,Strong,2
/นโยบายความเป็นส่วนตัว/,Legal,src/pages/นโยบายความเป็นส่วนตัว.astro,นโยบายความเป็นส่วนตัว | ร้านรับซื้อโน๊ตบุ๊ค.com,นโยบายความเป็นส่วนตัว | ร้านรับซื้อโน๊ตบุ๊ค.com,476,yes,https://ร้านรับซื้อโน๊ตบุ๊ค.com/นโยบายความเป็นส่วนตัว/,TBD,custom,Low,Privacy,Good,3
/ขั้นตอนและเงื่อนไขการให้บริการ/,Legal,src/pages/ขั้นตอนและเงื่อนไขการให้บริการ.astro,ขั้นตอนและเงื่อนไขการให้บริการ | ร้านรับซื้อโน๊ตบุ๊ค.com,ขั้นตอนและเงื่อนไขการให้บริการ | ร้านรับซื้อโน๊ตบุ๊ค.com,891,yes,https://ร้านรับซื้อโน๊ตบุ๊ค.com/ขั้นตอนและเงื่อนไขการให้บริการ/,TBD,custom,Low,Terms,Good,3
/เว็บไซต์ในเครือ/,Utility,src/pages/เว็บไซต์ในเครือ/index.astro,เว็บไซต์ในเครือและบริการรับซื้อสินค้าไอที | ร้านรับซื้อโน๊ตบุ๊ค.com,เว็บไซต์ในเครือและบริการรับซื้อสินค้าไอที | ร้านรับซื้อโน๊ตบุ๊ค.com,930,yes,https://ร้านรับซื้อโน๊ตบุ๊ค.com/เว็บไซต์ในเครือ/,TBD,custom,Low,Partner sites,Good,3
/blog/,Blog,src/pages/blog/index.astro,บทความ | ร้านรับซื้อโน๊ตบุ๊ค.com,บทความ | ร้านรับซื้อโน๊ตบุ๊ค.com,202,yes,https://ร้านรับซื้อโน๊ตบุ๊ค.com/blog/,TBD,custom,Low,Blog hub,Good,2
/sitemap/,Utility,src/pages/sitemap.astro,แผนผังเว็บไซต์ (HTML Sitemap) | ร้านรับซื้อโน๊ตบุ๊ค.com,แผนผังเว็บไซต์ (HTML Sitemap) | ร้านรับซื้อโน๊ตบุ๊ค.com,554,yes,https://ร้านรับซื้อโน๊ตบุ๊ค.com/sitemap/,TBD,custom,Low,HTML sitemap,Good,3
/รับซื้อโน๊ตบุ๊ค/acer-aspire-5/,Model,src/content/brands/acer-aspire-5.md,,,304,yes,https://ร้านรับซื้อโน๊ตบุ๊ค.com/รับซื้อโน๊ตบุ๊ค/acer-aspire-5/,TBD,model-md,Low,Model,Good,2
/รับซื้อโน๊ตบุ๊ค/acer-nitro-16/,Model,src/content/brands/acer-nitro-16.md,,,496,yes,https://ร้านรับซื้อโน๊ตบุ๊ค.com/รับซื้อโน๊ตบุ๊ค/acer-nitro-16/,TBD,model-md,Low,Model,Strong,2
/รับซื้อโน๊ตบุ๊ค/acer-nitro-17/,Model,src/content/brands/acer-nitro-17.md,,,289,yes,https://ร้านรับซื้อโน๊ตบุ๊ค.com/รับซื้อโน๊ตบุ๊ค/acer-nitro-17/,TBD,model-md,Low,Model,Good,2
/รับซื้อโน๊ตบุ๊ค/acer-nitro-v/,Model,src/content/brands/acer-nitro-v.md,,,504,yes,https://ร้านรับซื้อโน๊ตบุ๊ค.com/รับซื้อโน๊ตบุ๊ค/acer-nitro-v/,TBD,model-md,Low,Model,Strong,2
/รับซื้อโน๊ตบุ๊ค/acer-predator-helios/,Model,src/content/brands/acer-predator-helios.md,,,286,yes,https://ร้านรับซื้อโน๊ตบุ๊ค.com/รับซื้อโน๊ตบุ๊ค/acer-predator-helios/,TBD,model-md,Low,Model,Good,2
/รับซื้อโน๊ตบุ๊ค/acer-predator-neo/,Model,src/content/brands/acer-predator-neo.md,,,489,yes,https://ร้านรับซื้อโน๊ตบุ๊ค.com/รับซื้อโน๊ตบุ๊ค/acer-predator-neo/,TBD,model-md,Low,Model,Strong,2
/รับซื้อโน๊ตบุ๊ค/acer-predator-triton/,Model,src/content/brands/acer-predator-triton.md,,,290,yes,https://ร้านรับซื้อโน๊ตบุ๊ค.com/รับซื้อโน๊ตบุ๊ค/acer-predator-triton/,TBD,model-md,Low,Model,Good,2
/รับซื้อโน๊ตบุ๊ค/acer-swift/,Series,src/content/brands/acer-swift.md,,,570,yes,https://ร้านรับซื้อโน๊ตบุ๊ค.com/รับซื้อโน๊ตบุ๊ค/acer-swift/,TBD,series-md,Low,Series,Strong,2
/รับซื้อโน๊ตบุ๊ค/acer-travelmate/,Series,src/content/brands/acer-travelmate.md,,,564,yes,https://ร้านรับซื้อโน๊ตบุ๊ค.com/รับซื้อโน๊ตบุ๊ค/acer-travelmate/,TBD,series-md,Low,Series,Strong,2
/รับซื้อโน๊ตบุ๊ค/acer/,Brand,src/content/brands/acer.md,,,982,yes,https://ร้านรับซื้อโน๊ตบุ๊ค.com/รับซื้อโน๊ตบุ๊ค/acer/,TBD,brand-md,Low,Brand,Strong,1
/รับซื้อโน๊ตบุ๊ค/alienware-m15-r7-r8/,Model,src/content/brands/alienware-m15-r7-r8.md,,,302,yes,https://ร้านรับซื้อโน๊ตบุ๊ค.com/รับซื้อโน๊ตบุ๊ค/alienware-m15-r7-r8/,TBD,model-md,Low,Model,Good,2
/รับซื้อโน๊ตบุ๊ค/alienware-m16/,Model,src/content/brands/alienware-m16.md,,,294,yes,https://ร้านรับซื้อโน๊ตบุ๊ค.com/รับซื้อโน๊ตบุ๊ค/alienware-m16/,TBD,model-md,Low,Model,Good,2
/รับซื้อโน๊ตบุ๊ค/alienware-m18/,Model,src/content/brands/alienware-m18.md,,,294,yes,https://ร้านรับซื้อโน๊ตบุ๊ค.com/รับซื้อโน๊ตบุ๊ค/alienware-m18/,TBD,model-md,Low,Model,Good,2
/รับซื้อโน๊ตบุ๊ค/alienware-x16/,Series,src/content/brands/alienware-x16.md,,,298,yes,https://ร้านรับซื้อโน๊ตบุ๊ค.com/รับซื้อโน๊ตบุ๊ค/alienware-x16/,TBD,series-md,Low,Series,Good,2
/รับซื้อโน๊ตบุ๊ค/asus-expertbook/,Series,src/content/brands/asus-expertbook.md,,,559,yes,https://ร้านรับซื้อโน๊ตบุ๊ค.com/รับซื้อโน๊ตบุ๊ค/asus-expertbook/,TBD,series-md,Low,Series,Strong,2
/รับซื้อโน๊ตบุ๊ค/asus-rog-ally-x/,Model,src/content/brands/asus-rog-ally-x.md,,,301,yes,https://ร้านรับซื้อโน๊ตบุ๊ค.com/รับซื้อโน๊ตบุ๊ค/asus-rog-ally-x/,TBD,model-md,Low,Model,Good,2
/รับซื้อโน๊ตบุ๊ค/asus-rog-flow/,Model,src/content/brands/asus-rog-flow.md,,,312,yes,https://ร้านรับซื้อโน๊ตบุ๊ค.com/รับซื้อโน๊ตบุ๊ค/asus-rog-flow/,TBD,model-md,Low,Model,Good,2
/รับซื้อโน๊ตบุ๊ค/asus-rog-strix/,Model,src/content/brands/asus-rog-strix.md,,,548,yes,https://ร้านรับซื้อโน๊ตบุ๊ค.com/รับซื้อโน๊ตบุ๊ค/asus-rog-strix/,TBD,model-md,Low,Model,Strong,2
/รับซื้อโน๊ตบุ๊ค/asus-tuf-a15-f15/,Model,src/content/brands/asus-tuf-a15-f15.md,,,531,yes,https://ร้านรับซื้อโน๊ตบุ๊ค.com/รับซื้อโน๊ตบุ๊ค/asus-tuf-a15-f15/,TBD,model-md,Low,Model,Strong,2
/รับซื้อโน๊ตบุ๊ค/asus-vivobook/,Series,src/content/brands/asus-vivobook.md,,,552,yes,https://ร้านรับซื้อโน๊ตบุ๊ค.com/รับซื้อโน๊ตบุ๊ค/asus-vivobook/,TBD,series-md,Low,Series,Strong,2
/รับซื้อโน๊ตบุ๊ค/asus-zenbook/,Series,src/content/brands/asus-zenbook.md,,,555,yes,https://ร้านรับซื้อโน๊ตบุ๊ค.com/รับซื้อโน๊ตบุ๊ค/asus-zenbook/,TBD,series-md,Low,Series,Strong,2
/รับซื้อโน๊ตบุ๊ค/asus-zephyrus-g14/,Model,src/content/brands/asus-zephyrus-g14.md,,,294,yes,https://ร้านรับซื้อโน๊ตบุ๊ค.com/รับซื้อโน๊ตบุ๊ค/asus-zephyrus-g14/,TBD,model-md,Low,Model,Good,2
/รับซื้อโน๊ตบุ๊ค/asus-zephyrus-g16/,Model,src/content/brands/asus-zephyrus-g16.md,,,295,yes,https://ร้านรับซื้อโน๊ตบุ๊ค.com/รับซื้อโน๊ตบุ๊ค/asus-zephyrus-g16/,TBD,model-md,Low,Model,Good,2
/รับซื้อโน๊ตบุ๊ค/asus-zephyrus/,Series,src/content/brands/asus-zephyrus.md,,,599,yes,https://ร้านรับซื้อโน๊ตบุ๊ค.com/รับซื้อโน๊ตบุ๊ค/asus-zephyrus/,TBD,series-md,Low,Series,Strong,2
/รับซื้อโน๊ตบุ๊ค/asus/,Brand,src/content/brands/asus.md,,,933,yes,https://ร้านรับซื้อโน๊ตบุ๊ค.com/รับซื้อโน๊ตบุ๊ค/asus/,TBD,brand-md,Low,Brand,Strong,1
/รับซื้อโน๊ตบุ๊ค/dell-g15-g16/,Model,src/content/brands/dell-g15-g16.md,,,306,yes,https://ร้านรับซื้อโน๊ตบุ๊ค.com/รับซื้อโน๊ตบุ๊ค/dell-g15-g16/,TBD,model-md,Low,Model,Good,2
/รับซื้อโน๊ตบุ๊ค/dell-inspiron-15/,Model,src/content/brands/dell-inspiron-15.md,,,290,yes,https://ร้านรับซื้อโน๊ตบุ๊ค.com/รับซื้อโน๊ตบุ๊ค/dell-inspiron-15/,TBD,model-md,Low,Model,Good,2
/รับซื้อโน๊ตบุ๊ค/dell-latitude/,Series,src/content/brands/dell-latitude.md,,,585,yes,https://ร้านรับซื้อโน๊ตบุ๊ค.com/รับซื้อโน๊ตบุ๊ค/dell-latitude/,TBD,series-md,Low,Series,Strong,2
/รับซื้อโน๊ตบุ๊ค/dell-vostro/,Series,src/content/brands/dell-vostro.md,,,551,yes,https://ร้านรับซื้อโน๊ตบุ๊ค.com/รับซื้อโน๊ตบุ๊ค/dell-vostro/,TBD,series-md,Low,Series,Strong,2
/รับซื้อโน๊ตบุ๊ค/dell-xps-13-15/,Model,src/content/brands/dell-xps-13-15.md,,,299,yes,https://ร้านรับซื้อโน๊ตบุ๊ค.com/รับซื้อโน๊ตบุ๊ค/dell-xps-13-15/,TBD,model-md,Low,Model,Good,2
/รับซื้อโน๊ตบุ๊ค/dell/,Brand,src/content/brands/dell.md,,,938,yes,https://ร้านรับซื้อโน๊ตบุ๊ค.com/รับซื้อโน๊ตบุ๊ค/dell/,TBD,brand-md,Low,Brand,Strong,1
/รับซื้อโน๊ตบุ๊ค/gaming/,Brand,src/content/brands/gaming.md,,,2687,yes,https://ร้านรับซื้อโน๊ตบุ๊ค.com/รับซื้อโน๊ตบุ๊ค/gaming/,TBD,brand-md,Low,Brand,Strong,1
/รับซื้อโน๊ตบุ๊ค/gigabyte-aorus/,Series,src/content/brands/gigabyte-aorus.md,,,319,yes,https://ร้านรับซื้อโน๊ตบุ๊ค.com/รับซื้อโน๊ตบุ๊ค/gigabyte-aorus/,TBD,series-md,Low,Series,Good,2
/รับซื้อโน๊ตบุ๊ค/gigabyte/,Brand,src/content/brands/gigabyte.md,,,306,yes,https://ร้านรับซื้อโน๊ตบุ๊ค.com/รับซื้อโน๊ตบุ๊ค/gigabyte/,TBD,brand-md,Low,Brand,Good,1
/รับซื้อโน๊ตบุ๊ค/honor-magicbook/,Series,src/content/brands/honor-magicbook.md,,,279,yes,https://ร้านรับซื้อโน๊ตบุ๊ค.com/รับซื้อโน๊ตบุ๊ค/honor-magicbook/,TBD,series-md,Low,Series,Good,2
/รับซื้อโน๊ตบุ๊ค/honor/,Brand,src/content/brands/honor.md,,,281,yes,https://ร้านรับซื้อโน๊ตบุ๊ค.com/รับซื้อโน๊ตบุ๊ค/honor/,TBD,brand-md,Low,Brand,Good,1
/รับซื้อโน๊ตบุ๊ค/hp-elitebook/,Series,src/content/brands/hp-elitebook.md,,,561,yes,https://ร้านรับซื้อโน๊ตบุ๊ค.com/รับซื้อโน๊ตบุ๊ค/hp-elitebook/,TBD,series-md,Low,Series,Strong,2
/รับซื้อโน๊ตบุ๊ค/hp-envy-x360/,Model,src/content/brands/hp-envy-x360.md,,,289,yes,https://ร้านรับซื้อโน๊ตบุ๊ค.com/รับซื้อโน๊ตบุ๊ค/hp-envy-x360/,TBD,model-md,Low,Model,Good,2
/รับซื้อโน๊ตบุ๊ค/hp-omen-16/,Model,src/content/brands/hp-omen-16.md,,,271,yes,https://ร้านรับซื้อโน๊ตบุ๊ค.com/รับซื้อโน๊ตบุ๊ค/hp-omen-16/,TBD,model-md,Low,Model,Good,2
/รับซื้อโน๊ตบุ๊ค/hp-omen-17/,Model,src/content/brands/hp-omen-17.md,,,288,yes,https://ร้านรับซื้อโน๊ตบุ๊ค.com/รับซื้อโน๊ตบุ๊ค/hp-omen-17/,TBD,model-md,Low,Model,Good,2
/รับซื้อโน๊ตบุ๊ค/hp-omen-transcend/,Model,src/content/brands/hp-omen-transcend.md,,,310,yes,https://ร้านรับซื้อโน๊ตบุ๊ค.com/รับซื้อโน๊ตบุ๊ค/hp-omen-transcend/,TBD,model-md,Low,Model,Good,2
/รับซื้อโน๊ตบุ๊ค/hp-pavilion/,Series,src/content/brands/hp-pavilion.md,,,537,yes,https://ร้านรับซื้อโน๊ตบุ๊ค.com/รับซื้อโน๊ตบุ๊ค/hp-pavilion/,TBD,series-md,Low,Series,Strong,2
/รับซื้อโน๊ตบุ๊ค/hp-probook/,Series,src/content/brands/hp-probook.md,,,561,yes,https://ร้านรับซื้อโน๊ตบุ๊ค.com/รับซื้อโน๊ตบุ๊ค/hp-probook/,TBD,series-md,Low,Series,Strong,2
/รับซื้อโน๊ตบุ๊ค/hp-spectre-x360/,Model,src/content/brands/hp-spectre-x360.md,,,310,yes,https://ร้านรับซื้อโน๊ตบุ๊ค.com/รับซื้อโน๊ตบุ๊ค/hp-spectre-x360/,TBD,model-md,Low,Model,Good,2
/รับซื้อโน๊ตบุ๊ค/hp-victus-15/,Model,src/content/brands/hp-victus-15.md,,,485,yes,https://ร้านรับซื้อโน๊ตบุ๊ค.com/รับซื้อโน๊ตบุ๊ค/hp-victus-15/,TBD,model-md,Low,Model,Strong,2
/รับซื้อโน๊ตบุ๊ค/hp-victus-16/,Model,src/content/brands/hp-victus-16.md,,,492,yes,https://ร้านรับซื้อโน๊ตบุ๊ค.com/รับซื้อโน๊ตบุ๊ค/hp-victus-16/,TBD,model-md,Low,Model,Strong,2
/รับซื้อโน๊ตบุ๊ค/hp-victus-17/,Model,src/content/brands/hp-victus-17.md,,,307,yes,https://ร้านรับซื้อโน๊ตบุ๊ค.com/รับซื้อโน๊ตบุ๊ค/hp-victus-17/,TBD,model-md,Low,Model,Good,2
/รับซื้อโน๊ตบุ๊ค/hp/,Brand,src/content/brands/hp.md,,,927,yes,https://ร้านรับซื้อโน๊ตบุ๊ค.com/รับซื้อโน๊ตบุ๊ค/hp/,TBD,brand-md,Low,Brand,Strong,1
/รับซื้อโน๊ตบุ๊ค/huawei-matebook/,Series,src/content/brands/huawei-matebook.md,,,292,yes,https://ร้านรับซื้อโน๊ตบุ๊ค.com/รับซื้อโน๊ตบุ๊ค/huawei-matebook/,TBD,series-md,Low,Series,Good,2
/รับซื้อโน๊ตบุ๊ค/huawei/,Brand,src/content/brands/huawei.md,,,843,yes,https://ร้านรับซื้อโน๊ตบุ๊ค.com/รับซื้อโน๊ตบุ๊ค/huawei/,TBD,brand-md,Low,Brand,Strong,1
/รับซื้อโน๊ตบุ๊ค/lenovo-ideapad-3-5/,Model,src/content/brands/lenovo-ideapad-3-5.md,รับซื้อ Lenovo IdeaPad 3 และ 5 มือสอง ประเมินฟรี | ร้านรับซื้อโน๊ตบุ๊ค.com,รับซื้อ Lenovo IdeaPad 3 และ 5 มือสอง ส่งรูปเช็คราคาไว,306,yes,https://ร้านรับซื้อโน๊ตบุ๊ค.com/รับซื้อโน๊ตบุ๊ค/lenovo-ideapad-3-5/,TBD,model-md,Low,Model,Strong,2
/รับซื้อโน๊ตบุ๊ค/lenovo-legion-5/,Model,src/content/brands/lenovo-legion-5.md,,,483,yes,https://ร้านรับซื้อโน๊ตบุ๊ค.com/รับซื้อโน๊ตบุ๊ค/lenovo-legion-5/,TBD,model-md,Low,Model,Good,2
/รับซื้อโน๊ตบุ๊ค/lenovo-legion-pro-7/,Model,src/content/brands/lenovo-legion-pro-7.md,,,141,yes,https://ร้านรับซื้อโน๊ตบุ๊ค.com/รับซื้อโน๊ตบุ๊ค/lenovo-legion-pro-7/,TBD,model-md,Low,Model,Good,2
/รับซื้อโน๊ตบุ๊ค/lenovo-legion-pro/,Model,src/content/brands/lenovo-legion-pro.md,,,588,yes,https://ร้านรับซื้อโน๊ตบุ๊ค.com/รับซื้อโน๊ตบุ๊ค/lenovo-legion-pro/,TBD,model-md,Low,Model,Strong,2
/รับซื้อโน๊ตบุ๊ค/lenovo-legion-slim/,Model,src/content/brands/lenovo-legion-slim.md,,,590,yes,https://ร้านรับซื้อโน๊ตบุ๊ค.com/รับซื้อโน๊ตบุ๊ค/lenovo-legion-slim/,TBD,model-md,Low,Model,Strong,2
/รับซื้อโน๊ตบุ๊ค/lenovo-loq-15-16/,Model,src/content/brands/lenovo-loq-15-16.md,,,540,yes,https://ร้านรับซื้อโน๊ตบุ๊ค.com/รับซื้อโน๊ตบุ๊ค/lenovo-loq-15-16/,TBD,model-md,Low,Model,Strong,2
/รับซื้อโน๊ตบุ๊ค/lenovo-thinkbook/,Series,src/content/brands/lenovo-thinkbook.md,,,561,yes,https://ร้านรับซื้อโน๊ตบุ๊ค.com/รับซื้อโน๊ตบุ๊ค/lenovo-thinkbook/,TBD,series-md,Low,Series,Strong,2
/รับซื้อโน๊ตบุ๊ค/lenovo-yoga/,Series,src/content/brands/lenovo-yoga.md,,,588,yes,https://ร้านรับซื้อโน๊ตบุ๊ค.com/รับซื้อโน๊ตบุ๊ค/lenovo-yoga/,TBD,series-md,Low,Series,Strong,2
/รับซื้อโน๊ตบุ๊ค/lenovo/,Brand,src/content/brands/lenovo.md,,,1016,yes,https://ร้านรับซื้อโน๊ตบุ๊ค.com/รับซื้อโน๊ตบุ๊ค/lenovo/,TBD,brand-md,Low,Brand,Strong,1
/รับซื้อโน๊ตบุ๊ค/lg-gram/,Series,src/content/brands/lg-gram.md,,,292,yes,https://ร้านรับซื้อโน๊ตบุ๊ค.com/รับซื้อโน๊ตบุ๊ค/lg-gram/,TBD,series-md,Low,Series,Good,2
/รับซื้อโน๊ตบุ๊ค/lg/,Brand,src/content/brands/lg.md,,,310,yes,https://ร้านรับซื้อโน๊ตบุ๊ค.com/รับซื้อโน๊ตบุ๊ค/lg/,TBD,brand-md,Low,Brand,Good,1
/รับซื้อโน๊ตบุ๊ค/macbook-air-13/,Model,src/content/brands/macbook-air-13.md,,,77,yes,https://ร้านรับซื้อโน๊ตบุ๊ค.com/รับซื้อโน๊ตบุ๊ค/macbook-air-13/,TBD,model-md,Low,Model,Good,2
/รับซื้อโน๊ตบุ๊ค/macbook-air-15/,Model,src/content/brands/macbook-air-15.md,,,75,yes,https://ร้านรับซื้อโน๊ตบุ๊ค.com/รับซื้อโน๊ตบุ๊ค/macbook-air-15/,TBD,model-md,Low,Model,Good,2
/รับซื้อโน๊ตบุ๊ค/macbook-air-m1/,Model,src/content/brands/macbook-air-m1.md,,,505,yes,https://ร้านรับซื้อโน๊ตบุ๊ค.com/รับซื้อโน๊ตบุ๊ค/macbook-air-m1/,TBD,model-md,Low,Model,Strong,2
/รับซื้อโน๊ตบุ๊ค/macbook-air-m2/,Model,src/content/brands/macbook-air-m2.md,,,517,yes,https://ร้านรับซื้อโน๊ตบุ๊ค.com/รับซื้อโน๊ตบุ๊ค/macbook-air-m2/,TBD,model-md,Low,Model,Strong,2
/รับซื้อโน๊ตบุ๊ค/macbook-air-m3/,Model,src/content/brands/macbook-air-m3.md,,,310,yes,https://ร้านรับซื้อโน๊ตบุ๊ค.com/รับซื้อโน๊ตบุ๊ค/macbook-air-m3/,TBD,model-md,Low,Model,Good,2
/รับซื้อโน๊ตบุ๊ค/macbook-air-m4/,Model,src/content/brands/macbook-air-m4.md,,,120,yes,https://ร้านรับซื้อโน๊ตบุ๊ค.com/รับซื้อโน๊ตบุ๊ค/macbook-air-m4/,TBD,model-md,Low,Model,Good,2
/รับซื้อโน๊ตบุ๊ค/macbook-air-m5/,Model,src/content/brands/macbook-air-m5.md,,,114,yes,https://ร้านรับซื้อโน๊ตบุ๊ค.com/รับซื้อโน๊ตบุ๊ค/macbook-air-m5/,TBD,model-md,Low,Model,Good,2
/รับซื้อโน๊ตบุ๊ค/macbook-pro-14/,Model,src/content/brands/macbook-pro-14.md,,,80,yes,https://ร้านรับซื้อโน๊ตบุ๊ค.com/รับซื้อโน๊ตบุ๊ค/macbook-pro-14/,TBD,model-md,Low,Model,Good,2
/รับซื้อโน๊ตบุ๊ค/macbook-pro-16/,Model,src/content/brands/macbook-pro-16.md,,,73,yes,https://ร้านรับซื้อโน๊ตบุ๊ค.com/รับซื้อโน๊ตบุ๊ค/macbook-pro-16/,TBD,model-md,Low,Model,Good,2
/รับซื้อโน๊ตบุ๊ค/macbook-pro-m1/,Model,src/content/brands/macbook-pro-m1.md,,,529,yes,https://ร้านรับซื้อโน๊ตบุ๊ค.com/รับซื้อโน๊ตบุ๊ค/macbook-pro-m1/,TBD,model-md,Low,Model,Strong,2
/รับซื้อโน๊ตบุ๊ค/macbook-pro-m2/,Model,src/content/brands/macbook-pro-m2.md,,,524,yes,https://ร้านรับซื้อโน๊ตบุ๊ค.com/รับซื้อโน๊ตบุ๊ค/macbook-pro-m2/,TBD,model-md,Low,Model,Strong,2
/รับซื้อโน๊ตบุ๊ค/macbook-pro-m3/,Model,src/content/brands/macbook-pro-m3.md,,,503,yes,https://ร้านรับซื้อโน๊ตบุ๊ค.com/รับซื้อโน๊ตบุ๊ค/macbook-pro-m3/,TBD,model-md,Low,Model,Strong,2
/รับซื้อโน๊ตบุ๊ค/macbook-pro-m4/,Model,src/content/brands/macbook-pro-m4.md,,,495,yes,https://ร้านรับซื้อโน๊ตบุ๊ค.com/รับซื้อโน๊ตบุ๊ค/macbook-pro-m4/,TBD,model-md,Low,Model,Strong,2
/รับซื้อโน๊ตบุ๊ค/macbook-pro-m5/,Model,src/content/brands/macbook-pro-m5.md,,,349,yes,https://ร้านรับซื้อโน๊ตบุ๊ค.com/รับซื้อโน๊ตบุ๊ค/macbook-pro-m5/,TBD,model-md,Low,Model,Good,2
/รับซื้อโน๊ตบุ๊ค/macbook/,Brand,src/content/brands/macbook.md,,,904,yes,https://ร้านรับซื้อโน๊ตบุ๊ค.com/รับซื้อโน๊ตบุ๊ค/macbook/,TBD,brand-md,Low,Brand,Strong,1
/รับซื้อโน๊ตบุ๊ค/msi-cyborg-15/,Model,src/content/brands/msi-cyborg-15.md,,,116,yes,https://ร้านรับซื้อโน๊ตบุ๊ค.com/รับซื้อโน๊ตบุ๊ค/msi-cyborg-15/,TBD,model-md,Low,Model,Good,2
/รับซื้อโน๊ตบุ๊ค/msi-katana-15/,Model,src/content/brands/msi-katana-15.md,,,118,yes,https://ร้านรับซื้อโน๊ตบุ๊ค.com/รับซื้อโน๊ตบุ๊ค/msi-katana-15/,TBD,model-md,Low,Model,Good,2
/รับซื้อโน๊ตบุ๊ค/msi-modern/,Series,src/content/brands/msi-modern.md,,,547,yes,https://ร้านรับซื้อโน๊ตบุ๊ค.com/รับซื้อโน๊ตบุ๊ค/msi-modern/,TBD,series-md,Low,Series,Strong,2
/รับซื้อโน๊ตบุ๊ค/msi-raider-18/,Model,src/content/brands/msi-raider-18.md,,,113,yes,https://ร้านรับซื้อโน๊ตบุ๊ค.com/รับซื้อโน๊ตบุ๊ค/msi-raider-18/,TBD,model-md,Low,Model,Good,2
/รับซื้อโน๊ตบุ๊ค/msi-stealth-14/,Model,src/content/brands/msi-stealth-14.md,,,113,yes,https://ร้านรับซื้อโน๊ตบุ๊ค.com/รับซื้อโน๊ตบุ๊ค/msi-stealth-14/,TBD,model-md,Low,Model,Good,2
/รับซื้อโน๊ตบุ๊ค/msi-stealth-16/,Model,src/content/brands/msi-stealth-16.md,,,120,yes,https://ร้านรับซื้อโน๊ตบุ๊ค.com/รับซื้อโน๊ตบุ๊ค/msi-stealth-16/,TBD,model-md,Low,Model,Good,2
/รับซื้อโน๊ตบุ๊ค/msi-vector-16-hx/,Model,src/content/brands/msi-vector-16-hx.md,,,146,yes,https://ร้านรับซื้อโน๊ตบุ๊ค.com/รับซื้อโน๊ตบุ๊ค/msi-vector-16-hx/,TBD,model-md,Low,Model,Good,2
/รับซื้อโน๊ตบุ๊ค/msi/,Brand,src/content/brands/msi.md,,,934,yes,https://ร้านรับซื้อโน๊ตบุ๊ค.com/รับซื้อโน๊ตบุ๊ค/msi/,TBD,brand-md,Low,Brand,Strong,1
/รับซื้อโน๊ตบุ๊ค/razer-blade/,Series,src/content/brands/razer-blade.md,,,312,yes,https://ร้านรับซื้อโน๊ตบุ๊ค.com/รับซื้อโน๊ตบุ๊ค/razer-blade/,TBD,series-md,Low,Series,Good,2
/รับซื้อโน๊ตบุ๊ค/razer/,Brand,src/content/brands/razer.md,,,305,yes,https://ร้านรับซื้อโน๊ตบุ๊ค.com/รับซื้อโน๊ตบุ๊ค/razer/,TBD,brand-md,Low,Brand,Good,1
/รับซื้อโน๊ตบุ๊ค/samsung-galaxy-book/,Model,src/content/brands/samsung-galaxy-book.md,รับซื้อ Samsung Galaxy Book มือสอง ประเมินฟรี | ร้านรับซื้อโน๊ตบุ๊ค.com,รับซื้อ Samsung Galaxy Book มือสอง ส่งรูปเช็คราคาไว,69,yes,https://ร้านรับซื้อโน๊ตบุ๊ค.com/รับซื้อโน๊ตบุ๊ค/samsung-galaxy-book/,TBD,model-md,Low,Model,Good,2
/รับซื้อโน๊ตบุ๊ค/samsung/,Brand,src/content/brands/samsung.md,,,861,yes,https://ร้านรับซื้อโน๊ตบุ๊ค.com/รับซื้อโน๊ตบุ๊ค/samsung/,TBD,brand-md,Low,Brand,Strong,1
/รับซื้อโน๊ตบุ๊ค/surface-book/,Series,src/content/brands/surface-book.md,,,330,yes,https://ร้านรับซื้อโน๊ตบุ๊ค.com/รับซื้อโน๊ตบุ๊ค/surface-book/,TBD,series-md,Low,Series,Good,2
/รับซื้อโน๊ตบุ๊ค/surface-laptop-go/,Model,src/content/brands/surface-laptop-go.md,รับซื้อ Surface Laptop Go มือสอง ประเมินฟรี | ร้านรับซื้อโน๊ตบุ๊ค.com,รับซื้อ Surface Laptop Go มือสอง ส่งรูปประเมินไว,285,yes,https://ร้านรับซื้อโน๊ตบุ๊ค.com/รับซื้อโน๊ตบุ๊ค/surface-laptop-go/,TBD,model-md,Low,Model,Strong,2
/รับซื้อโน๊ตบุ๊ค/surface-laptop/,Series,src/content/brands/surface-laptop.md,,,575,yes,https://ร้านรับซื้อโน๊ตบุ๊ค.com/รับซื้อโน๊ตบุ๊ค/surface-laptop/,TBD,series-md,Low,Series,Strong,2
/รับซื้อโน๊ตบุ๊ค/surface-pro/,Series,src/content/brands/surface-pro.md,,,578,yes,https://ร้านรับซื้อโน๊ตบุ๊ค.com/รับซื้อโน๊ตบุ๊ค/surface-pro/,TBD,series-md,Low,Series,Strong,2
/รับซื้อโน๊ตบุ๊ค/surface/,Brand,src/content/brands/surface.md,,,887,yes,https://ร้านรับซื้อโน๊ตบุ๊ค.com/รับซื้อโน๊ตบุ๊ค/surface/,TBD,brand-md,Low,Brand,Strong,1
/รับซื้อโน๊ตบุ๊ค/thinkpad-e14-e15/,Model,src/content/brands/thinkpad-e14-e15.md,,,576,yes,https://ร้านรับซื้อโน๊ตบุ๊ค.com/รับซื้อโน๊ตบุ๊ค/thinkpad-e14-e15/,TBD,model-md,Low,Model,Strong,2
/รับซื้อโน๊ตบุ๊ค/thinkpad-t14/,Series,src/content/brands/thinkpad-t14.md,,,564,yes,https://ร้านรับซื้อโน๊ตบุ๊ค.com/รับซื้อโน๊ตบุ๊ค/thinkpad-t14/,TBD,series-md,Low,Series,Strong,2
/รับซื้อโน๊ตบุ๊ค/thinkpad-x1-carbon/,Model,src/content/brands/thinkpad-x1-carbon.md,,,578,yes,https://ร้านรับซื้อโน๊ตบุ๊ค.com/รับซื้อโน๊ตบุ๊ค/thinkpad-x1-carbon/,TBD,model-md,Low,Model,Strong,2
/รับซื้อโน๊ตบุ๊ค/hdmi-เสีย/,Condition,src/content/conditions/hdmi-เสีย.md,รับซื้อโน๊ตบุ๊ค HDMI เสีย ประเมินฟรี | ร้านรับซื้อโน๊ตบุ๊ค.com,รับซื้อโน๊ตบุ๊ค HDMI เสีย ส่งอาการประเมินไว,352,yes,https://ร้านรับซื้อโน๊ตบุ๊ค.com/รับซื้อโน๊ตบุ๊ค/hdmi-เสีย/,TBD,condition-md,Low,Condition,Strong,1
/รับซื้อโน๊ตบุ๊ค/macbook-battery-health/,Condition,src/content/conditions/macbook-battery-health.md,รับซื้อ MacBook Battery Health ต่ำ ประเมินฟรี | ร้านรับซื้อโน๊ตบุ๊ค.com,รับซื้อ MacBook Battery Health ต่ำ ส่งรูปเช็คราคาไว,700,yes,https://ร้านรับซื้อโน๊ตบุ๊ค.com/รับซื้อโน๊ตบุ๊ค/macbook-battery-health/,TBD,condition-md,Low,Condition,Strong,1
/รับซื้อโน๊ตบุ๊ค/macbook-battery-swollen/,Condition,src/content/conditions/macbook-battery-swollen.md,รับซื้อ MacBook แบตบวม ประเมินราคาตามสเปกและระดับความเสียหาย | ร้านรับซื้อโน๊ตบุ๊ค.com,รับซื้อ MacBook แบตบวม ประเมินตามสภาพและรุ่นย่อย,307,yes,https://ร้านรับซื้อโน๊ตบุ๊ค.com/รับซื้อโน๊ตบุ๊ค/macbook-battery-swollen/,TBD,condition-md,Low,Condition,Strong,1
/รับซื้อโน๊ตบุ๊ค/macbook-charge-port/,Condition,src/content/conditions/macbook-charge-port.md,รับซื้อ MacBook ชาร์จไฟไม่เข้า ประเมินตามชิปเซ็ตและอะไหล่ชำรุด | ร้านรับซื้อโน๊ตบุ๊ค.com,รับซื้อ MacBook ชาร์จไฟไม่เข้า ประเมินราคายุติธรรม,298,yes,https://ร้านรับซื้อโน๊ตบุ๊ค.com/รับซื้อโน๊ตบุ๊ค/macbook-charge-port/,TBD,condition-md,Low,Condition,Strong,1
/รับซื้อโน๊ตบุ๊ค/macbook-cycle-count/,Condition,src/content/conditions/macbook-cycle-count.md,รับซื้อ MacBook Cycle Count สูง ประเมินตามรุ่นและสุขภาพแบต | ร้านรับซื้อโน๊ตบุ๊ค.com,รับซื้อ MacBook Cycle Count สูง รอบชาร์จเยอะ,281,yes,https://ร้านรับซื้อโน๊ตบุ๊ค.com/รับซื้อโน๊ตบุ๊ค/macbook-cycle-count/,TBD,condition-md,Low,Condition,Strong,1
/รับซื้อโน๊ตบุ๊ค/macbook-keyboard-issue/,Condition,src/content/conditions/macbook-keyboard-issue.md,รับซื้อ MacBook คีย์บอร์ดเสีย ประเมินตามรุ่นและแป้นพิมพ์ชำรุด | ร้านรับซื้อโน๊ตบุ๊ค.com,รับซื้อ MacBook คีย์บอร์ดเสีย ประเมินตามสเปก,269,yes,https://ร้านรับซื้อโน๊ตบุ๊ค.com/รับซื้อโน๊ตบุ๊ค/macbook-keyboard-issue/,TBD,condition-md,Low,Condition,Strong,1
/รับซื้อโน๊ตบุ๊ค/macbook-mdm/,Condition,src/content/conditions/macbook-mdm.md,MacBook ติด MDM ขายได้ไหม | ร้านรับซื้อโน๊ตบุ๊ค.com,MacBook ติด MDM ขายได้ไหม เช็กก่อนนัดขาย,586,yes,https://ร้านรับซื้อโน๊ตบุ๊ค.com/รับซื้อโน๊ตบุ๊ค/macbook-mdm/,TBD,condition-md,Low,Condition,Strong,1
/รับซื้อโน๊ตบุ๊ค/macbook-no-box-no-receipt/,Condition,src/content/conditions/macbook-no-box-no-receipt.md,รับซื้อ MacBook ไม่มีกล่อง ไม่มีใบเสร็จ ประเมินสเปกและเอกสารแสดงสิทธิ์ | ร้านรับซื้อโน๊ตบุ๊ค.com,รับซื้อ MacBook ไม่มีกล่อง ไม่มีใบเสร็จ ประเมินตามสเปก,353,yes,https://ร้านรับซื้อโน๊ตบุ๊ค.com/รับซื้อโน๊ตบุ๊ค/macbook-no-box-no-receipt/,TBD,condition-md,Low,Condition,Strong,1
/รับซื้อโน๊ตบุ๊ค/macbook-screen-crack/,Condition,src/content/conditions/macbook-screen-crack.md,รับซื้อ MacBook จอร้าว จอแตก ประเมินตามสเปกและราคาอะไหล่ | ร้านรับซื้อโน๊ตบุ๊ค.com,รับซื้อ MacBook จอร้าว จอแตก ประเมินตามสภาพ,307,yes,https://ร้านรับซื้อโน๊ตบุ๊ค.com/รับซื้อโน๊ตบุ๊ค/macbook-screen-crack/,TBD,condition-md,Low,Condition,Strong,1
/รับซื้อโน๊ตบุ๊ค/ssd-เสีย/,Condition,src/content/conditions/ssd-เสีย.md,รับซื้อโน๊ตบุ๊ค SSD เสีย ประเมินฟรี | ร้านรับซื้อโน๊ตบุ๊ค.com,รับซื้อโน๊ตบุ๊ค SSD เสีย ส่งอาการประเมินไว,261,yes,https://ร้านรับซื้อโน๊ตบุ๊ค.com/รับซื้อโน๊ตบุ๊ค/ssd-เสีย/,TBD,condition-md,Low,Condition,Strong,1
/รับซื้อโน๊ตบุ๊ค/wifi-ไม่ติด/,Condition,src/content/conditions/wifi-ไม่ติด.md,รับซื้อโน๊ตบุ๊ค WiFi ไม่ติด ประเมินอาการเครือข่ายและรุ่น | ร้านรับซื้อโน๊ตบุ๊ค.com,รับซื้อโน๊ตบุ๊ค WiFi ไม่ติด แจ้งอาการเชื่อมต่อและรุ่นเพื่อประเมิน,264,yes,https://ร้านรับซื้อโน๊ตบุ๊ค.com/รับซื้อโน๊ตบุ๊ค/wifi-ไม่ติด/,TBD,condition-md,Low,Condition,Strong,1
/รับซื้อโน๊ตบุ๊ค/กล้องเสีย/,Condition,src/content/conditions/กล้องเสีย.md,รับซื้อโน๊ตบุ๊คกล้องเสีย ประเมินตามรุ่นและอุปกรณ์อื่นที่ครบ | ร้านรับซื้อโน๊ตบุ๊ค.com,รับซื้อโน๊ตบุ๊คกล้องเสีย ส่งข้อมูลรุ่นและอาการเพื่อประเมิน,388,yes,https://ร้านรับซื้อโน๊ตบุ๊ค.com/รับซื้อโน๊ตบุ๊ค/กล้องเสีย/,TBD,condition-md,Low,Condition,Strong,1
/รับซื้อโน๊ตบุ๊ค/คีย์บอร์ดเสีย/,Condition,src/content/conditions/คีย์บอร์ดเสีย.md,รับซื้อโน๊ตบุ๊คคีย์บอร์ดเสีย ประเมินตามอาการและรุ่นเครื่อง | ร้านรับซื้อโน๊ตบุ๊ค.com,รับซื้อโน๊ตบุ๊คคีย์บอร์ดเสีย แจ้งปุ่มที่เสียและสเปกเพื่อประเมิน,267,yes,https://ร้านรับซื้อโน๊ตบุ๊ค.com/รับซื้อโน๊ตบุ๊ค/คีย์บอร์ดเสีย/,TBD,condition-md,Low,Condition,Strong,1
/รับซื้อโน๊ตบุ๊ค/ค้างบ่อย/,Condition,src/content/conditions/ค้างบ่อย.md,รับซื้อโน๊ตบุ๊คค้างบ่อย ประเมินตามสภาพจริง | ร้านรับซื้อโน๊ตบุ๊ค.com,รับซื้อโน๊ตบุ๊คค้างบ่อย ช้า หรือหน่วงผิดปกติ,258,yes,https://ร้านรับซื้อโน๊ตบุ๊ค.com/รับซื้อโน๊ตบุ๊ค/ค้างบ่อย/,TBD,condition-md,Low,Condition,Strong,1
/รับซื้อโน๊ตบุ๊ค/จอฟ้า/,Condition,src/content/conditions/จอฟ้า.md,รับซื้อโน๊ตบุ๊คจอฟ้า ประเมินฟรี | ร้านรับซื้อโน๊ตบุ๊ค.com,รับซื้อโน๊ตบุ๊คจอฟ้า ส่งรูปประเมินไว,289,yes,https://ร้านรับซื้อโน๊ตบุ๊ค.com/รับซื้อโน๊ตบุ๊ค/จอฟ้า/,TBD,condition-md,Low,Condition,Strong,1
/รับซื้อโน๊ตบุ๊ค/จอมีเส้น/,Condition,src/content/conditions/จอมีเส้น.md,รับซื้อโน๊ตบุ๊คจอมีเส้น ประเมินตำหนิจอพร้อมสเปกเครื่อง | ร้านรับซื้อโน๊ตบุ๊ค.com,รับซื้อโน๊ตบุ๊คจอมีเส้น ส่งรูปจอตอนเปิดเครื่องเพื่อประเมิน,267,yes,https://ร้านรับซื้อโน๊ตบุ๊ค.com/รับซื้อโน๊ตบุ๊ค/จอมีเส้น/,TBD,condition-md,Low,Condition,Strong,1
/รับซื้อโน๊ตบุ๊ค/จอแตก/,Condition,src/content/conditions/จอแตก.md,รับซื้อโน๊ตบุ๊คจอแตก ประเมินตามรุ่นและสภาพชิ้นส่วนที่เหลือ | ร้านรับซื้อโน๊ตบุ๊ค.com,รับซื้อโน๊ตบุ๊คจอแตก ส่งรูปจอและสเปกเพื่อประเมินตามสภาพจริง,675,yes,https://ร้านรับซื้อโน๊ตบุ๊ค.com/รับซื้อโน๊ตบุ๊ค/จอแตก/,TBD,condition-md,Low,Condition,Strong,1
/รับซื้อโน๊ตบุ๊ค/จอไม่ติดแต่เครื่องติด/,Condition,src/content/conditions/จอไม่ติดแต่เครื่องติด.md,รับซื้อโน๊ตบุ๊คจอไม่ติดแต่เครื่องติด ประเมินฟรี | ร้านรับซื้อโน๊ตบุ๊ค.com,รับซื้อโน๊ตบุ๊คจอไม่ติดแต่เครื่องติด ส่งอาการประเมินไว,270,yes,https://ร้านรับซื้อโน๊ตบุ๊ค.com/รับซื้อโน๊ตบุ๊ค/จอไม่ติดแต่เครื่องติด/,TBD,condition-md,Low,Condition,Strong,1
/รับซื้อโน๊ตบุ๊ค/ช่องหูฟังเสีย/,Condition,src/content/conditions/ช่องหูฟังเสีย.md,รับซื้อโน๊ตบุ๊คช่องหูฟังเสีย ประเมินฟรี | ร้านรับซื้อโน๊ตบุ๊ค.com,รับซื้อโน๊ตบุ๊คช่องหูฟังเสีย ส่งอาการประเมินไว,333,yes,https://ร้านรับซื้อโน๊ตบุ๊ค.com/รับซื้อโน๊ตบุ๊ค/ช่องหูฟังเสีย/,TBD,condition-md,Low,Condition,Strong,1
/รับซื้อโน๊ตบุ๊ค/ตกรุ่น/,Condition,src/content/conditions/ตกรุ่น.md,รับซื้อโน๊ตบุ๊คตกรุ่น ประเมินมูลค่าตามตลาดมือสองจริง | ร้านรับซื้อโน๊ตบุ๊ค.com,รับซื้อโน๊ตบุ๊คตกรุ่น แจ้งรุ่นปีและสภาพเพื่อประเมินตามความต้องการตลาด,357,yes,https://ร้านรับซื้อโน๊ตบุ๊ค.com/รับซื้อโน๊ตบุ๊ค/ตกรุ่น/,TBD,condition-md,Low,Condition,Strong,1
/รับซื้อโน๊ตบุ๊ค/ทัชสกรีนเสีย/,Condition,src/content/conditions/ทัชสกรีนเสีย.md,รับซื้อโน๊ตบุ๊คทัชสกรีนเสีย ประเมินฟรี | ร้านรับซื้อโน๊ตบุ๊ค.com,รับซื้อโน๊ตบุ๊คทัชสกรีนเสีย ส่งอาการประเมินไว,285,yes,https://ร้านรับซื้อโน๊ตบุ๊ค.com/รับซื้อโน๊ตบุ๊ค/ทัชสกรีนเสีย/,TBD,condition-md,Low,Condition,Strong,1
/รับซื้อโน๊ตบุ๊ค/ทัชแพดเสีย/,Condition,src/content/conditions/ทัชแพดเสีย.md,รับซื้อโน๊ตบุ๊คทัชแพดเสีย ประเมินอาการชี้ตำแหน่งและรุ่น | ร้านรับซื้อโน๊ตบุ๊ค.com,รับซื้อโน๊ตบุ๊คทัชแพดเสีย แจ้งอาการทัชแพดและสเปกเพื่อประเมิน,302,yes,https://ร้านรับซื้อโน๊ตบุ๊ค.com/รับซื้อโน๊ตบุ๊ค/ทัชแพดเสีย/,TBD,condition-md,Low,Condition,Strong,1
/รับซื้อโน๊ตบุ๊ค/บลูทูธใช้ไม่ได้/,Condition,src/content/conditions/บลูทูธใช้ไม่ได้.md,รับซื้อโน๊ตบุ๊คบลูทูธใช้ไม่ได้ ประเมินฟรี | ร้านรับซื้อโน๊ตบุ๊ค.com,รับซื้อโน๊ตบุ๊คบลูทูธใช้ไม่ได้ ส่งอาการประเมินไว,278,yes,https://ร้านรับซื้อโน๊ตบุ๊ค.com/รับซื้อโน๊ตบุ๊ค/บลูทูธใช้ไม่ได้/,TBD,condition-md,Low,Condition,Strong,1
/รับซื้อโน๊ตบุ๊ค/บอดี้แตก/,Condition,src/content/conditions/บอดี้แตก.md,รับซื้อโน๊ตบุ๊คบอดี้แตก ประเมินฟรี | ร้านรับซื้อโน๊ตบุ๊ค.com,รับซื้อโน๊ตบุ๊คบอดี้แตก ส่งรูปประเมินไว,272,yes,https://ร้านรับซื้อโน๊ตบุ๊ค.com/รับซื้อโน๊ตบุ๊ค/บอดี้แตก/,TBD,condition-md,Low,Condition,Strong,1
/รับซื้อโน๊ตบุ๊ค/บานพับแตก/,Condition,src/content/conditions/บานพับแตก.md,รับซื้อโน๊ตบุ๊คบานพับแตก ประเมินโครงสร้างและสภาพรวม | ร้านรับซื้อโน๊ตบุ๊ค.com,รับซื้อโน๊ตบุ๊คบานพับแตก แจ้งตำแหน่งรอยและรุ่นเพื่อประเมิน,244,yes,https://ร้านรับซื้อโน๊ตบุ๊ค.com/รับซื้อโน๊ตบุ๊ค/บานพับแตก/,TBD,condition-md,Low,Condition,Good,1
/รับซื้อโน๊ตบุ๊ค/บูตวน/,Condition,src/content/conditions/บูตวน.md,รับซื้อโน๊ตบุ๊คบูตวน ประเมินฟรี | ร้านรับซื้อโน๊ตบุ๊ค.com,รับซื้อโน๊ตบุ๊คบูตวน ส่งรูปและวิดีโอประเมินไว,254,yes,https://ร้านรับซื้อโน๊ตบุ๊ค.com/รับซื้อโน๊ตบุ๊ค/บูตวน/,TBD,condition-md,Low,Condition,Strong,1
/รับซื้อโน๊ตบุ๊ค/ฝาหลังบวม/,Condition,src/content/conditions/ฝาหลังบวม.md,รับซื้อโน๊ตบุ๊คฝาหลังบวม ประเมินฟรี | ร้านรับซื้อโน๊ตบุ๊ค.com,รับซื้อโน๊ตบุ๊คฝาหลังบวม ส่งรูปประเมินไว,280,yes,https://ร้านรับซื้อโน๊ตบุ๊ค.com/รับซื้อโน๊ตบุ๊ค/ฝาหลังบวม/,TBD,condition-md,Low,Condition,Strong,1
/รับซื้อโน๊ตบุ๊ค/พอร์ต-type-c-เสีย/,Condition,src/content/conditions/พอร์ต-type-c-เสีย.md,รับซื้อโน๊ตบุ๊คพอร์ต Type-C เสีย ประเมินฟรี | ร้านรับซื้อโน๊ตบุ๊ค.com,รับซื้อโน๊ตบุ๊คพอร์ต Type-C เสีย ส่งอาการประเมินไว,301,yes,https://ร้านรับซื้อโน๊ตบุ๊ค.com/รับซื้อโน๊ตบุ๊ค/พอร์ต-type-c-เสีย/,TBD,condition-md,Low,Condition,Strong,1
/รับซื้อโน๊ตบุ๊ค/พอร์ต-usb-เสีย/,Condition,src/content/conditions/พอร์ต-usb-เสีย.md,รับซื้อโน๊ตบุ๊คพอร์ต USB เสีย ประเมินตามพอร์ตและรุ่น | ร้านรับซื้อโน๊ตบุ๊ค.com,รับซื้อโน๊ตบุ๊คพอร์ต USB เสีย ส่งรายละเอียดพอร์ตและสเปกเพื่อประเมิน,401,yes,https://ร้านรับซื้อโน๊ตบุ๊ค.com/รับซื้อโน๊ตบุ๊ค/พอร์ต-usb-เสีย/,TBD,condition-md,Low,Condition,Strong,1
/รับซื้อโน๊ตบุ๊ค/พอร์ตแลนเสีย/,Condition,src/content/conditions/พอร์ตแลนเสีย.md,รับซื้อโน๊ตบุ๊คพอร์ตแลนเสีย ประเมินฟรี | ร้านรับซื้อโน๊ตบุ๊ค.com,รับซื้อโน๊ตบุ๊คพอร์ตแลนเสีย ส่งอาการประเมินไว,255,yes,https://ร้านรับซื้อโน๊ตบุ๊ค.com/รับซื้อโน๊ตบุ๊ค/พอร์ตแลนเสีย/,TBD,condition-md,Low,Condition,Strong,1
/รับซื้อโน๊ตบุ๊ค/พัดลมดัง/,Condition,src/content/conditions/พัดลมดัง.md,รับซื้อโน๊ตบุ๊คพัดลมดัง ประเมินฟรี | ร้านรับซื้อโน๊ตบุ๊ค.com,รับซื้อโน๊ตบุ๊คพัดลมดัง ส่งอาการประเมินไว,323,yes,https://ร้านรับซื้อโน๊ตบุ๊ค.com/รับซื้อโน๊ตบุ๊ค/พัดลมดัง/,TBD,condition-md,Low,Condition,Strong,1
/รับซื้อโน๊ตบุ๊ค/รีสตาร์ทเอง/,Condition,src/content/conditions/รีสตาร์ทเอง.md,รับซื้อโน๊ตบุ๊ครีสตาร์ทเอง ประเมินฟรี | ร้านรับซื้อโน๊ตบุ๊ค.com,รับซื้อโน๊ตบุ๊ครีสตาร์ทเอง ส่งอาการประเมินไว,276,yes,https://ร้านรับซื้อโน๊ตบุ๊ค.com/รับซื้อโน๊ตบุ๊ค/รีสตาร์ทเอง/,TBD,condition-md,Low,Condition,Strong,1
/รับซื้อโน๊ตบุ๊ค/ร้อนจัดดับเอง/,Condition,src/content/conditions/ร้อนจัดดับเอง.md,รับซื้อโน๊ตบุ๊คร้อนจัดดับเอง ประเมินอาการระบายความร้อน | ร้านรับซื้อโน๊ตบุ๊ค.com,รับซื้อโน๊ตบุ๊คร้อนจัดดับเอง แจ้งอาการและความถี่เพื่อประเมินเบื้องต้น,744,yes,https://ร้านรับซื้อโน๊ตบุ๊ค.com/รับซื้อโน๊ตบุ๊ค/ร้อนจัดดับเอง/,TBD,condition-md,Low,Condition,Strong,1
/รับซื้อโน๊ตบุ๊ค/ลำโพงเสีย/,Condition,src/content/conditions/ลำโพงเสีย.md,รับซื้อโน๊ตบุ๊คลำโพงเสีย ประเมินตามอาการเสียงและรุ่น | ร้านรับซื้อโน๊ตบุ๊ค.com,รับซื้อโน๊ตบุ๊คลำโพงเสีย แจ้งอาการเสียงและสเปกเพื่อประเมิน,438,yes,https://ร้านรับซื้อโน๊ตบุ๊ค.com/รับซื้อโน๊ตบุ๊ค/ลำโพงเสีย/,TBD,condition-md,Low,Condition,Strong,1
/รับซื้อโน๊ตบุ๊ค/ฮาร์ดดิสก์เสีย/,Condition,src/content/conditions/ฮาร์ดดิสก์เสีย.md,รับซื้อโน๊ตบุ๊คฮาร์ดดิสก์เสีย ประเมินฟรี | ร้านรับซื้อโน๊ตบุ๊ค.com,รับซื้อโน๊ตบุ๊คฮาร์ดดิสก์เสีย ส่งอาการประเมินไว,277,yes,https://ร้านรับซื้อโน๊ตบุ๊ค.com/รับซื้อโน๊ตบุ๊ค/ฮาร์ดดิสก์เสีย/,TBD,condition-md,Low,Condition,Strong,1
/รับซื้อโน๊ตบุ๊ค/เครื่องเก่า/,Condition,src/content/conditions/เครื่องเก่า.md,รับซื้อโน๊ตบุ๊คเครื่องเก่า ประเมินตามสเปกและสภาพการใช้งาน | ร้านรับซื้อโน๊ตบุ๊ค.com,รับซื้อโน๊ตบุ๊คเครื่องเก่า ส่งรุ่น สเปก และสภาพเพื่อประเมินเบื้องต้น,273,yes,https://ร้านรับซื้อโน๊ตบุ๊ค.com/รับซื้อโน๊ตบุ๊ค/เครื่องเก่า/,TBD,condition-md,Low,Condition,Strong,1
/รับซื้อโน๊ตบุ๊ค/เครื่องเสีย/,Condition,src/content/conditions/เครื่องเสีย.md,รับซื้อโน๊ตบุ๊คเสีย ประเมินตามอาการจริง | ร้านรับซื้อโน๊ตบุ๊ค.com,รับซื้อโน๊ตบุ๊คเสีย,1066,yes,https://ร้านรับซื้อโน๊ตบุ๊ค.com/รับซื้อโน๊ตบุ๊ค/เครื่องเสีย/,TBD,condition-md,Low,Condition,Strong,1
/รับซื้อโน๊ตบุ๊ค/เปิดไม่ติด/,Condition,src/content/conditions/เปิดไม่ติด.md,ขายโน๊ตบุ๊คเปิดไม่ติดได้ไหม ส่งอาการให้ร้านประเมินก่อน | ร้านรับซื้อโน๊ตบุ๊ค.com,รับซื้อโน๊ตบุ๊คเปิดไม่ติด ประเมินจากอาการ รุ่น และชิ้นส่วนที่ยังใช้ได้,705,yes,https://ร้านรับซื้อโน๊ตบุ๊ค.com/รับซื้อโน๊ตบุ๊ค/เปิดไม่ติด/,TBD,condition-md,Low,Condition,Strong,1
/รับซื้อโน๊ตบุ๊ค/เมนบอร์ดเสีย/,Condition,src/content/conditions/เมนบอร์ดเสีย.md,รับซื้อโน๊ตบุ๊คเมนบอร์ดเสียหรือบอร์ดช็อต ประเมินตามรุ่น | ร้านรับซื้อโน๊ตบุ๊ค.com,รับซื้อโน๊ตบุ๊คเมนบอร์ดเสีย แจ้งอาการและรุ่นเพื่อประเมินเบื้องต้น,319,yes,https://ร้านรับซื้อโน๊ตบุ๊ค.com/รับซื้อโน๊ตบุ๊ค/เมนบอร์ดเสีย/,TBD,condition-md,Low,Condition,Strong,1
/รับซื้อโน๊ตบุ๊ค/แบตเสื่อม/,Condition,src/content/conditions/แบตเสื่อม.md,รับซื้อโน๊ตบุ๊คแบตเสื่อม ดูสุขภาพแบตและสเปกก่อนเสนอราคา | ร้านรับซื้อโน๊ตบุ๊ค.com,รับซื้อโน๊ตบุ๊คแบตเสื่อม ส่งข้อมูลแบตและรุ่นเพื่อประเมินเบื้องต้น,678,yes,https://ร้านรับซื้อโน๊ตบุ๊ค.com/รับซื้อโน๊ตบุ๊ค/แบตเสื่อม/,TBD,condition-md,Low,Condition,Strong,1
/รับซื้อโน๊ตบุ๊ค/โดนน้ำ/,Condition,src/content/conditions/โดนน้ำ.md,รับซื้อโน๊ตบุ๊คโดนน้ำ ประเมินความเสียหายหลังแจ้งอาการครบ | ร้านรับซื้อโน๊ตบุ๊ค.com,รับซื้อโน๊ตบุ๊คโดนน้ำ ส่งรูป/วิดีโออาการเพื่อประเมินตามสภาพจริง,274,yes,https://ร้านรับซื้อโน๊ตบุ๊ค.com/รับซื้อโน๊ตบุ๊ค/โดนน้ำ/,TBD,condition-md,Low,Condition,Strong,1
/รับซื้อโน๊ตบุ๊ค/ใช้งานปกติ/,Condition,src/content/conditions/ใช้งานปกติ.md,รับซื้อโน๊ตบุ๊คใช้งานปกติ ประเมินตามรุ่น สเปก และอุปกรณ์ | ร้านรับซื้อโน๊ตบุ๊ค.com,รับซื้อโน๊ตบุ๊คใช้งานปกติ ส่งรูปและสเปกเพื่อประเมินตามสภาพจริง,286,yes,https://ร้านรับซื้อโน๊ตบุ๊ค.com/รับซื้อโน๊ตบุ๊ค/ใช้งานปกติ/,TBD,condition-md,Low,Condition,Strong,1
/รับซื้อโน๊ตบุ๊ค/ไฟไม่เข้า/,Condition,src/content/conditions/ไฟไม่เข้า.md,รับซื้อโน๊ตบุ๊คไฟไม่เข้า ประเมินฟรี | ร้านรับซื้อโน๊ตบุ๊ค.com,รับซื้อโน๊ตบุ๊คไฟไม่เข้า ส่งอาการประเมินไว,286,yes,https://ร้านรับซื้อโน๊ตบุ๊ค.com/รับซื้อโน๊ตบุ๊ค/ไฟไม่เข้า/,TBD,condition-md,Low,Condition,Strong,1
/รับซื้อโน๊ตบุ๊ค/ไม่มีที่ชาร์จ/,Condition,src/content/conditions/ไม่มีที่ชาร์จ.md,รับซื้อโน๊ตบุ๊คไม่มีที่ชาร์จ ได้ไหม ประเมินตามรุ่นและอุปกรณ์ | ร้านรับซื้อโน๊ตบุ๊ค.com,รับซื้อโน๊ตบุ๊คไม่มีที่ชาร์จ แจ้งรุ่นและอุปกรณ์ที่มีเพื่อประเมินเบื้องต้น,717,yes,https://ร้านรับซื้อโน๊ตบุ๊ค.com/รับซื้อโน๊ตบุ๊ค/ไม่มีที่ชาร์จ/,TBD,condition-md,Low,Condition,Strong,1
/รับซื้อโน๊ตบุ๊ค/กระบี่/,Province,src/content/locations/กระบี่.md,รับซื้อโน๊ตบุ๊คกระบี่ ประเมินฟรีผ่านไลน์ @webuy | ร้านรับซื้อโน๊ตบุ๊ค.com,กระบี่,548,yes,https://ร้านรับซื้อโน๊ตบุ๊ค.com/รับซื้อโน๊ตบุ๊ค/กระบี่/,TBD,location-md+LocationLayout,Low,Province,Strong,2
/รับซื้อโน๊ตบุ๊ค/กรุงเทพ/,Province,src/content/locations/กรุงเทพ.md,รับซื้อโน๊ตบุ๊คกรุงเทพ ประเมินฟรีผ่านไลน์ @webuy | ร้านรับซื้อโน๊ตบุ๊ค.com,กรุงเทพ,546,yes,https://ร้านรับซื้อโน๊ตบุ๊ค.com/รับซื้อโน๊ตบุ๊ค/กรุงเทพ/,TBD,location-md+LocationLayout,Low,Province,Strong,1
/รับซื้อโน๊ตบุ๊ค/กาญจนบุรี/,Province,src/content/locations/กาญจนบุรี.md,รับซื้อโน๊ตบุ๊คกาญจนบุรี ประเมินฟรีผ่านไลน์ @webuy | ร้านรับซื้อโน๊ตบุ๊ค.com,กาญจนบุรี,459,yes,https://ร้านรับซื้อโน๊ตบุ๊ค.com/รับซื้อโน๊ตบุ๊ค/กาญจนบุรี/,TBD,location-md+LocationLayout,Low,Province,Strong,2
/รับซื้อโน๊ตบุ๊ค/กาฬสินธุ์/,Province,src/content/locations/กาฬสินธุ์.md,รับซื้อโน๊ตบุ๊คกาฬสินธุ์ ประเมินฟรีผ่านไลน์ @webuy | ร้านรับซื้อโน๊ตบุ๊ค.com,กาฬสินธุ์,580,yes,https://ร้านรับซื้อโน๊ตบุ๊ค.com/รับซื้อโน๊ตบุ๊ค/กาฬสินธุ์/,TBD,location-md+LocationLayout,Low,Province,Strong,2
/รับซื้อโน๊ตบุ๊ค/กำแพงเพชร/,Province,src/content/locations/กำแพงเพชร.md,รับซื้อโน๊ตบุ๊คกำแพงเพชร ประเมินฟรีผ่านไลน์ @webuy | ร้านรับซื้อโน๊ตบุ๊ค.com,กำแพงเพชร,505,yes,https://ร้านรับซื้อโน๊ตบุ๊ค.com/รับซื้อโน๊ตบุ๊ค/กำแพงเพชร/,TBD,location-md+LocationLayout,Low,Province,Strong,2
/รับซื้อโน๊ตบุ๊ค/ขอนแก่น/,Province,src/content/locations/ขอนแก่น.md,รับซื้อโน๊ตบุ๊คขอนแก่น ประเมินฟรีผ่านไลน์ @webuy | ร้านรับซื้อโน๊ตบุ๊ค.com,ขอนแก่น,483,yes,https://ร้านรับซื้อโน๊ตบุ๊ค.com/รับซื้อโน๊ตบุ๊ค/ขอนแก่น/,TBD,location-md+LocationLayout,Low,Province,Strong,2
/รับซื้อโน๊ตบุ๊ค/จันทบุรี/,Province,src/content/locations/จันทบุรี.md,รับซื้อโน๊ตบุ๊คจันทบุรี ประเมินฟรีผ่านไลน์ @webuy | ร้านรับซื้อโน๊ตบุ๊ค.com,จันทบุรี,457,yes,https://ร้านรับซื้อโน๊ตบุ๊ค.com/รับซื้อโน๊ตบุ๊ค/จันทบุรี/,TBD,location-md+LocationLayout,Low,Province,Strong,2
/รับซื้อโน๊ตบุ๊ค/ฉะเชิงเทรา/,Province,src/content/locations/ฉะเชิงเทรา.md,รับซื้อโน๊ตบุ๊คฉะเชิงเทรา ประเมินฟรีผ่านไลน์ @webuy | ร้านรับซื้อโน๊ตบุ๊ค.com,ฉะเชิงเทรา,565,yes,https://ร้านรับซื้อโน๊ตบุ๊ค.com/รับซื้อโน๊ตบุ๊ค/ฉะเชิงเทรา/,TBD,location-md+LocationLayout,Low,Province,Strong,2
/รับซื้อโน๊ตบุ๊ค/ชลบุรี/,Province,src/content/locations/ชลบุรี.md,รับซื้อโน๊ตบุ๊คชลบุรี ประเมินฟรีผ่านไลน์ @webuy | ร้านรับซื้อโน๊ตบุ๊ค.com,ชลบุรี,487,yes,https://ร้านรับซื้อโน๊ตบุ๊ค.com/รับซื้อโน๊ตบุ๊ค/ชลบุรี/,TBD,location-md+LocationLayout,Low,Province,Strong,2
/รับซื้อโน๊ตบุ๊ค/ชัยนาท/,Province,src/content/locations/ชัยนาท.md,รับซื้อโน๊ตบุ๊คชัยนาท ประเมินฟรีผ่านไลน์ @webuy | ร้านรับซื้อโน๊ตบุ๊ค.com,ชัยนาท,493,yes,https://ร้านรับซื้อโน๊ตบุ๊ค.com/รับซื้อโน๊ตบุ๊ค/ชัยนาท/,TBD,location-md+LocationLayout,Low,Province,Strong,2
/รับซื้อโน๊ตบุ๊ค/ชัยภูมิ/,Province,src/content/locations/ชัยภูมิ.md,รับซื้อโน๊ตบุ๊คชัยภูมิ ประเมินฟรีผ่านไลน์ @webuy | ร้านรับซื้อโน๊ตบุ๊ค.com,ชัยภูมิ,489,yes,https://ร้านรับซื้อโน๊ตบุ๊ค.com/รับซื้อโน๊ตบุ๊ค/ชัยภูมิ/,TBD,location-md+LocationLayout,Low,Province,Strong,2
/รับซื้อโน๊ตบุ๊ค/ชุมพร/,Province,src/content/locations/ชุมพร.md,รับซื้อโน๊ตบุ๊คชุมพร ประเมินฟรี | ร้านรับซื้อโน๊ตบุ๊ค.com,ชุมพร,522,yes,https://ร้านรับซื้อโน๊ตบุ๊ค.com/รับซื้อโน๊ตบุ๊ค/ชุมพร/,TBD,location-md+LocationLayout,Low,Province,Strong,2
/รับซื้อโน๊ตบุ๊ค/ตรัง/,Province,src/content/locations/ตรัง.md,รับซื้อโน๊ตบุ๊คตรัง ประเมินฟรี | ร้านรับซื้อโน๊ตบุ๊ค.com,ตรัง,580,yes,https://ร้านรับซื้อโน๊ตบุ๊ค.com/รับซื้อโน๊ตบุ๊ค/ตรัง/,TBD,location-md+LocationLayout,Low,Province,Strong,2
/รับซื้อโน๊ตบุ๊ค/ตราด/,Province,src/content/locations/ตราด.md,รับซื้อโน๊ตบุ๊คตราด ประเมินฟรีผ่านไลน์ @webuy | ร้านรับซื้อโน๊ตบุ๊ค.com,ตราด,552,yes,https://ร้านรับซื้อโน๊ตบุ๊ค.com/รับซื้อโน๊ตบุ๊ค/ตราด/,TBD,location-md+LocationLayout,Low,Province,Strong,2
/รับซื้อโน๊ตบุ๊ค/ตาก/,Province,src/content/locations/ตาก.md,รับซื้อโน๊ตบุ๊คตาก ประเมินฟรี | ร้านรับซื้อโน๊ตบุ๊ค.com,ตาก,564,yes,https://ร้านรับซื้อโน๊ตบุ๊ค.com/รับซื้อโน๊ตบุ๊ค/ตาก/,TBD,location-md+LocationLayout,Low,Province,Strong,2
/รับซื้อโน๊ตบุ๊ค/นครนายก/,Province,src/content/locations/นครนายก.md,รับซื้อโน๊ตบุ๊คนครนายก ประเมินฟรี | ร้านรับซื้อโน๊ตบุ๊ค.com,นครนายก,563,yes,https://ร้านรับซื้อโน๊ตบุ๊ค.com/รับซื้อโน๊ตบุ๊ค/นครนายก/,TBD,location-md+LocationLayout,Low,Province,Strong,2
/รับซื้อโน๊ตบุ๊ค/นครปฐม/,Province,src/content/locations/นครปฐม.md,รับซื้อโน๊ตบุ๊คนครปฐม ประเมินฟรีผ่านไลน์ @webuy | ร้านรับซื้อโน๊ตบุ๊ค.com,นครปฐม,547,yes,https://ร้านรับซื้อโน๊ตบุ๊ค.com/รับซื้อโน๊ตบุ๊ค/นครปฐม/,TBD,location-md+LocationLayout,Low,Province,Strong,2
/รับซื้อโน๊ตบุ๊ค/นครพนม/,Province,src/content/locations/นครพนม.md,รับซื้อโน๊ตบุ๊คนครพนม ประเมินฟรีผ่านไลน์ @webuy | ร้านรับซื้อโน๊ตบุ๊ค.com,นครพนม,448,yes,https://ร้านรับซื้อโน๊ตบุ๊ค.com/รับซื้อโน๊ตบุ๊ค/นครพนม/,TBD,location-md+LocationLayout,Low,Province,Strong,2
/รับซื้อโน๊ตบุ๊ค/นครราชสีมา/,Province,src/content/locations/นครราชสีมา.md,รับซื้อโน๊ตบุ๊คนครราชสีมา ประเมินฟรีผ่านไลน์ @webuy | ร้านรับซื้อโน๊ตบุ๊ค.com,นครราชสีมา,522,yes,https://ร้านรับซื้อโน๊ตบุ๊ค.com/รับซื้อโน๊ตบุ๊ค/นครราชสีมา/,TBD,location-md+LocationLayout,Low,Province,Strong,2
/รับซื้อโน๊ตบุ๊ค/นครศรีธรรมราช/,Province,src/content/locations/นครศรีธรรมราช.md,รับซื้อโน๊ตบุ๊คนครศรีธรรมราช ประเมินฟรีผ่านไลน์ @webuy | ร้านรับซื้อโน๊ตบุ๊ค.com,นครศรีธรรมราช,592,yes,https://ร้านรับซื้อโน๊ตบุ๊ค.com/รับซื้อโน๊ตบุ๊ค/นครศรีธรรมราช/,TBD,location-md+LocationLayout,Low,Province,Strong,2
/รับซื้อโน๊ตบุ๊ค/นครสวรรค์/,Province,src/content/locations/นครสวรรค์.md,รับซื้อโน๊ตบุ๊คนครสวรรค์ ประเมินฟรีผ่านไลน์ @webuy | ร้านรับซื้อโน๊ตบุ๊ค.com,นครสวรรค์,499,yes,https://ร้านรับซื้อโน๊ตบุ๊ค.com/รับซื้อโน๊ตบุ๊ค/นครสวรรค์/,TBD,location-md+LocationLayout,Low,Province,Strong,2
/รับซื้อโน๊ตบุ๊ค/นนทบุรี/,Province,src/content/locations/นนทบุรี.md,รับซื้อโน๊ตบุ๊คนนทบุรี ประเมินฟรีผ่านไลน์ @webuy | ร้านรับซื้อโน๊ตบุ๊ค.com,นนทบุรี,583,yes,https://ร้านรับซื้อโน๊ตบุ๊ค.com/รับซื้อโน๊ตบุ๊ค/นนทบุรี/,TBD,location-md+LocationLayout,Low,Province,Strong,2
/รับซื้อโน๊ตบุ๊ค/นราธิวาส/,Province,src/content/locations/นราธิวาส.md,รับซื้อโน๊ตบุ๊คนราธิวาส ประเมินฟรีผ่านไลน์ @webuy | ร้านรับซื้อโน๊ตบุ๊ค.com,นราธิวาส,496,yes,https://ร้านรับซื้อโน๊ตบุ๊ค.com/รับซื้อโน๊ตบุ๊ค/นราธิวาส/,TBD,location-md+LocationLayout,Low,Province,Strong,2
/รับซื้อโน๊ตบุ๊ค/น่าน/,Province,src/content/locations/น่าน.md,รับซื้อโน๊ตบุ๊คน่าน ประเมินฟรี | ร้านรับซื้อโน๊ตบุ๊ค.com,น่าน,558,yes,https://ร้านรับซื้อโน๊ตบุ๊ค.com/รับซื้อโน๊ตบุ๊ค/น่าน/,TBD,location-md+LocationLayout,Low,Province,Strong,2
/รับซื้อโน๊ตบุ๊ค/บางนา/,Province,src/content/locations/บางนา.md,รับซื้อโน๊ตบุ๊คบางนา ประเมินฟรีผ่านไลน์ @webuy | ร้านรับซื้อโน๊ตบุ๊ค.com,บางนา,568,yes,https://ร้านรับซื้อโน๊ตบุ๊ค.com/รับซื้อโน๊ตบุ๊ค/บางนา/,TBD,location-md+LocationLayout,Low,Province,Strong,2
/รับซื้อโน๊ตบุ๊ค/บึงกาฬ/,Province,src/content/locations/บึงกาฬ.md,รับซื้อโน๊ตบุ๊คบึงกาฬ ประเมินฟรีผ่านไลน์ @webuy | ร้านรับซื้อโน๊ตบุ๊ค.com,บึงกาฬ,515,yes,https://ร้านรับซื้อโน๊ตบุ๊ค.com/รับซื้อโน๊ตบุ๊ค/บึงกาฬ/,TBD,location-md+LocationLayout,Low,Province,Strong,2
/รับซื้อโน๊ตบุ๊ค/บุรีรัมย์/,Province,src/content/locations/บุรีรัมย์.md,รับซื้อโน๊ตบุ๊คบุรีรัมย์ ประเมินฟรีผ่านไลน์ @webuy | ร้านรับซื้อโน๊ตบุ๊ค.com,บุรีรัมย์,466,yes,https://ร้านรับซื้อโน๊ตบุ๊ค.com/รับซื้อโน๊ตบุ๊ค/บุรีรัมย์/,TBD,location-md+LocationLayout,Low,Province,Strong,2
/รับซื้อโน๊ตบุ๊ค/ปทุมธานี/,Province,src/content/locations/ปทุมธานี.md,รับซื้อโน๊ตบุ๊คปทุมธานี ประเมินฟรีผ่านไลน์ @webuy | ร้านรับซื้อโน๊ตบุ๊ค.com,ปทุมธานี,499,yes,https://ร้านรับซื้อโน๊ตบุ๊ค.com/รับซื้อโน๊ตบุ๊ค/ปทุมธานี/,TBD,location-md+LocationLayout,Low,Province,Strong,2
/รับซื้อโน๊ตบุ๊ค/ประจวบคีรีขันธ์/,Province,src/content/locations/ประจวบคีรีขันธ์.md,รับซื้อโน๊ตบุ๊คประจวบคีรีขันธ์ ประเมินฟรี | ร้านรับซื้อโน๊ตบุ๊ค.com,ประจวบคีรีขันธ์,634,yes,https://ร้านรับซื้อโน๊ตบุ๊ค.com/รับซื้อโน๊ตบุ๊ค/ประจวบคีรีขันธ์/,TBD,location-md+LocationLayout,Low,Province,Strong,2
/รับซื้อโน๊ตบุ๊ค/ปราจีนบุรี/,Province,src/content/locations/ปราจีนบุรี.md,รับซื้อโน๊ตบุ๊คปราจีนบุรี ประเมินฟรี | ร้านรับซื้อโน๊ตบุ๊ค.com,ปราจีนบุรี,573,yes,https://ร้านรับซื้อโน๊ตบุ๊ค.com/รับซื้อโน๊ตบุ๊ค/ปราจีนบุรี/,TBD,location-md+LocationLayout,Low,Province,Strong,2
/รับซื้อโน๊ตบุ๊ค/ปัตตานี/,Province,src/content/locations/ปัตตานี.md,รับซื้อโน๊ตบุ๊คปัตตานี ประเมินฟรีผ่านไลน์ @webuy | ร้านรับซื้อโน๊ตบุ๊ค.com,ปัตตานี,559,yes,https://ร้านรับซื้อโน๊ตบุ๊ค.com/รับซื้อโน๊ตบุ๊ค/ปัตตานี/,TBD,location-md+LocationLayout,Low,Province,Strong,2
/รับซื้อโน๊ตบุ๊ค/พระราม2/,Province,src/content/locations/พระราม2.md,รับซื้อโน๊ตบุ๊คพระราม2 ประเมินฟรีผ่านไลน์ @webuy | ร้านรับซื้อโน๊ตบุ๊ค.com,พระราม2,506,yes,https://ร้านรับซื้อโน๊ตบุ๊ค.com/รับซื้อโน๊ตบุ๊ค/พระราม2/,TBD,location-md+LocationLayout,Low,Province,Strong,2
/รับซื้อโน๊ตบุ๊ค/พะเยา/,Province,src/content/locations/พะเยา.md,รับซื้อโน๊ตบุ๊คพะเยา ประเมินฟรีผ่านไลน์ @webuy | ร้านรับซื้อโน๊ตบุ๊ค.com,พะเยา,494,yes,https://ร้านรับซื้อโน๊ตบุ๊ค.com/รับซื้อโน๊ตบุ๊ค/พะเยา/,TBD,location-md+LocationLayout,Low,Province,Strong,2
/รับซื้อโน๊ตบุ๊ค/พังงา/,Province,src/content/locations/พังงา.md,รับซื้อโน๊ตบุ๊คพังงา ประเมินฟรี | ร้านรับซื้อโน๊ตบุ๊ค.com,พังงา,543,yes,https://ร้านรับซื้อโน๊ตบุ๊ค.com/รับซื้อโน๊ตบุ๊ค/พังงา/,TBD,location-md+LocationLayout,Low,Province,Strong,2
/รับซื้อโน๊ตบุ๊ค/พัทยา/,Province,src/content/locations/พัทยา.md,รับซื้อโน๊ตบุ๊คพัทยา ประเมินฟรีผ่านไลน์ @webuy | ร้านรับซื้อโน๊ตบุ๊ค.com,พัทยา,554,yes,https://ร้านรับซื้อโน๊ตบุ๊ค.com/รับซื้อโน๊ตบุ๊ค/พัทยา/,TBD,location-md+LocationLayout,Low,Province,Strong,2
/รับซื้อโน๊ตบุ๊ค/พัทลุง/,Province,src/content/locations/พัทลุง.md,รับซื้อโน๊ตบุ๊คพัทลุง ประเมินฟรี | ร้านรับซื้อโน๊ตบุ๊ค.com,พัทลุง,569,yes,https://ร้านรับซื้อโน๊ตบุ๊ค.com/รับซื้อโน๊ตบุ๊ค/พัทลุง/,TBD,location-md+LocationLayout,Low,Province,Strong,2
/รับซื้อโน๊ตบุ๊ค/พิจิตร/,Province,src/content/locations/พิจิตร.md,รับซื้อโน๊ตบุ๊คพิจิตร ประเมินฟรีผ่านไลน์ @webuy | ร้านรับซื้อโน๊ตบุ๊ค.com,พิจิตร,577,yes,https://ร้านรับซื้อโน๊ตบุ๊ค.com/รับซื้อโน๊ตบุ๊ค/พิจิตร/,TBD,location-md+LocationLayout,Low,Province,Strong,2
/รับซื้อโน๊ตบุ๊ค/พิษณุโลก/,Province,src/content/locations/พิษณุโลก.md,รับซื้อโน๊ตบุ๊คพิษณุโลก ประเมินฟรีผ่านไลน์ @webuy | ร้านรับซื้อโน๊ตบุ๊ค.com,พิษณุโลก,582,yes,https://ร้านรับซื้อโน๊ตบุ๊ค.com/รับซื้อโน๊ตบุ๊ค/พิษณุโลก/,TBD,location-md+LocationLayout,Low,Province,Strong,2
/รับซื้อโน๊ตบุ๊ค/ภาคอีสาน/,District/location,src/content/locations/ภาคอีสาน.md,รับซื้อโน๊ตบุ๊คภาคอีสาน ประเมินฟรีผ่านไลน์ @webuy | ร้านรับซื้อโน๊ตบุ๊ค.com,รับซื้อโน๊ตบุ๊คภาคอีสาน ครบทุกจังหวัด ส่งรูปเช็คราคาฟรี,568,yes,https://ร้านรับซื้อโน๊ตบุ๊ค.com/รับซื้อโน๊ตบุ๊ค/ภาคอีสาน/,TBD,location-md+LocationLayout,Low,District/location,Strong,2
/รับซื้อโน๊ตบุ๊ค/ภูเก็ต/,Province,src/content/locations/ภูเก็ต.md,รับซื้อโน๊ตบุ๊คภูเก็ต ประเมินฟรีผ่านไลน์ @webuy | ร้านรับซื้อโน๊ตบุ๊ค.com,ภูเก็ต,501,yes,https://ร้านรับซื้อโน๊ตบุ๊ค.com/รับซื้อโน๊ตบุ๊ค/ภูเก็ต/,TBD,location-md+LocationLayout,Low,Province,Strong,2
/รับซื้อโน๊ตบุ๊ค/มหาสารคาม/,Province,src/content/locations/มหาสารคาม.md,รับซื้อโน๊ตบุ๊คมหาสารคาม ประเมินฟรีผ่านไลน์ @webuy | ร้านรับซื้อโน๊ตบุ๊ค.com,มหาสารคาม,544,yes,https://ร้านรับซื้อโน๊ตบุ๊ค.com/รับซื้อโน๊ตบุ๊ค/มหาสารคาม/,TBD,location-md+LocationLayout,Low,Province,Strong,2
/รับซื้อโน๊ตบุ๊ค/มุกดาหาร/,Province,src/content/locations/มุกดาหาร.md,รับซื้อโน๊ตบุ๊คมุกดาหาร ประเมินฟรีผ่านไลน์ @webuy | ร้านรับซื้อโน๊ตบุ๊ค.com,มุกดาหาร,507,yes,https://ร้านรับซื้อโน๊ตบุ๊ค.com/รับซื้อโน๊ตบุ๊ค/มุกดาหาร/,TBD,location-md+LocationLayout,Low,Province,Strong,2
/รับซื้อโน๊ตบุ๊ค/ยะลา/,Province,src/content/locations/ยะลา.md,รับซื้อโน๊ตบุ๊คยะลา ประเมินฟรีผ่านไลน์ @webuy | ร้านรับซื้อโน๊ตบุ๊ค.com,ยะลา,475,yes,https://ร้านรับซื้อโน๊ตบุ๊ค.com/รับซื้อโน๊ตบุ๊ค/ยะลา/,TBD,location-md+LocationLayout,Low,Province,Strong,2
/รับซื้อโน๊ตบุ๊ค/ยโสธร/,Province,src/content/locations/ยโสธร.md,รับซื้อโน๊ตบุ๊คยโสธร ประเมินฟรีผ่านไลน์ @webuy | ร้านรับซื้อโน๊ตบุ๊ค.com,ยโสธร,510,yes,https://ร้านรับซื้อโน๊ตบุ๊ค.com/รับซื้อโน๊ตบุ๊ค/ยโสธร/,TBD,location-md+LocationLayout,Low,Province,Strong,2
/รับซื้อโน๊ตบุ๊ค/ระนอง/,Province,src/content/locations/ระนอง.md,รับซื้อโน๊ตบุ๊คระนอง ประเมินฟรีผ่านไลน์ @webuy | ร้านรับซื้อโน๊ตบุ๊ค.com,ระนอง,526,yes,https://ร้านรับซื้อโน๊ตบุ๊ค.com/รับซื้อโน๊ตบุ๊ค/ระนอง/,TBD,location-md+LocationLayout,Low,Province,Strong,2
/รับซื้อโน๊ตบุ๊ค/ระยอง/,Province,src/content/locations/ระยอง.md,รับซื้อโน๊ตบุ๊คระยอง ประเมินฟรีผ่านไลน์ @webuy | ร้านรับซื้อโน๊ตบุ๊ค.com,ระยอง,438,yes,https://ร้านรับซื้อโน๊ตบุ๊ค.com/รับซื้อโน๊ตบุ๊ค/ระยอง/,TBD,location-md+LocationLayout,Low,Province,Strong,2
/รับซื้อโน๊ตบุ๊ค/รังสิต/,Province,src/content/locations/รังสิต.md,รับซื้อโน๊ตบุ๊ครังสิต ประเมินฟรีผ่านไลน์ @webuy | ร้านรับซื้อโน๊ตบุ๊ค.com,รังสิต,570,yes,https://ร้านรับซื้อโน๊ตบุ๊ค.com/รับซื้อโน๊ตบุ๊ค/รังสิต/,TBD,location-md+LocationLayout,Low,Province,Strong,2
/รับซื้อโน๊ตบุ๊ค/ราชบุรี/,Province,src/content/locations/ราชบุรี.md,รับซื้อโน๊ตบุ๊คราชบุรี ประเมินฟรีผ่านไลน์ @webuy | ร้านรับซื้อโน๊ตบุ๊ค.com,ราชบุรี,505,yes,https://ร้านรับซื้อโน๊ตบุ๊ค.com/รับซื้อโน๊ตบุ๊ค/ราชบุรี/,TBD,location-md+LocationLayout,Low,Province,Strong,2
/รับซื้อโน๊ตบุ๊ค/รามคำแหง/,Province,src/content/locations/รามคำแหง.md,รับซื้อโน๊ตบุ๊ครามคำแหง ประเมินฟรีผ่านไลน์ @webuy | ร้านรับซื้อโน๊ตบุ๊ค.com,รามคำแหง,527,yes,https://ร้านรับซื้อโน๊ตบุ๊ค.com/รับซื้อโน๊ตบุ๊ค/รามคำแหง/,TBD,location-md+LocationLayout,Low,Province,Strong,2
/รับซื้อโน๊ตบุ๊ค/ร้อยเอ็ด/,Province,src/content/locations/ร้อยเอ็ด.md,รับซื้อโน๊ตบุ๊คร้อยเอ็ด ประเมินฟรีผ่านไลน์ @webuy | ร้านรับซื้อโน๊ตบุ๊ค.com,ร้อยเอ็ด,515,yes,https://ร้านรับซื้อโน๊ตบุ๊ค.com/รับซื้อโน๊ตบุ๊ค/ร้อยเอ็ด/,TBD,location-md+LocationLayout,Low,Province,Strong,2
/รับซื้อโน๊ตบุ๊ค/ลพบุรี/,Province,src/content/locations/ลพบุรี.md,รับซื้อโน๊ตบุ๊คลพบุรี ประเมินฟรี | ร้านรับซื้อโน๊ตบุ๊ค.com,ลพบุรี,525,yes,https://ร้านรับซื้อโน๊ตบุ๊ค.com/รับซื้อโน๊ตบุ๊ค/ลพบุรี/,TBD,location-md+LocationLayout,Low,Province,Strong,2
/รับซื้อโน๊ตบุ๊ค/ลาดพร้าว/,Province,src/content/locations/ลาดพร้าว.md,รับซื้อโน๊ตบุ๊คลาดพร้าว ประเมินฟรีผ่านไลน์ @webuy | ร้านรับซื้อโน๊ตบุ๊ค.com,ลาดพร้าว,583,yes,https://ร้านรับซื้อโน๊ตบุ๊ค.com/รับซื้อโน๊ตบุ๊ค/ลาดพร้าว/,TBD,location-md+LocationLayout,Low,Province,Strong,2
/รับซื้อโน๊ตบุ๊ค/ลำปาง/,Province,src/content/locations/ลำปาง.md,รับซื้อโน๊ตบุ๊คลำปาง ประเมินฟรีผ่านไลน์ @webuy | ร้านรับซื้อโน๊ตบุ๊ค.com,ลำปาง,529,yes,https://ร้านรับซื้อโน๊ตบุ๊ค.com/รับซื้อโน๊ตบุ๊ค/ลำปาง/,TBD,location-md+LocationLayout,Low,Province,Strong,2
/รับซื้อโน๊ตบุ๊ค/ลำพูน/,Province,src/content/locations/ลำพูน.md,รับซื้อโน๊ตบุ๊คลำพูน ประเมินฟรีผ่านไลน์ @webuy | ร้านรับซื้อโน๊ตบุ๊ค.com,ลำพูน,622,yes,https://ร้านรับซื้อโน๊ตบุ๊ค.com/รับซื้อโน๊ตบุ๊ค/ลำพูน/,TBD,location-md+LocationLayout,Low,Province,Strong,2
/รับซื้อโน๊ตบุ๊ค/ศรีสะเกษ/,Province,src/content/locations/ศรีสะเกษ.md,รับซื้อโน๊ตบุ๊คศรีสะเกษ ประเมินฟรีผ่านไลน์ @webuy | ร้านรับซื้อโน๊ตบุ๊ค.com,ศรีสะเกษ,525,yes,https://ร้านรับซื้อโน๊ตบุ๊ค.com/รับซื้อโน๊ตบุ๊ค/ศรีสะเกษ/,TBD,location-md+LocationLayout,Low,Province,Strong,2
/รับซื้อโน๊ตบุ๊ค/สกลนคร/,Province,src/content/locations/สกลนคร.md,รับซื้อโน๊ตบุ๊คสกลนคร ประเมินฟรีผ่านไลน์ @webuy | ร้านรับซื้อโน๊ตบุ๊ค.com,สกลนคร,604,yes,https://ร้านรับซื้อโน๊ตบุ๊ค.com/รับซื้อโน๊ตบุ๊ค/สกลนคร/,TBD,location-md+LocationLayout,Low,Province,Strong,2
/รับซื้อโน๊ตบุ๊ค/สงขลา/,Province,src/content/locations/สงขลา.md,รับซื้อโน๊ตบุ๊คสงขลา ประเมินฟรีผ่านไลน์ @webuy | ร้านรับซื้อโน๊ตบุ๊ค.com,สงขลา,563,yes,https://ร้านรับซื้อโน๊ตบุ๊ค.com/รับซื้อโน๊ตบุ๊ค/สงขลา/,TBD,location-md+LocationLayout,Low,Province,Strong,2
/รับซื้อโน๊ตบุ๊ค/สตูล/,Province,src/content/locations/สตูล.md,รับซื้อโน๊ตบุ๊คสตูล ประเมินฟรี | ร้านรับซื้อโน๊ตบุ๊ค.com,สตูล,484,yes,https://ร้านรับซื้อโน๊ตบุ๊ค.com/รับซื้อโน๊ตบุ๊ค/สตูล/,TBD,location-md+LocationLayout,Low,Province,Strong,2
/รับซื้อโน๊ตบุ๊ค/สมุทรปราการ/,Province,src/content/locations/สมุทรปราการ.md,รับซื้อโน๊ตบุ๊คสมุทรปราการ ประเมินฟรีผ่านไลน์ @webuy | ร้านรับซื้อโน๊ตบุ๊ค.com,สมุทรปราการ,530,yes,https://ร้านรับซื้อโน๊ตบุ๊ค.com/รับซื้อโน๊ตบุ๊ค/สมุทรปราการ/,TBD,location-md+LocationLayout,Low,Province,Strong,2
/รับซื้อโน๊ตบุ๊ค/สมุทรสงคราม/,Province,src/content/locations/สมุทรสงคราม.md,รับซื้อโน๊ตบุ๊คสมุทรสงคราม ประเมินฟรีผ่านไลน์ @webuy | ร้านรับซื้อโน๊ตบุ๊ค.com,สมุทรสงคราม,502,yes,https://ร้านรับซื้อโน๊ตบุ๊ค.com/รับซื้อโน๊ตบุ๊ค/สมุทรสงคราม/,TBD,location-md+LocationLayout,Low,Province,Strong,2
/รับซื้อโน๊ตบุ๊ค/สมุทรสาคร/,Province,src/content/locations/สมุทรสาคร.md,รับซื้อโน๊ตบุ๊คสมุทรสาคร ประเมินฟรีผ่านไลน์ @webuy | ร้านรับซื้อโน๊ตบุ๊ค.com,สมุทรสาคร,587,yes,https://ร้านรับซื้อโน๊ตบุ๊ค.com/รับซื้อโน๊ตบุ๊ค/สมุทรสาคร/,TBD,location-md+LocationLayout,Low,Province,Strong,2
/รับซื้อโน๊ตบุ๊ค/สระบุรี/,Province,src/content/locations/สระบุรี.md,รับซื้อโน๊ตบุ๊คสระบุรี ประเมินฟรีผ่านไลน์ @webuy | ร้านรับซื้อโน๊ตบุ๊ค.com,สระบุรี,482,yes,https://ร้านรับซื้อโน๊ตบุ๊ค.com/รับซื้อโน๊ตบุ๊ค/สระบุรี/,TBD,location-md+LocationLayout,Low,Province,Strong,2
/รับซื้อโน๊ตบุ๊ค/สระแก้ว/,Province,src/content/locations/สระแก้ว.md,รับซื้อโน๊ตบุ๊คสระแก้ว ประเมินฟรีผ่านไลน์ @webuy | ร้านรับซื้อโน๊ตบุ๊ค.com,สระแก้ว,544,yes,https://ร้านรับซื้อโน๊ตบุ๊ค.com/รับซื้อโน๊ตบุ๊ค/สระแก้ว/,TBD,location-md+LocationLayout,Low,Province,Strong,2
/รับซื้อโน๊ตบุ๊ค/สิงห์บุรี/,Province,src/content/locations/สิงห์บุรี.md,รับซื้อโน๊ตบุ๊คสิงห์บุรี ประเมินฟรีผ่านไลน์ @webuy | ร้านรับซื้อโน๊ตบุ๊ค.com,สิงห์บุรี,610,yes,https://ร้านรับซื้อโน๊ตบุ๊ค.com/รับซื้อโน๊ตบุ๊ค/สิงห์บุรี/,TBD,location-md+LocationLayout,Low,Province,Strong,2
/รับซื้อโน๊ตบุ๊ค/สุพรรณบุรี/,Province,src/content/locations/สุพรรณบุรี.md,รับซื้อโน๊ตบุ๊คสุพรรณบุรี ประเมินฟรี | ร้านรับซื้อโน๊ตบุ๊ค.com,สุพรรณบุรี,431,yes,https://ร้านรับซื้อโน๊ตบุ๊ค.com/รับซื้อโน๊ตบุ๊ค/สุพรรณบุรี/,TBD,location-md+LocationLayout,Low,Province,Strong,2
/รับซื้อโน๊ตบุ๊ค/สุราษฎร์ธานี/,Province,src/content/locations/สุราษฎร์ธานี.md,รับซื้อโน๊ตบุ๊คสุราษฎร์ธานี ประเมินฟรีผ่านไลน์ @webuy | ร้านรับซื้อโน๊ตบุ๊ค.com,สุราษฎร์ธานี,537,yes,https://ร้านรับซื้อโน๊ตบุ๊ค.com/รับซื้อโน๊ตบุ๊ค/สุราษฎร์ธานี/,TBD,location-md+LocationLayout,Low,Province,Strong,2
/รับซื้อโน๊ตบุ๊ค/สุรินทร์/,Province,src/content/locations/สุรินทร์.md,รับซื้อโน๊ตบุ๊คสุรินทร์ ประเมินฟรีผ่านไลน์ @webuy | ร้านรับซื้อโน๊ตบุ๊ค.com,สุรินทร์,534,yes,https://ร้านรับซื้อโน๊ตบุ๊ค.com/รับซื้อโน๊ตบุ๊ค/สุรินทร์/,TBD,location-md+LocationLayout,Low,Province,Strong,2
/รับซื้อโน๊ตบุ๊ค/สุโขทัย/,Province,src/content/locations/สุโขทัย.md,รับซื้อโน๊ตบุ๊คสุโขทัย ประเมินฟรี | ร้านรับซื้อโน๊ตบุ๊ค.com,สุโขทัย,541,yes,https://ร้านรับซื้อโน๊ตบุ๊ค.com/รับซื้อโน๊ตบุ๊ค/สุโขทัย/,TBD,location-md+LocationLayout,Low,Province,Strong,2
/รับซื้อโน๊ตบุ๊ค/หนองคาย/,Province,src/content/locations/หนองคาย.md,รับซื้อโน๊ตบุ๊คหนองคาย ประเมินฟรีผ่านไลน์ @webuy | ร้านรับซื้อโน๊ตบุ๊ค.com,หนองคาย,564,yes,https://ร้านรับซื้อโน๊ตบุ๊ค.com/รับซื้อโน๊ตบุ๊ค/หนองคาย/,TBD,location-md+LocationLayout,Low,Province,Strong,2
/รับซื้อโน๊ตบุ๊ค/หนองบัวลำภู/,Province,src/content/locations/หนองบัวลำภู.md,รับซื้อโน๊ตบุ๊คหนองบัวลำภู ประเมินฟรีผ่านไลน์ @webuy | ร้านรับซื้อโน๊ตบุ๊ค.com,หนองบัวลำภู,537,yes,https://ร้านรับซื้อโน๊ตบุ๊ค.com/รับซื้อโน๊ตบุ๊ค/หนองบัวลำภู/,TBD,location-md+LocationLayout,Low,Province,Strong,2
/รับซื้อโน๊ตบุ๊ค/หาดใหญ่/,Province,src/content/locations/หาดใหญ่.md,รับซื้อโน๊ตบุ๊คหาดใหญ่ ประเมินฟรีผ่านไลน์ @webuy | ร้านรับซื้อโน๊ตบุ๊ค.com,หาดใหญ่,603,yes,https://ร้านรับซื้อโน๊ตบุ๊ค.com/รับซื้อโน๊ตบุ๊ค/หาดใหญ่/,TBD,location-md+LocationLayout,Low,Province,Strong,2
/รับซื้อโน๊ตบุ๊ค/ห้วยขวาง/,Province,src/content/locations/ห้วยขวาง.md,รับซื้อโน๊ตบุ๊คห้วยขวาง ประเมินฟรีผ่านไลน์ @webuy | ร้านรับซื้อโน๊ตบุ๊ค.com,ห้วยขวาง,571,yes,https://ร้านรับซื้อโน๊ตบุ๊ค.com/รับซื้อโน๊ตบุ๊ค/ห้วยขวาง/,TBD,location-md+LocationLayout,Low,Province,Strong,2
/รับซื้อโน๊ตบุ๊ค/อยุธยา/,Province,src/content/locations/อยุธยา.md,รับซื้อโน๊ตบุ๊คอยุธยา ประเมินฟรีผ่านไลน์ @webuy | ร้านรับซื้อโน๊ตบุ๊ค.com,อยุธยา,559,yes,https://ร้านรับซื้อโน๊ตบุ๊ค.com/รับซื้อโน๊ตบุ๊ค/อยุธยา/,TBD,location-md+LocationLayout,Low,Province,Strong,2
/รับซื้อโน๊ตบุ๊ค/อำนาจเจริญ/,Province,src/content/locations/อำนาจเจริญ.md,รับซื้อโน๊ตบุ๊คอำนาจเจริญ ประเมินฟรีผ่านไลน์ @webuy | ร้านรับซื้อโน๊ตบุ๊ค.com,อำนาจเจริญ,499,yes,https://ร้านรับซื้อโน๊ตบุ๊ค.com/รับซื้อโน๊ตบุ๊ค/อำนาจเจริญ/,TBD,location-md+LocationLayout,Low,Province,Strong,2
/รับซื้อโน๊ตบุ๊ค/อุดรธานี/,Province,src/content/locations/อุดรธานี.md,รับซื้อโน๊ตบุ๊คอุดรธานี ประเมินฟรีผ่านไลน์ @webuy | ร้านรับซื้อโน๊ตบุ๊ค.com,อุดรธานี,524,yes,https://ร้านรับซื้อโน๊ตบุ๊ค.com/รับซื้อโน๊ตบุ๊ค/อุดรธานี/,TBD,location-md+LocationLayout,Low,Province,Strong,2
/รับซื้อโน๊ตบุ๊ค/อุตรดิตถ์/,Province,src/content/locations/อุตรดิตถ์.md,รับซื้อโน๊ตบุ๊คอุตรดิตถ์ ประเมินฟรี | ร้านรับซื้อโน๊ตบุ๊ค.com,อุตรดิตถ์,500,yes,https://ร้านรับซื้อโน๊ตบุ๊ค.com/รับซื้อโน๊ตบุ๊ค/อุตรดิตถ์/,TBD,location-md+LocationLayout,Low,Province,Strong,2
/รับซื้อโน๊ตบุ๊ค/อุทัยธานี/,Province,src/content/locations/อุทัยธานี.md,รับซื้อโน๊ตบุ๊คอุทัยธานี ประเมินฟรีผ่านไลน์ @webuy | ร้านรับซื้อโน๊ตบุ๊ค.com,อุทัยธานี,514,yes,https://ร้านรับซื้อโน๊ตบุ๊ค.com/รับซื้อโน๊ตบุ๊ค/อุทัยธานี/,TBD,location-md+LocationLayout,Low,Province,Strong,2
/รับซื้อโน๊ตบุ๊ค/อุบลราชธานี/,Province,src/content/locations/อุบลราชธานี.md,รับซื้อโน๊ตบุ๊คอุบลราชธานี ประเมินฟรีผ่านไลน์ @webuy | ร้านรับซื้อโน๊ตบุ๊ค.com,อุบลราชธานี,599,yes,https://ร้านรับซื้อโน๊ตบุ๊ค.com/รับซื้อโน๊ตบุ๊ค/อุบลราชธานี/,TBD,location-md+LocationLayout,Low,Province,Strong,1
/รับซื้อโน๊ตบุ๊ค/อ่างทอง/,Province,src/content/locations/อ่างทอง.md,รับซื้อโน๊ตบุ๊คอ่างทอง ประเมินฟรีผ่านไลน์ @webuy | ร้านรับซื้อโน๊ตบุ๊ค.com,อ่างทอง,509,yes,https://ร้านรับซื้อโน๊ตบุ๊ค.com/รับซื้อโน๊ตบุ๊ค/อ่างทอง/,TBD,location-md+LocationLayout,Low,Province,Strong,2
/รับซื้อโน๊ตบุ๊ค/เชียงราย/,Province,src/content/locations/เชียงราย.md,รับซื้อโน๊ตบุ๊คเชียงราย ประเมินฟรีผ่านไลน์ @webuy | ร้านรับซื้อโน๊ตบุ๊ค.com,เชียงราย,521,yes,https://ร้านรับซื้อโน๊ตบุ๊ค.com/รับซื้อโน๊ตบุ๊ค/เชียงราย/,TBD,location-md+LocationLayout,Low,Province,Strong,2
/รับซื้อโน๊ตบุ๊ค/เชียงใหม่/,Province,src/content/locations/เชียงใหม่.md,รับซื้อโน๊ตบุ๊คเชียงใหม่ ประเมินฟรีผ่านไลน์ @webuy | ร้านรับซื้อโน๊ตบุ๊ค.com,เชียงใหม่,536,yes,https://ร้านรับซื้อโน๊ตบุ๊ค.com/รับซื้อโน๊ตบุ๊ค/เชียงใหม่/,TBD,location-md+LocationLayout,Low,Province,Strong,2
/รับซื้อโน๊ตบุ๊ค/เพชรบุรี/,Province,src/content/locations/เพชรบุรี.md,รับซื้อโน๊ตบุ๊คเพชรบุรี ประเมินฟรี | ร้านรับซื้อโน๊ตบุ๊ค.com,เพชรบุรี,500,yes,https://ร้านรับซื้อโน๊ตบุ๊ค.com/รับซื้อโน๊ตบุ๊ค/เพชรบุรี/,TBD,location-md+LocationLayout,Low,Province,Strong,2
/รับซื้อโน๊ตบุ๊ค/เพชรบูรณ์/,Province,src/content/locations/เพชรบูรณ์.md,รับซื้อโน๊ตบุ๊คเพชรบูรณ์ ประเมินฟรี | ร้านรับซื้อโน๊ตบุ๊ค.com,เพชรบูรณ์,577,yes,https://ร้านรับซื้อโน๊ตบุ๊ค.com/รับซื้อโน๊ตบุ๊ค/เพชรบูรณ์/,TBD,location-md+LocationLayout,Low,Province,Strong,2
/รับซื้อโน๊ตบุ๊ค/เลย/,Province,src/content/locations/เลย.md,รับซื้อโน๊ตบุ๊คเลย ประเมินฟรีผ่านไลน์ @webuy | ร้านรับซื้อโน๊ตบุ๊ค.com,เลย,558,yes,https://ร้านรับซื้อโน๊ตบุ๊ค.com/รับซื้อโน๊ตบุ๊ค/เลย/,TBD,location-md+LocationLayout,Low,Province,Strong,2
/รับซื้อโน๊ตบุ๊ค/แพร่/,Province,src/content/locations/แพร่.md,รับซื้อโน๊ตบุ๊คแพร่ ประเมินฟรี | ร้านรับซื้อโน๊ตบุ๊ค.com,แพร่,538,yes,https://ร้านรับซื้อโน๊ตบุ๊ค.com/รับซื้อโน๊ตบุ๊ค/แพร่/,TBD,location-md+LocationLayout,Low,Province,Strong,2
/รับซื้อโน๊ตบุ๊ค/แม่ฮ่องสอน/,Province,src/content/locations/แม่ฮ่องสอน.md,รับซื้อโน๊ตบุ๊คแม่ฮ่องสอน ประเมินฟรีผ่านไลน์ @webuy | ร้านรับซื้อโน๊ตบุ๊ค.com,แม่ฮ่องสอน,530,yes,https://ร้านรับซื้อโน๊ตบุ๊ค.com/รับซื้อโน๊ตบุ๊ค/แม่ฮ่องสอน/,TBD,location-md+LocationLayout,Low,Province,Strong,2
/รับซื้อโน๊ตบุ๊ค/ใกล้ฉัน/,District/location,src/content/locations/ใกล้ฉัน.md,รับซื้อโน๊ตบุ๊ค ใกล้ฉัน ประเมินฟรี | ร้านรับซื้อโน๊ตบุ๊ค.com,รับซื้อโน๊ตบุ๊คใกล้ฉัน นัดง่าย ประเมินไว,510,yes,https://ร้านรับซื้อโน๊ตบุ๊ค.com/รับซื้อโน๊ตบุ๊ค/ใกล้ฉัน/,TBD,location-md+LocationLayout,Low,District/location,Strong,2
/blog/gaming-notebook-มือสองขายได้ราคาดีกว่าไหม/,Blog,src/content/blog/gaming-notebook-มือสองขายได้ราคาดีกว่าไหม.md,,,2528,yes,https://ร้านรับซื้อโน๊ตบุ๊ค.com/blog/gaming-notebook-มือสองขายได้ราคาดีกว่าไหม/,TBD,blog-md,Low,Blog,Strong,3
/blog/macbook-battery-health-มีผลต่อราคาไหม/,Blog,src/content/blog/macbook-battery-health-มีผลต่อราคาไหม.md,,,369,yes,https://ร้านรับซื้อโน๊ตบุ๊ค.com/blog/macbook-battery-health-มีผลต่อราคาไหม/,TBD,blog-md,Low,Blog,Good,3
/blog/macbook-cycle-count-เท่าไหร่ถึงราคาตก/,Blog,src/content/blog/macbook-cycle-count-เท่าไหร่ถึงราคาตก.md,,,368,yes,https://ร้านรับซื้อโน๊ตบุ๊ค.com/blog/macbook-cycle-count-เท่าไหร่ถึงราคาตก/,TBD,blog-md,Low,Blog,Good,3
/blog/macbook-คีย์บอร์ดเสีย-ขายได้ไหม/,Blog,src/content/blog/macbook-คีย์บอร์ดเสีย-ขายได้ไหม.md,,,377,yes,https://ร้านรับซื้อโน๊ตบุ๊ค.com/blog/macbook-คีย์บอร์ดเสีย-ขายได้ไหม/,TBD,blog-md,Low,Blog,Good,3
/blog/macbook-จอร้าว-ขายได้ไหม/,Blog,src/content/blog/macbook-จอร้าว-ขายได้ไหม.md,,,82,yes,https://ร้านรับซื้อโน๊ตบุ๊ค.com/blog/macbook-จอร้าว-ขายได้ไหม/,TBD,blog-md,Low,Blog,Good,3
/blog/macbook-ชาร์จไม่เข้า-ขายได้ไหม/,Blog,src/content/blog/macbook-ชาร์จไม่เข้า-ขายได้ไหม.md,,,376,yes,https://ร้านรับซื้อโน๊ตบุ๊ค.com/blog/macbook-ชาร์จไม่เข้า-ขายได้ไหม/,TBD,blog-md,Low,Blog,Good,3
/blog/macbook-ติด-mdm-ขายได้ไหม/,Blog,src/content/blog/macbook-ติด-mdm-ขายได้ไหม.md,,,104,yes,https://ร้านรับซื้อโน๊ตบุ๊ค.com/blog/macbook-ติด-mdm-ขายได้ไหม/,TBD,blog-md,Low,Blog,Good,3
/blog/macbook-แบตบวม-ขายได้ไหม/,Blog,src/content/blog/macbook-แบตบวม-ขายได้ไหม.md,,,351,yes,https://ร้านรับซื้อโน๊ตบุ๊ค.com/blog/macbook-แบตบวม-ขายได้ไหม/,TBD,blog-md,Low,Blog,Good,3
/blog/macbook-ไม่มีกล่อง-ไม่มีใบเสร็จ-ขายได้ไหม/,Blog,src/content/blog/macbook-ไม่มีกล่อง-ไม่มีใบเสร็จ-ขายได้ไหม.md,,,899,yes,https://ร้านรับซื้อโน๊ตบุ๊ค.com/blog/macbook-ไม่มีกล่อง-ไม่มีใบเสร็จ-ขายได้ไหม/,TBD,blog-md,Low,Blog,Strong,3
/blog/macbook-ไม่มีที่ชาร์จ-ขายได้ไหม/,Blog,src/content/blog/macbook-ไม่มีที่ชาร์จ-ขายได้ไหม.md,,,88,yes,https://ร้านรับซื้อโน๊ตบุ๊ค.com/blog/macbook-ไม่มีที่ชาร์จ-ขายได้ไหม/,TBD,blog-md,Low,Blog,Needs improvement,3
/blog/ram-8gb-กับ-16gb-มีผลต่อราคารับซื้อไหม/,Blog,src/content/blog/ram-8gb-กับ-16gb-มีผลต่อราคารับซื้อไหม.md,,,408,yes,https://ร้านรับซื้อโน๊ตบุ๊ค.com/blog/ram-8gb-กับ-16gb-มีผลต่อราคารับซื้อไหม/,TBD,blog-md,Low,Blog,Good,3
/blog/ssd-256gb-512gb-1tb-มีผลต่อราคาอย่างไร/,Blog,src/content/blog/ssd-256gb-512gb-1tb-มีผลต่อราคาอย่างไร.md,SSD 256GB 512GB และ 1TB มีผลต่อราคารับซื้อโน๊ตบุ๊คอย่างไร,SSD 256GB 512GB และ 1TB มีผลต่อราคารับซื้อโน๊ตบุ๊คอย่างไร,392,yes,https://ร้านรับซื้อโน๊ตบุ๊ค.com/blog/ssd-256gb-512gb-1tb-มีผลต่อราคาอย่างไร/,TBD,blog-md,Low,Blog,Strong,3
/blog/ssd-เสียขายได้ไหม/,Blog,src/content/blog/ssd-เสียขายได้ไหม.md,,,466,yes,https://ร้านรับซื้อโน๊ตบุ๊ค.com/blog/ssd-เสียขายได้ไหม/,TBD,blog-md,Low,Blog,Good,3
/blog/กรณีศึกษา-รับซื้อโน๊ตบุ๊คบอร์ดเสียช็อต-ค่าซ่อมไม่คุ้ม/,Blog,src/content/blog/กรณีศึกษา-รับซื้อโน๊ตบุ๊คบอร์ดเสียช็อต-ค่าซ่อมไม่คุ้ม.md,,,912,yes,https://ร้านรับซื้อโน๊ตบุ๊ค.com/blog/กรณีศึกษา-รับซื้อโน๊ตบุ๊คบอร์ดเสียช็อต-ค่าซ่อมไม่คุ้ม/,TBD,blog-md,Low,Blog,Strong,3
/blog/กรณีศึกษา-รับซื้อโน๊ตบุ๊คองค์กร-20-เครื่อง-ปลด-asset-tag/,Blog,src/content/blog/กรณีศึกษา-รับซื้อโน๊ตบุ๊คองค์กร-20-เครื่อง-ปลด-asset-tag.md,,,1040,yes,https://ร้านรับซื้อโน๊ตบุ๊ค.com/blog/กรณีศึกษา-รับซื้อโน๊ตบุ๊คองค์กร-20-เครื่อง-ปลด-asset-tag/,TBD,blog-md,Low,Blog,Strong,3
/blog/กรณีศึกษา-รับซื้อโน๊ตบุ๊คโดนน้ำหก-บอร์ดช็อตเปิดไม่ติด/,Blog,src/content/blog/กรณีศึกษา-รับซื้อโน๊ตบุ๊คโดนน้ำหก-บอร์ดช็อตเปิดไม่ติด.md,,,813,yes,https://ร้านรับซื้อโน๊ตบุ๊ค.com/blog/กรณีศึกษา-รับซื้อโน๊ตบุ๊คโดนน้ำหก-บอร์ดช็อตเปิดไม่ติด/,TBD,blog-md,Low,Blog,Strong,3
/blog/ก่อนขายโน๊ตบุ๊คต้องล้างข้อมูลอย่างไร/,Blog,src/content/blog/ก่อนขายโน๊ตบุ๊คต้องล้างข้อมูลอย่างไร.md,,,994,yes,https://ร้านรับซื้อโน๊ตบุ๊ค.com/blog/ก่อนขายโน๊ตบุ๊คต้องล้างข้อมูลอย่างไร/,TBD,blog-md,Low,Blog,Strong,3
/blog/ขาย-macbook-ต้องเตรียมอะไรบ้าง/,Blog,src/content/blog/ขาย-macbook-ต้องเตรียมอะไรบ้าง.md,,,2508,yes,https://ร้านรับซื้อโน๊ตบุ๊ค.com/blog/ขาย-macbook-ต้องเตรียมอะไรบ้าง/,TBD,blog-md,Low,Blog,Strong,3
/blog/ขายโน๊ตบุ๊ค-และขายโน๊ตบุ๊คมือสอง-คู่มือเตรียมเครื่องและปิดดีล/,Blog,src/content/blog/ขายโน๊ตบุ๊ค-และขายโน๊ตบุ๊คมือสอง-คู่มือเตรียมเครื่องและปิดดีล.md,,,2355,yes,https://ร้านรับซื้อโน๊ตบุ๊ค.com/blog/ขายโน๊ตบุ๊ค-และขายโน๊ตบุ๊คมือสอง-คู่มือเตรียมเครื่องและปิดดีล/,TBD,blog-md,Low,Blog,Strong,3
/blog/ขายโน๊ตบุ๊ค-ไม่มีกล่อง-ไม่มีใบเสร็จ/,Blog,src/content/blog/ขายโน๊ตบุ๊ค-ไม่มีกล่อง-ไม่มีใบเสร็จ.md,,,212,yes,https://ร้านรับซื้อโน๊ตบุ๊ค.com/blog/ขายโน๊ตบุ๊ค-ไม่มีกล่อง-ไม่มีใบเสร็จ/,TBD,blog-md,Low,Blog,Good,3
/blog/ขายโน๊ตบุ๊คที่ไหนดี-ได้ราคาและปลอดภัย/,Blog,src/content/blog/ขายโน๊ตบุ๊คที่ไหนดี-ได้ราคาและปลอดภัย.md,,,2610,yes,https://ร้านรับซื้อโน๊ตบุ๊ค.com/blog/ขายโน๊ตบุ๊คที่ไหนดี-ได้ราคาและปลอดภัย/,TBD,blog-md,Low,Blog,Strong,3
/blog/ขายโน๊ตบุ๊คนักศึกษา-ต้องล้างข้อมูลอะไรบ้าง/,Blog,src/content/blog/ขายโน๊ตบุ๊คนักศึกษา-ต้องล้างข้อมูลอะไรบ้าง.md,,,341,yes,https://ร้านรับซื้อโน๊ตบุ๊ค.com/blog/ขายโน๊ตบุ๊คนักศึกษา-ต้องล้างข้อมูลอะไรบ้าง/,TBD,blog-md,Low,Blog,Good,3
/blog/ขายโน๊ตบุ๊คบริษัท-ต้องเตรียมอะไร/,Blog,src/content/blog/ขายโน๊ตบุ๊คบริษัท-ต้องเตรียมอะไร.md,ขายโน๊ตบุ๊คบริษัท ต้องเตรียมอะไรบ้าง,ขายโน๊ตบุ๊คบริษัท ต้องเตรียมอะไรบ้าง,357,yes,https://ร้านรับซื้อโน๊ตบุ๊ค.com/blog/ขายโน๊ตบุ๊คบริษัท-ต้องเตรียมอะไร/,TBD,blog-md,Low,Blog,Strong,3
/blog/ขายโน๊ตบุ๊คมี-asset-tag-ได้ไหม/,Blog,src/content/blog/ขายโน๊ตบุ๊คมี-asset-tag-ได้ไหม.md,ขายโน๊ตบุ๊คมี Asset Tag ได้ไหม,ขายโน๊ตบุ๊คมี Asset Tag ได้ไหม,325,yes,https://ร้านรับซื้อโน๊ตบุ๊ค.com/blog/ขายโน๊ตบุ๊คมี-asset-tag-ได้ไหม/,TBD,blog-md,Low,Blog,Strong,3
/blog/ขายโน๊ตบุ๊คไม่มีกล่อง-ไม่มีที่ชาร์จ-ไม่มีใบเสร็จ-พร้อมกันได้ไหม/,Blog,src/content/blog/ขายโน๊ตบุ๊คไม่มีกล่อง-ไม่มีที่ชาร์จ-ไม่มีใบเสร็จ-พร้อมกันได้ไหม.md,ขายโน๊ตบุ๊คไม่มีกล่อง ไม่มีที่ชาร์จ ไม่มีใบเสร็จ พร้อมกันได้ไหม,ขายโน๊ตบุ๊คไม่มีกล่อง ไม่มีที่ชาร์จ ไม่มีใบเสร็จ พร้อมกันได้ไหม,287,yes,https://ร้านรับซื้อโน๊ตบุ๊ค.com/blog/ขายโน๊ตบุ๊คไม่มีกล่อง-ไม่มีที่ชาร์จ-ไม่มีใบเสร็จ-พร้อมกันได้ไหม/,TBD,blog-md,Low,Blog,Strong,3
/blog/มีรอยบุบกับรอยขีดข่วน-ราคาต่างกันไหม/,Blog,src/content/blog/มีรอยบุบกับรอยขีดข่วน-ราคาต่างกันไหม.md,มีรอยบุบกับรอยขีดข่วน ราคาต่างกันไหม,มีรอยบุบกับรอยขีดข่วน ราคาต่างกันไหม,387,yes,https://ร้านรับซื้อโน๊ตบุ๊ค.com/blog/มีรอยบุบกับรอยขีดข่วน-ราคาต่างกันไหม/,TBD,blog-md,Low,Blog,Strong,3
/blog/รับซื้อ-acer-nitro-predator-ราคาเท่าไหร่/,Blog,src/content/blog/รับซื้อ-acer-nitro-predator-ราคาเท่าไหร่.md,,,345,yes,https://ร้านรับซื้อโน๊ตบุ๊ค.com/blog/รับซื้อ-acer-nitro-predator-ราคาเท่าไหร่/,TBD,blog-md,Low,Blog,Good,3
/blog/รับซื้อ-acer-nitro-v-helios-ราคาเท่าไหร่/,Blog,src/content/blog/รับซื้อ-acer-nitro-v-helios-ราคาเท่าไหร่.md,,,186,yes,https://ร้านรับซื้อโน๊ตบุ๊ค.com/blog/รับซื้อ-acer-nitro-v-helios-ราคาเท่าไหร่/,TBD,blog-md,Low,Blog,Good,3
/blog/รับซื้อ-acer-swift-aspire-ราคาเท่าไหร่/,Blog,src/content/blog/รับซื้อ-acer-swift-aspire-ราคาเท่าไหร่.md,,,315,yes,https://ร้านรับซื้อโน๊ตบุ๊ค.com/blog/รับซื้อ-acer-swift-aspire-ราคาเท่าไหร่/,TBD,blog-md,Low,Blog,Good,3
/blog/รับซื้อ-acer-travelmate-ราคาเท่าไหร่/,Blog,src/content/blog/รับซื้อ-acer-travelmate-ราคาเท่าไหร่.md,,,353,yes,https://ร้านรับซื้อโน๊ตบุ๊ค.com/blog/รับซื้อ-acer-travelmate-ราคาเท่าไหร่/,TBD,blog-md,Low,Blog,Good,3
/blog/รับซื้อ-alienware-m16-x16-ราคาเท่าไหร่/,Blog,src/content/blog/รับซื้อ-alienware-m16-x16-ราคาเท่าไหร่.md,,,175,yes,https://ร้านรับซื้อโน๊ตบุ๊ค.com/blog/รับซื้อ-alienware-m16-x16-ราคาเท่าไหร่/,TBD,blog-md,Low,Blog,Good,3
/blog/รับซื้อ-asus-expertbook-ราคาเท่าไหร่/,Blog,src/content/blog/รับซื้อ-asus-expertbook-ราคาเท่าไหร่.md,,,345,yes,https://ร้านรับซื้อโน๊ตบุ๊ค.com/blog/รับซื้อ-asus-expertbook-ราคาเท่าไหร่/,TBD,blog-md,Low,Blog,Good,3
/blog/รับซื้อ-asus-rog-strix-zephyrus-ราคาเท่าไหร่/,Blog,src/content/blog/รับซื้อ-asus-rog-strix-zephyrus-ราคาเท่าไหร่.md,,,282,yes,https://ร้านรับซื้อโน๊ตบุ๊ค.com/blog/รับซื้อ-asus-rog-strix-zephyrus-ราคาเท่าไหร่/,TBD,blog-md,Low,Blog,Good,3
/blog/รับซื้อ-asus-tuf-rog-ราคาเท่าไหร่/,Blog,src/content/blog/รับซื้อ-asus-tuf-rog-ราคาเท่าไหร่.md,,,710,yes,https://ร้านรับซื้อโน๊ตบุ๊ค.com/blog/รับซื้อ-asus-tuf-rog-ราคาเท่าไหร่/,TBD,blog-md,Low,Blog,Strong,3
/blog/รับซื้อ-asus-zenbook-vivobook-ราคาเท่าไหร่/,Blog,src/content/blog/รับซื้อ-asus-zenbook-vivobook-ราคาเท่าไหร่.md,,,316,yes,https://ร้านรับซื้อโน๊ตบุ๊ค.com/blog/รับซื้อ-asus-zenbook-vivobook-ราคาเท่าไหร่/,TBD,blog-md,Low,Blog,Good,3
/blog/รับซื้อ-dell-alienware-g-series-ราคาเท่าไหร่/,Blog,src/content/blog/รับซื้อ-dell-alienware-g-series-ราคาเท่าไหร่.md,,,310,yes,https://ร้านรับซื้อโน๊ตบุ๊ค.com/blog/รับซื้อ-dell-alienware-g-series-ราคาเท่าไหร่/,TBD,blog-md,Low,Blog,Good,3
/blog/รับซื้อ-dell-inspiron-latitude-xps-ราคาเท่าไหร่/,Blog,src/content/blog/รับซื้อ-dell-inspiron-latitude-xps-ราคาเท่าไหร่.md,,,80,yes,https://ร้านรับซื้อโน๊ตบุ๊ค.com/blog/รับซื้อ-dell-inspiron-latitude-xps-ราคาเท่าไหร่/,TBD,blog-md,Low,Blog,Needs improvement,3
/blog/รับซื้อ-dell-latitude-xps-ราคาเท่าไหร่/,Blog,src/content/blog/รับซื้อ-dell-latitude-xps-ราคาเท่าไหร่.md,,,380,yes,https://ร้านรับซื้อโน๊ตบุ๊ค.com/blog/รับซื้อ-dell-latitude-xps-ราคาเท่าไหร่/,TBD,blog-md,Low,Blog,Good,3
/blog/รับซื้อ-dell-vostro-ราคาเท่าไหร่/,Blog,src/content/blog/รับซื้อ-dell-vostro-ราคาเท่าไหร่.md,รับซื้อ Dell Vostro ราคาเท่าไหร่,รับซื้อ Dell Vostro ราคาเท่าไหร่,93,yes,https://ร้านรับซื้อโน๊ตบุ๊ค.com/blog/รับซื้อ-dell-vostro-ราคาเท่าไหร่/,TBD,blog-md,Low,Blog,Good,3
/blog/รับซื้อ-gaming-notebook-rtx-3050-4050-4060-ราคาเท่าไหร่/,Blog,src/content/blog/รับซื้อ-gaming-notebook-rtx-3050-4050-4060-ราคาเท่าไหร่.md,,,338,yes,https://ร้านรับซื้อโน๊ตบุ๊ค.com/blog/รับซื้อ-gaming-notebook-rtx-3050-4050-4060-ราคาเท่าไหร่/,TBD,blog-md,Low,Blog,Good,3
/blog/รับซื้อ-gaming-notebook-rtx-4070-4080-4090-ราคาเท่าไหร่/,Blog,src/content/blog/รับซื้อ-gaming-notebook-rtx-4070-4080-4090-ราคาเท่าไหร่.md,,,185,yes,https://ร้านรับซื้อโน๊ตบุ๊ค.com/blog/รับซื้อ-gaming-notebook-rtx-4070-4080-4090-ราคาเท่าไหร่/,TBD,blog-md,Low,Blog,Good,3
/blog/รับซื้อ-gigabyte-aorus-ราคาเท่าไหร่/,Blog,src/content/blog/รับซื้อ-gigabyte-aorus-ราคาเท่าไหร่.md,รับซื้อ Gigabyte Aorus ราคาเท่าไหร่,รับซื้อ Gigabyte Aorus ราคาเท่าไหร่,87,yes,https://ร้านรับซื้อโน๊ตบุ๊ค.com/blog/รับซื้อ-gigabyte-aorus-ราคาเท่าไหร่/,TBD,blog-md,Low,Blog,Good,3
/blog/รับซื้อ-honor-magicbook-ราคาเท่าไหร่/,Blog,src/content/blog/รับซื้อ-honor-magicbook-ราคาเท่าไหร่.md,,,304,yes,https://ร้านรับซื้อโน๊ตบุ๊ค.com/blog/รับซื้อ-honor-magicbook-ราคาเท่าไหร่/,TBD,blog-md,Low,Blog,Good,3
/blog/รับซื้อ-hp-elitebook-probook-ราคาเท่าไหร่/,Blog,src/content/blog/รับซื้อ-hp-elitebook-probook-ราคาเท่าไหร่.md,,,369,yes,https://ร้านรับซื้อโน๊ตบุ๊ค.com/blog/รับซื้อ-hp-elitebook-probook-ราคาเท่าไหร่/,TBD,blog-md,Low,Blog,Good,3
/blog/รับซื้อ-hp-pavilion-envy-elitebook-probook-ราคาเท่าไหร่/,Blog,src/content/blog/รับซื้อ-hp-pavilion-envy-elitebook-probook-ราคาเท่าไหร่.md,,,95,yes,https://ร้านรับซื้อโน๊ตบุ๊ค.com/blog/รับซื้อ-hp-pavilion-envy-elitebook-probook-ราคาเท่าไหร่/,TBD,blog-md,Low,Blog,Good,3
/blog/รับซื้อ-hp-spectre-x360-ราคาเท่าไหร่/,Blog,src/content/blog/รับซื้อ-hp-spectre-x360-ราคาเท่าไหร่.md,รับซื้อ HP Spectre x360 ราคาเท่าไหร่,รับซื้อ HP Spectre x360 ราคาเท่าไหร่,85,yes,https://ร้านรับซื้อโน๊ตบุ๊ค.com/blog/รับซื้อ-hp-spectre-x360-ราคาเท่าไหร่/,TBD,blog-md,Low,Blog,Good,3
/blog/รับซื้อ-hp-victus-15-16-omen-16-ราคาเท่าไหร่/,Blog,src/content/blog/รับซื้อ-hp-victus-15-16-omen-16-ราคาเท่าไหร่.md,,,142,yes,https://ร้านรับซื้อโน๊ตบุ๊ค.com/blog/รับซื้อ-hp-victus-15-16-omen-16-ราคาเท่าไหร่/,TBD,blog-md,Low,Blog,Good,3
/blog/รับซื้อ-hp-victus-omen-ราคาเท่าไหร่/,Blog,src/content/blog/รับซื้อ-hp-victus-omen-ราคาเท่าไหร่.md,,,319,yes,https://ร้านรับซื้อโน๊ตบุ๊ค.com/blog/รับซื้อ-hp-victus-omen-ราคาเท่าไหร่/,TBD,blog-md,Low,Blog,Good,3
/blog/รับซื้อ-huawei-matebook-ราคาเท่าไหร่/,Blog,src/content/blog/รับซื้อ-huawei-matebook-ราคาเท่าไหร่.md,,,328,yes,https://ร้านรับซื้อโน๊ตบุ๊ค.com/blog/รับซื้อ-huawei-matebook-ราคาเท่าไหร่/,TBD,blog-md,Low,Blog,Good,3
/blog/รับซื้อ-lenovo-ideapad-yoga-ราคาเท่าไหร่/,Blog,src/content/blog/รับซื้อ-lenovo-ideapad-yoga-ราคาเท่าไหร่.md,,,87,yes,https://ร้านรับซื้อโน๊ตบุ๊ค.com/blog/รับซื้อ-lenovo-ideapad-yoga-ราคาเท่าไหร่/,TBD,blog-md,Low,Blog,Needs improvement,3
/blog/รับซื้อ-lenovo-legion-5-pro-ราคาเท่าไหร่/,Blog,src/content/blog/รับซื้อ-lenovo-legion-5-pro-ราคาเท่าไหร่.md,,,168,yes,https://ร้านรับซื้อโน๊ตบุ๊ค.com/blog/รับซื้อ-lenovo-legion-5-pro-ราคาเท่าไหร่/,TBD,blog-md,Low,Blog,Good,3
/blog/รับซื้อ-lenovo-legion-loq-ราคาเท่าไหร่/,Blog,src/content/blog/รับซื้อ-lenovo-legion-loq-ราคาเท่าไหร่.md,,,203,yes,https://ร้านรับซื้อโน๊ตบุ๊ค.com/blog/รับซื้อ-lenovo-legion-loq-ราคาเท่าไหร่/,TBD,blog-md,Low,Blog,Good,3
/blog/รับซื้อ-lenovo-thinkbook-ราคาเท่าไหร่/,Blog,src/content/blog/รับซื้อ-lenovo-thinkbook-ราคาเท่าไหร่.md,รับซื้อ Lenovo ThinkBook ราคาเท่าไหร่,รับซื้อ Lenovo ThinkBook ราคาเท่าไหร่,90,yes,https://ร้านรับซื้อโน๊ตบุ๊ค.com/blog/รับซื้อ-lenovo-thinkbook-ราคาเท่าไหร่/,TBD,blog-md,Low,Blog,Good,3
/blog/รับซื้อ-lg-gram-ราคาเท่าไหร่/,Blog,src/content/blog/รับซื้อ-lg-gram-ราคาเท่าไหร่.md,รับซื้อ LG Gram ราคาเท่าไหร่,รับซื้อ LG Gram ราคาเท่าไหร่,92,yes,https://ร้านรับซื้อโน๊ตบุ๊ค.com/blog/รับซื้อ-lg-gram-ราคาเท่าไหร่/,TBD,blog-md,Low,Blog,Good,3
/blog/รับซื้อ-macbook-air-13-15-ราคาเท่าไหร่/,Blog,src/content/blog/รับซื้อ-macbook-air-13-15-ราคาเท่าไหร่.md,,,104,yes,https://ร้านรับซื้อโน๊ตบุ๊ค.com/blog/รับซื้อ-macbook-air-13-15-ราคาเท่าไหร่/,TBD,blog-md,Low,Blog,Needs improvement,3
/blog/รับซื้อ-macbook-air-m1-ราคาเท่าไหร่/,Blog,src/content/blog/รับซื้อ-macbook-air-m1-ราคาเท่าไหร่.md,,,763,yes,https://ร้านรับซื้อโน๊ตบุ๊ค.com/blog/รับซื้อ-macbook-air-m1-ราคาเท่าไหร่/,TBD,blog-md,Low,Blog,Strong,3
/blog/รับซื้อ-macbook-air-m2-ราคาเท่าไหร่/,Blog,src/content/blog/รับซื้อ-macbook-air-m2-ราคาเท่าไหร่.md,,,263,yes,https://ร้านรับซื้อโน๊ตบุ๊ค.com/blog/รับซื้อ-macbook-air-m2-ราคาเท่าไหร่/,TBD,blog-md,Low,Blog,Good,3
/blog/รับซื้อ-macbook-air-m3-ราคาเท่าไหร่/,Blog,src/content/blog/รับซื้อ-macbook-air-m3-ราคาเท่าไหร่.md,,,237,yes,https://ร้านรับซื้อโน๊ตบุ๊ค.com/blog/รับซื้อ-macbook-air-m3-ราคาเท่าไหร่/,TBD,blog-md,Low,Blog,Good,3
/blog/รับซื้อ-macbook-air-m4-ราคาเท่าไหร่/,Blog,src/content/blog/รับซื้อ-macbook-air-m4-ราคาเท่าไหร่.md,,,232,yes,https://ร้านรับซื้อโน๊ตบุ๊ค.com/blog/รับซื้อ-macbook-air-m4-ราคาเท่าไหร่/,TBD,blog-md,Low,Blog,Good,3
/blog/รับซื้อ-macbook-air-m5-ราคาเท่าไหร่/,Blog,src/content/blog/รับซื้อ-macbook-air-m5-ราคาเท่าไหร่.md,,,270,yes,https://ร้านรับซื้อโน๊ตบุ๊ค.com/blog/รับซื้อ-macbook-air-m5-ราคาเท่าไหร่/,TBD,blog-md,Low,Blog,Good,3
/blog/รับซื้อ-macbook-pro-14-16-ราคาเท่าไหร่/,Blog,src/content/blog/รับซื้อ-macbook-pro-14-16-ราคาเท่าไหร่.md,,,103,yes,https://ร้านรับซื้อโน๊ตบุ๊ค.com/blog/รับซื้อ-macbook-pro-14-16-ราคาเท่าไหร่/,TBD,blog-md,Low,Blog,Needs improvement,3
/blog/รับซื้อ-macbook-pro-m1-ราคาเท่าไหร่/,Blog,src/content/blog/รับซื้อ-macbook-pro-m1-ราคาเท่าไหร่.md,,,211,yes,https://ร้านรับซื้อโน๊ตบุ๊ค.com/blog/รับซื้อ-macbook-pro-m1-ราคาเท่าไหร่/,TBD,blog-md,Low,Blog,Good,3
/blog/รับซื้อ-macbook-pro-m2-ราคาเท่าไหร่/,Blog,src/content/blog/รับซื้อ-macbook-pro-m2-ราคาเท่าไหร่.md,,,208,yes,https://ร้านรับซื้อโน๊ตบุ๊ค.com/blog/รับซื้อ-macbook-pro-m2-ราคาเท่าไหร่/,TBD,blog-md,Low,Blog,Good,3
/blog/รับซื้อ-macbook-pro-m3-ราคาเท่าไหร่/,Blog,src/content/blog/รับซื้อ-macbook-pro-m3-ราคาเท่าไหร่.md,,,205,yes,https://ร้านรับซื้อโน๊ตบุ๊ค.com/blog/รับซื้อ-macbook-pro-m3-ราคาเท่าไหร่/,TBD,blog-md,Low,Blog,Good,3
/blog/รับซื้อ-macbook-pro-m4-ราคาเท่าไหร่/,Blog,src/content/blog/รับซื้อ-macbook-pro-m4-ราคาเท่าไหร่.md,,,213,yes,https://ร้านรับซื้อโน๊ตบุ๊ค.com/blog/รับซื้อ-macbook-pro-m4-ราคาเท่าไหร่/,TBD,blog-md,Low,Blog,Good,3
/blog/รับซื้อ-macbook-pro-m5-ราคาเท่าไหร่/,Blog,src/content/blog/รับซื้อ-macbook-pro-m5-ราคาเท่าไหร่.md,,,219,yes,https://ร้านรับซื้อโน๊ตบุ๊ค.com/blog/รับซื้อ-macbook-pro-m5-ราคาเท่าไหร่/,TBD,blog-md,Low,Blog,Good,3
/blog/รับซื้อ-msi-katana-15-cyborg-15-stealth-ราคาเท่าไหร่/,Blog,src/content/blog/รับซื้อ-msi-katana-15-cyborg-15-stealth-ราคาเท่าไหร่.md,,,156,yes,https://ร้านรับซื้อโน๊ตบุ๊ค.com/blog/รับซื้อ-msi-katana-15-cyborg-15-stealth-ราคาเท่าไหร่/,TBD,blog-md,Low,Blog,Good,3
/blog/รับซื้อ-msi-katana-cyborg-stealth-raider-ราคาเท่าไหร่/,Blog,src/content/blog/รับซื้อ-msi-katana-cyborg-stealth-raider-ราคาเท่าไหร่.md,,,202,yes,https://ร้านรับซื้อโน๊ตบุ๊ค.com/blog/รับซื้อ-msi-katana-cyborg-stealth-raider-ราคาเท่าไหร่/,TBD,blog-md,Low,Blog,Good,3
/blog/รับซื้อ-msi-modern-ราคาเท่าไหร่/,Blog,src/content/blog/รับซื้อ-msi-modern-ราคาเท่าไหร่.md,รับซื้อ MSI Modern ราคาเท่าไหร่,รับซื้อ MSI Modern ราคาเท่าไหร่,84,yes,https://ร้านรับซื้อโน๊ตบุ๊ค.com/blog/รับซื้อ-msi-modern-ราคาเท่าไหร่/,TBD,blog-md,Low,Blog,Good,3
/blog/รับซื้อ-notebook-คู่มือผู้ขายจากสเปกถึงการนัดรับ/,Blog,src/content/blog/รับซื้อ-notebook-คู่มือผู้ขายจากสเปกถึงการนัดรับ.md,,,2203,yes,https://ร้านรับซื้อโน๊ตบุ๊ค.com/blog/รับซื้อ-notebook-คู่มือผู้ขายจากสเปกถึงการนัดรับ/,TBD,blog-md,Low,Blog,Strong,3
/blog/รับซื้อ-razer-blade-ราคาเท่าไหร่/,Blog,src/content/blog/รับซื้อ-razer-blade-ราคาเท่าไหร่.md,รับซื้อ Razer Blade ราคาเท่าไหร่,รับซื้อ Razer Blade ราคาเท่าไหร่,89,yes,https://ร้านรับซื้อโน๊ตบุ๊ค.com/blog/รับซื้อ-razer-blade-ราคาเท่าไหร่/,TBD,blog-md,Low,Blog,Good,3
/blog/รับซื้อ-samsung-galaxy-book-ราคาเท่าไหร่/,Blog,src/content/blog/รับซื้อ-samsung-galaxy-book-ราคาเท่าไหร่.md,รับซื้อ Samsung Galaxy Book ราคาเท่าไหร่,รับซื้อ Samsung Galaxy Book ราคาเท่าไหร่,76,yes,https://ร้านรับซื้อโน๊ตบุ๊ค.com/blog/รับซื้อ-samsung-galaxy-book-ราคาเท่าไหร่/,TBD,blog-md,Low,Blog,Good,3
/blog/รับซื้อ-surface-laptop-go-book-pro-ราคาเท่าไหร่/,Blog,src/content/blog/รับซื้อ-surface-laptop-go-book-pro-ราคาเท่าไหร่.md,,,85,yes,https://ร้านรับซื้อโน๊ตบุ๊ค.com/blog/รับซื้อ-surface-laptop-go-book-pro-ราคาเท่าไหร่/,TBD,blog-md,Low,Blog,Needs improvement,3
/blog/รับซื้อ-surface-laptop-pro-ราคาเท่าไหร่/,Blog,src/content/blog/รับซื้อ-surface-laptop-pro-ราคาเท่าไหร่.md,,,342,yes,https://ร้านรับซื้อโน๊ตบุ๊ค.com/blog/รับซื้อ-surface-laptop-pro-ราคาเท่าไหร่/,TBD,blog-md,Low,Blog,Good,3
/blog/รับซื้อ-thinkpad-x1-carbon-t14-e14-e15-ราคาเท่าไหร่/,Blog,src/content/blog/รับซื้อ-thinkpad-x1-carbon-t14-e14-e15-ราคาเท่าไหร่.md,,,354,yes,https://ร้านรับซื้อโน๊ตบุ๊ค.com/blog/รับซื้อ-thinkpad-x1-carbon-t14-e14-e15-ราคาเท่าไหร่/,TBD,blog-md,Low,Blog,Good,3
/blog/รับซื้อโน๊ตบุ๊ค-core-i5-i7-ryzen-5-7-ราคาเท่าไหร่/,Blog,src/content/blog/รับซื้อโน๊ตบุ๊ค-core-i5-i7-ryzen-5-7-ราคาเท่าไหร่.md,,,934,yes,https://ร้านรับซื้อโน๊ตบุ๊ค.com/blog/รับซื้อโน๊ตบุ๊ค-core-i5-i7-ryzen-5-7-ราคาเท่าไหร่/,TBD,blog-md,Low,Blog,Strong,3
/blog/รับซื้อโน๊ตบุ๊ค-คู่มือครบวงจรสำหรับผู้ขาย/,Blog,src/content/blog/รับซื้อโน๊ตบุ๊ค-คู่มือครบวงจรสำหรับผู้ขาย.md,,,2398,yes,https://ร้านรับซื้อโน๊ตบุ๊ค.com/blog/รับซื้อโน๊ตบุ๊ค-คู่มือครบวงจรสำหรับผู้ขาย/,TBD,blog-md,Low,Blog,Strong,3
/blog/รับซื้อโน๊ตบุ๊ค-ราคาเท่าไหร่/,Blog,src/content/blog/รับซื้อโน๊ตบุ๊ค-ราคาเท่าไหร่.md,,,799,yes,https://ร้านรับซื้อโน๊ตบุ๊ค.com/blog/รับซื้อโน๊ตบุ๊ค-ราคาเท่าไหร่/,TBD,blog-md,Low,Blog,Strong,3
/blog/รับซื้อโน๊ตบุ๊คมือสอง-คู่มือผู้ขายฉบับลึก/,Blog,src/content/blog/รับซื้อโน๊ตบุ๊คมือสอง-คู่มือผู้ขายฉบับลึก.md,,,2219,yes,https://ร้านรับซื้อโน๊ตบุ๊ค.com/blog/รับซื้อโน๊ตบุ๊คมือสอง-คู่มือผู้ขายฉบับลึก/,TBD,blog-md,Low,Blog,Strong,3
/blog/รับซื้อโน๊ตบุ๊คออนไลน์-ส่งรูปประเมินราคาผ่านไลน์/,Blog,src/content/blog/รับซื้อโน๊ตบุ๊คออนไลน์-ส่งรูปประเมินราคาผ่านไลน์.md,,,227,yes,https://ร้านรับซื้อโน๊ตบุ๊ค.com/blog/รับซื้อโน๊ตบุ๊คออนไลน์-ส่งรูปประเมินราคาผ่านไลน์/,TBD,blog-md,Low,Blog,Good,3
/blog/ร้านรับซื้อโน๊ตบุ๊ค-วิธีเลือกร้านที่ปลอดภัยและไม่โดนหลอก/,Blog,src/content/blog/ร้านรับซื้อโน๊ตบุ๊ค-วิธีเลือกร้านที่ปลอดภัยและไม่โดนหลอก.md,,,2409,yes,https://ร้านรับซื้อโน๊ตบุ๊ค.com/blog/ร้านรับซื้อโน๊ตบุ๊ค-วิธีเลือกร้านที่ปลอดภัยและไม่โดนหลอก/,TBD,blog-md,Low,Blog,Strong,3
/blog/ร้านรับซื้อโน๊ตบุ๊ค-เช็คราคาโน๊ตบุ๊ค-ประเมินราคา-คีย์หลัก/,Blog,src/content/blog/ร้านรับซื้อโน๊ตบุ๊ค-เช็คราคาโน๊ตบุ๊ค-ประเมินราคา-คีย์หลัก.md,,,737,yes,https://ร้านรับซื้อโน๊ตบุ๊ค.com/blog/ร้านรับซื้อโน๊ตบุ๊ค-เช็คราคาโน๊ตบุ๊ค-ประเมินราคา-คีย์หลัก/,TBD,blog-md,Low,Blog,Strong,3
/blog/วิธีดูรุ่นโน๊ตบุ๊ค-windows-ก่อนส่งประเมินราคา/,Blog,src/content/blog/วิธีดูรุ่นโน๊ตบุ๊ค-windows-ก่อนส่งประเมินราคา.md,,,1020,yes,https://ร้านรับซื้อโน๊ตบุ๊ค.com/blog/วิธีดูรุ่นโน๊ตบุ๊ค-windows-ก่อนส่งประเมินราคา/,TBD,blog-md,Low,Blog,Strong,3
/blog/วิธีดูสเปก-cpu-ram-ssd-ของโน๊ตบุ๊ค/,Blog,src/content/blog/วิธีดูสเปก-cpu-ram-ssd-ของโน๊ตบุ๊ค.md,,,954,yes,https://ร้านรับซื้อโน๊ตบุ๊ค.com/blog/วิธีดูสเปก-cpu-ram-ssd-ของโน๊ตบุ๊ค/,TBD,blog-md,Low,Blog,Strong,3
/blog/วิธีเช็คสุขภาพแบตโน๊ตบุ๊ค-windows/,Blog,src/content/blog/วิธีเช็คสุขภาพแบตโน๊ตบุ๊ค-windows.md,,,598,yes,https://ร้านรับซื้อโน๊ตบุ๊ค.com/blog/วิธีเช็คสุขภาพแบตโน๊ตบุ๊ค-windows/,TBD,blog-md,Low,Blog,Strong,3
/blog/วิธีเช็คสเปกโน๊ตบุ๊ค-windows-ก่อนขาย/,Blog,src/content/blog/วิธีเช็คสเปกโน๊ตบุ๊ค-windows-ก่อนขาย.md,,,180,yes,https://ร้านรับซื้อโน๊ตบุ๊ค.com/blog/วิธีเช็คสเปกโน๊ตบุ๊ค-windows-ก่อนขาย/,TBD,blog-md,Low,Blog,Good,3
/blog/อะไรทำให้ราคาโน๊ตบุ๊คมือสองลดลง/,Blog,src/content/blog/อะไรทำให้ราคาโน๊ตบุ๊คมือสองลดลง.md,,,863,yes,https://ร้านรับซื้อโน๊ตบุ๊ค.com/blog/อะไรทำให้ราคาโน๊ตบุ๊คมือสองลดลง/,TBD,blog-md,Low,Blog,Strong,3
/blog/ฮาร์ดดิสก์กับ-ssd-ผลต่อราคารับซื้อโน๊ตบุ๊คมือสอง/,Blog,src/content/blog/ฮาร์ดดิสก์กับ-ssd-ผลต่อราคารับซื้อโน๊ตบุ๊คมือสอง.md,,,416,yes,https://ร้านรับซื้อโน๊ตบุ๊ค.com/blog/ฮาร์ดดิสก์กับ-ssd-ผลต่อราคารับซื้อโน๊ตบุ๊คมือสอง/,TBD,blog-md,Low,Blog,Good,3
/blog/ฮาร์ดดิสก์เสียขายได้ไหม/,Blog,src/content/blog/ฮาร์ดดิสก์เสียขายได้ไหม.md,,,427,yes,https://ร้านรับซื้อโน๊ตบุ๊ค.com/blog/ฮาร์ดดิสก์เสียขายได้ไหม/,TBD,blog-md,Low,Blog,Good,3
/blog/เช็คราคาโน๊ตบุ๊ค-ตีราคาโน๊ตบุ๊ค-ประเมินราคา-ต่างกันอย่างไร/,Blog,src/content/blog/เช็คราคาโน๊ตบุ๊ค-ตีราคาโน๊ตบุ๊ค-ประเมินราคา-ต่างกันอย่างไร.md,,,2303,yes,https://ร้านรับซื้อโน๊ตบุ๊ค.com/blog/เช็คราคาโน๊ตบุ๊ค-ตีราคาโน๊ตบุ๊ค-ประเมินราคา-ต่างกันอย่างไร/,TBD,blog-md,Low,Blog,Strong,3
/blog/เช็คลิสต์ถ่ายรูปโน๊ตบุ๊คก่อนส่งประเมินราคา/,Blog,src/content/blog/เช็คลิสต์ถ่ายรูปโน๊ตบุ๊คก่อนส่งประเมินราคา.md,,,400,yes,https://ร้านรับซื้อโน๊ตบุ๊ค.com/blog/เช็คลิสต์ถ่ายรูปโน๊ตบุ๊คก่อนส่งประเมินราคา/,TBD,blog-md,Low,Blog,Good,3
/blog/โน๊ตบุ๊ค-hdmi-เสียขายได้ไหม/,Blog,src/content/blog/โน๊ตบุ๊ค-hdmi-เสียขายได้ไหม.md,,,393,yes,https://ร้านรับซื้อโน๊ตบุ๊ค.com/blog/โน๊ตบุ๊ค-hdmi-เสียขายได้ไหม/,TBD,blog-md,Low,Blog,Good,3
/blog/โน๊ตบุ๊คคีย์บอร์ดเสียขายได้ไหม/,Blog,src/content/blog/โน๊ตบุ๊คคีย์บอร์ดเสียขายได้ไหม.md,,,562,yes,https://ร้านรับซื้อโน๊ตบุ๊ค.com/blog/โน๊ตบุ๊คคีย์บอร์ดเสียขายได้ไหม/,TBD,blog-md,Low,Blog,Strong,3
/blog/โน๊ตบุ๊คค้างบ่อยขายได้ไหม/,Blog,src/content/blog/โน๊ตบุ๊คค้างบ่อยขายได้ไหม.md,,,406,yes,https://ร้านรับซื้อโน๊ตบุ๊ค.com/blog/โน๊ตบุ๊คค้างบ่อยขายได้ไหม/,TBD,blog-md,Low,Blog,Good,3
/blog/โน๊ตบุ๊คจอกระพริบขายได้ไหม/,Blog,src/content/blog/โน๊ตบุ๊คจอกระพริบขายได้ไหม.md,โน๊ตบุ๊คจอกระพริบขายได้ไหม (จอติดบ้างดับบ้าง ภาพสั่น สีเพี้ยน),โน๊ตบุ๊คจอกระพริบขายได้ไหม (จอติดบ้างดับบ้าง ภาพสั่น สีเพี้ยน),474,yes,https://ร้านรับซื้อโน๊ตบุ๊ค.com/blog/โน๊ตบุ๊คจอกระพริบขายได้ไหม/,TBD,blog-md,Low,Blog,Strong,3
/blog/โน๊ตบุ๊คจอฟ้าขายได้ไหม/,Blog,src/content/blog/โน๊ตบุ๊คจอฟ้าขายได้ไหม.md,,,371,yes,https://ร้านรับซื้อโน๊ตบุ๊ค.com/blog/โน๊ตบุ๊คจอฟ้าขายได้ไหม/,TBD,blog-md,Low,Blog,Good,3
/blog/โน๊ตบุ๊คจอมีเส้นขายได้ไหม/,Blog,src/content/blog/โน๊ตบุ๊คจอมีเส้นขายได้ไหม.md,โน๊ตบุ๊คจอมีเส้นขายได้ไหม (เส้นแนวตั้ง แนวนอน สีเพี้ยน),โน๊ตบุ๊คจอมีเส้นขายได้ไหม (เส้นแนวตั้ง แนวนอน สีเพี้ยน),327,yes,https://ร้านรับซื้อโน๊ตบุ๊ค.com/blog/โน๊ตบุ๊คจอมีเส้นขายได้ไหม/,TBD,blog-md,Low,Blog,Strong,3
/blog/โน๊ตบุ๊คจอแตกยังมีราคาไหม/,Blog,src/content/blog/โน๊ตบุ๊คจอแตกยังมีราคาไหม.md,,,2370,yes,https://ร้านรับซื้อโน๊ตบุ๊ค.com/blog/โน๊ตบุ๊คจอแตกยังมีราคาไหม/,TBD,blog-md,Low,Blog,Strong,3
/blog/โน๊ตบุ๊คจอไม่ติดแต่เครื่องติดขายได้ไหม/,Blog,src/content/blog/โน๊ตบุ๊คจอไม่ติดแต่เครื่องติดขายได้ไหม.md,,,342,yes,https://ร้านรับซื้อโน๊ตบุ๊ค.com/blog/โน๊ตบุ๊คจอไม่ติดแต่เครื่องติดขายได้ไหม/,TBD,blog-md,Low,Blog,Good,3
/blog/โน๊ตบุ๊คชาร์จไม่เข้า-พอร์ตชาร์จเสียขายได้ไหม/,Blog,src/content/blog/โน๊ตบุ๊คชาร์จไม่เข้า-พอร์ตชาร์จเสียขายได้ไหม.md,,,535,yes,https://ร้านรับซื้อโน๊ตบุ๊ค.com/blog/โน๊ตบุ๊คชาร์จไม่เข้า-พอร์ตชาร์จเสียขายได้ไหม/,TBD,blog-md,Low,Blog,Strong,3
/blog/โน๊ตบุ๊คช่องหูฟังเสียขายได้ไหม/,Blog,src/content/blog/โน๊ตบุ๊คช่องหูฟังเสียขายได้ไหม.md,,,367,yes,https://ร้านรับซื้อโน๊ตบุ๊ค.com/blog/โน๊ตบุ๊คช่องหูฟังเสียขายได้ไหม/,TBD,blog-md,Low,Blog,Good,3
/blog/โน๊ตบุ๊คติดรหัส-windows-ขายได้ไหม/,Blog,src/content/blog/โน๊ตบุ๊คติดรหัส-windows-ขายได้ไหม.md,,,292,yes,https://ร้านรับซื้อโน๊ตบุ๊ค.com/blog/โน๊ตบุ๊คติดรหัส-windows-ขายได้ไหม/,TBD,blog-md,Low,Blog,Good,3
/blog/โน๊ตบุ๊คทัชสกรีนเสียขายได้ไหม/,Blog,src/content/blog/โน๊ตบุ๊คทัชสกรีนเสียขายได้ไหม.md,,,367,yes,https://ร้านรับซื้อโน๊ตบุ๊ค.com/blog/โน๊ตบุ๊คทัชสกรีนเสียขายได้ไหม/,TBD,blog-md,Low,Blog,Good,3
/blog/โน๊ตบุ๊คบลูทูธใช้ไม่ได้ขายได้ไหม/,Blog,src/content/blog/โน๊ตบุ๊คบลูทูธใช้ไม่ได้ขายได้ไหม.md,,,337,yes,https://ร้านรับซื้อโน๊ตบุ๊ค.com/blog/โน๊ตบุ๊คบลูทูธใช้ไม่ได้ขายได้ไหม/,TBD,blog-md,Low,Blog,Good,3
/blog/โน๊ตบุ๊คบอดี้แตกขายได้ไหม/,Blog,src/content/blog/โน๊ตบุ๊คบอดี้แตกขายได้ไหม.md,,,344,yes,https://ร้านรับซื้อโน๊ตบุ๊ค.com/blog/โน๊ตบุ๊คบอดี้แตกขายได้ไหม/,TBD,blog-md,Low,Blog,Good,3
/blog/โน๊ตบุ๊คบานพับแตกขายได้ไหม/,Blog,src/content/blog/โน๊ตบุ๊คบานพับแตกขายได้ไหม.md,โน๊ตบุ๊คบานพับแตกขายได้ไหม (เปิดปิดฝืด ฝาร้าว ขอบจออ้า),โน๊ตบุ๊คบานพับแตกขายได้ไหม (เปิดปิดฝืด ฝาร้าว ขอบจออ้า),400,yes,https://ร้านรับซื้อโน๊ตบุ๊ค.com/blog/โน๊ตบุ๊คบานพับแตกขายได้ไหม/,TBD,blog-md,Low,Blog,Strong,3
/blog/โน๊ตบุ๊คบูตวนขายได้ไหม/,Blog,src/content/blog/โน๊ตบุ๊คบูตวนขายได้ไหม.md,,,341,yes,https://ร้านรับซื้อโน๊ตบุ๊ค.com/blog/โน๊ตบุ๊คบูตวนขายได้ไหม/,TBD,blog-md,Low,Blog,Good,3
/blog/โน๊ตบุ๊คฝาหลังบวมขายได้ไหม/,Blog,src/content/blog/โน๊ตบุ๊คฝาหลังบวมขายได้ไหม.md,,,363,yes,https://ร้านรับซื้อโน๊ตบุ๊ค.com/blog/โน๊ตบุ๊คฝาหลังบวมขายได้ไหม/,TBD,blog-md,Low,Blog,Good,3
/blog/โน๊ตบุ๊คฝาหลังร้าวขายได้ไหม/,Blog,src/content/blog/โน๊ตบุ๊คฝาหลังร้าวขายได้ไหม.md,โน๊ตบุ๊คฝาหลังร้าวขายได้ไหม (ฝาแตก มุมบิ่น โครงแยก),โน๊ตบุ๊คฝาหลังร้าวขายได้ไหม (ฝาแตก มุมบิ่น โครงแยก),360,yes,https://ร้านรับซื้อโน๊ตบุ๊ค.com/blog/โน๊ตบุ๊คฝาหลังร้าวขายได้ไหม/,TBD,blog-md,Low,Blog,Strong,3
/blog/โน๊ตบุ๊คพอร์ต-type-c-เสียขายได้ไหม/,Blog,src/content/blog/โน๊ตบุ๊คพอร์ต-type-c-เสียขายได้ไหม.md,,,370,yes,https://ร้านรับซื้อโน๊ตบุ๊ค.com/blog/โน๊ตบุ๊คพอร์ต-type-c-เสียขายได้ไหม/,TBD,blog-md,Low,Blog,Good,3
/blog/โน๊ตบุ๊คพอร์ตแลนเสียขายได้ไหม/,Blog,src/content/blog/โน๊ตบุ๊คพอร์ตแลนเสียขายได้ไหม.md,,,343,yes,https://ร้านรับซื้อโน๊ตบุ๊ค.com/blog/โน๊ตบุ๊คพอร์ตแลนเสียขายได้ไหม/,TBD,blog-md,Low,Blog,Good,3
/blog/โน๊ตบุ๊คพัดลมดังขายได้ไหม/,Blog,src/content/blog/โน๊ตบุ๊คพัดลมดังขายได้ไหม.md,,,357,yes,https://ร้านรับซื้อโน๊ตบุ๊ค.com/blog/โน๊ตบุ๊คพัดลมดังขายได้ไหม/,TBD,blog-md,Low,Blog,Good,3
/blog/โน๊ตบุ๊คมีประกันเหลือ-ขายมือสองได้เปรียบเรื่องราคาไหม/,Blog,src/content/blog/โน๊ตบุ๊คมีประกันเหลือ-ขายมือสองได้เปรียบเรื่องราคาไหม.md,,,446,yes,https://ร้านรับซื้อโน๊ตบุ๊ค.com/blog/โน๊ตบุ๊คมีประกันเหลือ-ขายมือสองได้เปรียบเรื่องราคาไหม/,TBD,blog-md,Low,Blog,Good,3
/blog/โน๊ตบุ๊ครีสตาร์ทเองขายได้ไหม/,Blog,src/content/blog/โน๊ตบุ๊ครีสตาร์ทเองขายได้ไหม.md,,,325,yes,https://ร้านรับซื้อโน๊ตบุ๊ค.com/blog/โน๊ตบุ๊ครีสตาร์ทเองขายได้ไหม/,TBD,blog-md,Low,Blog,Good,3
/blog/โน๊ตบุ๊คร้อนจัดดับเองขายได้ไหม/,Blog,src/content/blog/โน๊ตบุ๊คร้อนจัดดับเองขายได้ไหม.md,,,398,yes,https://ร้านรับซื้อโน๊ตบุ๊ค.com/blog/โน๊ตบุ๊คร้อนจัดดับเองขายได้ไหม/,TBD,blog-md,Low,Blog,Good,3
/blog/โน๊ตบุ๊คเปิดไม่ติดขายได้ไหม/,Blog,src/content/blog/โน๊ตบุ๊คเปิดไม่ติดขายได้ไหม.md,,,2481,yes,https://ร้านรับซื้อโน๊ตบุ๊ค.com/blog/โน๊ตบุ๊คเปิดไม่ติดขายได้ไหม/,TBD,blog-md,Low,Blog,Strong,3
/blog/โน๊ตบุ๊คเสียขายได้ไหม/,Blog,src/content/blog/โน๊ตบุ๊คเสียขายได้ไหม.md,,,997,yes,https://ร้านรับซื้อโน๊ตบุ๊ค.com/blog/โน๊ตบุ๊คเสียขายได้ไหม/,TBD,blog-md,Low,Blog,Strong,3
/blog/โน๊ตบุ๊คแบตบวมขายได้ไหม/,Blog,src/content/blog/โน๊ตบุ๊คแบตบวมขายได้ไหม.md,,,559,yes,https://ร้านรับซื้อโน๊ตบุ๊ค.com/blog/โน๊ตบุ๊คแบตบวมขายได้ไหม/,TBD,blog-md,Low,Blog,Strong,3
/blog/โน๊ตบุ๊คแบตเสื่อมขายได้ไหม/,Blog,src/content/blog/โน๊ตบุ๊คแบตเสื่อมขายได้ไหม.md,,,2466,yes,https://ร้านรับซื้อโน๊ตบุ๊ค.com/blog/โน๊ตบุ๊คแบตเสื่อมขายได้ไหม/,TBD,blog-md,Low,Blog,Strong,3
/blog/โน๊ตบุ๊คโดนน้ำขายได้ไหม/,Blog,src/content/blog/โน๊ตบุ๊คโดนน้ำขายได้ไหม.md,โน๊ตบุ๊คโดนน้ำขายได้ไหม (น้ำหก ความชื้นเข้า เปิดติดบ้างไม่ติดบ้าง),โน๊ตบุ๊คโดนน้ำขายได้ไหม (น้ำหก ความชื้นเข้า เปิดติดบ้างไม่ติดบ้าง),387,yes,https://ร้านรับซื้อโน๊ตบุ๊ค.com/blog/โน๊ตบุ๊คโดนน้ำขายได้ไหม/,TBD,blog-md,Low,Blog,Strong,3
/blog/โน๊ตบุ๊คไฟไม่เข้าขายได้ไหม/,Blog,src/content/blog/โน๊ตบุ๊คไฟไม่เข้าขายได้ไหม.md,,,378,yes,https://ร้านรับซื้อโน๊ตบุ๊ค.com/blog/โน๊ตบุ๊คไฟไม่เข้าขายได้ไหม/,TBD,blog-md,Low,Blog,Good,3
/blog/โน๊ตบุ๊คไม่มีที่ชาร์จขายได้ไหม/,Blog,src/content/blog/โน๊ตบุ๊คไม่มีที่ชาร์จขายได้ไหม.md,,,170,yes,https://ร้านรับซื้อโน๊ตบุ๊ค.com/blog/โน๊ตบุ๊คไม่มีที่ชาร์จขายได้ไหม/,TBD,blog-md,Low,Blog,Good,3
/รับซื้อโน๊ตบุ๊ค/{location}/{brand|condition}/,Noindex combo,src/pages/รับซื้อโน๊ตบุ๊ค/[location]/[slug].astro,generated,generated,0,no (Tier C / sitemap excluded),self or parent (see route),TBD,combo-template,Critical,Long-tail geo×topic,Critical thin/template,99