url,http_status,pass,notes
https://xn--42cn4aobed0eb6hubj4es0m5dhvd.com/,200,PASS,
https://xn--42cn4aobed0eb6hubj4es0m5dhvd.com/%E0%B8%9E%E0%B8%B7%E0%B9%89%E0%B8%99%E0%B8%97%E0%B8%B5%E0%B9%88%E0%B9%83%E0%B8%AB%E0%B9%89%E0%B8%9A%E0%B8%A3%E0%B8%B4%E0%B8%81%E0%B8%B2%E0%B8%A3/,200,PASS,
https://xn--42cn4aobed0eb6hubj4es0m5dhvd.com/%E0%B8%82%E0%B8%B1%E0%B9%89%E0%B8%99%E0%B8%95%E0%B8%AD%E0%B8%99%E0%B9%81%E0%B8%A5%E0%B8%B0%E0%B9%80%E0%B8%87%E0%B8%B7%E0%B9%88%E0%B8%AD%E0%B8%99%E0%B9%84%E0%B8%82%E0%B8%81%E0%B8%B2%E0%B8%A3%E0%B9%83%E0%B8%AB%E0%B9%89%E0%B8%9A%E0%B8%A3%E0%B8%B4%E0%B8%81%E0%B8%B2%E0%B8%A3/,200,PASS,
https://xn--42cn4aobed0eb6hubj4es0m5dhvd.com/%E0%B8%82%E0%B8%B2%E0%B8%A2%E0%B9%82%E0%B8%99%E0%B9%8A%E0%B8%95%E0%B8%9A%E0%B8%B8%E0%B9%8A%E0%B8%84/,200,PASS,
https://xn--42cn4aobed0eb6hubj4es0m5dhvd.com/%E0%B8%82%E0%B8%B2%E0%B8%A2%E0%B9%82%E0%B8%99%E0%B9%8A%E0%B8%95%E0%B8%9A%E0%B8%B8%E0%B9%8A%E0%B8%84%E0%B8%94%E0%B9%88%E0%B8%A7%E0%B8%99/,200,PASS,
https://xn--42cn4aobed0eb6hubj4es0m5dhvd.com/%E0%B8%84%E0%B8%B3%E0%B8%96%E0%B8%B2%E0%B8%A1%E0%B8%97%E0%B8%B5%E0%B9%88%E0%B8%9E%E0%B8%9A%E0%B8%9A%E0%B9%88%E0%B8%AD%E0%B8%A2/,200,PASS,
https://xn--42cn4aobed0eb6hubj4es0m5dhvd.com/%E0%B8%95%E0%B8%B4%E0%B8%94%E0%B8%95%E0%B9%88%E0%B8%AD%E0%B9%80%E0%B8%A3%E0%B8%B2/,200,PASS,
https://xn--42cn4aobed0eb6hubj4es0m5dhvd.com/%E0%B8%95%E0%B8%B5%E0%B8%A3%E0%B8%B2%E0%B8%84%E0%B8%B2%E0%B9%82%E0%B8%99%E0%B9%8A%E0%B8%95%E0%B8%9A%E0%B8%B8%E0%B9%8A%E0%B8%84/,200,PASS,
https://xn--42cn4aobed0eb6hubj4es0m5dhvd.com/%E0%B8%99%E0%B9%82%E0%B8%A2%E0%B8%9A%E0%B8%B2%E0%B8%A2%E0%B8%84%E0%B8%A7%E0%B8%B2%E0%B8%A1%E0%B9%80%E0%B8%9B%E0%B9%87%E0%B8%99%E0%B8%AA%E0%B9%88%E0%B8%A7%E0%B8%99%E0%B8%95%E0%B8%B1%E0%B8%A7/,200,PASS,
https://xn--42cn4aobed0eb6hubj4es0m5dhvd.com/%E0%B8%A3%E0%B8%B1%E0%B8%9A%E0%B8%8B%E0%B8%B7%E0%B9%89%E0%B8%AD-notebook/,200,PASS,
https://xn--42cn4aobed0eb6hubj4es0m5dhvd.com/%E0%B8%A3%E0%B8%B1%E0%B8%9A%E0%B8%8B%E0%B8%B7%E0%B9%89%E0%B8%AD%E0%B9%82%E0%B8%99%E0%B9%8A%E0%B8%95%E0%B8%9A%E0%B8%B8%E0%B9%8A%E0%B8%84/%E0%B8%8A%E0%B8%A5%E0%B8%9A%E0%B8%B8%E0%B8%A3%E0%B8%B5/,200,PASS,
https://xn--42cn4aobed0eb6hubj4es0m5dhvd.com/%E0%B8%A3%E0%B8%B1%E0%B8%9A%E0%B8%8B%E0%B8%B7%E0%B9%89%E0%B8%AD%E0%B9%82%E0%B8%99%E0%B9%8A%E0%B8%95%E0%B8%9A%E0%B8%B8%E0%B9%8A%E0%B8%84/%E0%B8%8A%E0%B8%B1%E0%B8%A2%E0%B8%99%E0%B8%B2%E0%B8%97/,200,PASS,
https://xn--42cn4aobed0eb6hubj4es0m5dhvd.com/%E0%B8%A3%E0%B8%B1%E0%B8%9A%E0%B8%8B%E0%B8%B7%E0%B9%89%E0%B8%AD%E0%B9%82%E0%B8%99%E0%B9%8A%E0%B8%95%E0%B8%9A%E0%B8%B8%E0%B9%8A%E0%B8%84/%E0%B8%8A%E0%B8%B1%E0%B8%A2%E0%B8%A0%E0%B8%B9%E0%B8%A1%E0%B8%B4/,200,PASS,
https://xn--42cn4aobed0eb6hubj4es0m5dhvd.com/%E0%B8%A3%E0%B8%B1%E0%B8%9A%E0%B8%8B%E0%B8%B7%E0%B9%89%E0%B8%AD%E0%B9%82%E0%B8%99%E0%B9%8A%E0%B8%95%E0%B8%9A%E0%B8%B8%E0%B9%8A%E0%B8%84/%E0%B8%8A%E0%B8%B8%E0%B8%A1%E0%B8%9E%E0%B8%A3/,200,PASS,
https://xn--42cn4aobed0eb6hubj4es0m5dhvd.com/%E0%B8%A3%E0%B8%B1%E0%B8%9A%E0%B8%8B%E0%B8%B7%E0%B9%89%E0%B8%AD%E0%B9%82%E0%B8%99%E0%B9%8A%E0%B8%95%E0%B8%9A%E0%B8%B8%E0%B9%8A%E0%B8%84/%E0%B8%8A%E0%B9%88%E0%B8%AD%E0%B8%87%E0%B8%AB%E0%B8%B9%E0%B8%9F%E0%B8%B1%E0%B8%87%E0%B9%80%E0%B8%AA%E0%B8%B5%E0%B8%A2/,200,PASS,
https://xn--42cn4aobed0eb6hubj4es0m5dhvd.com/%E0%B8%A3%E0%B8%B1%E0%B8%9A%E0%B8%8B%E0%B8%B7%E0%B9%89%E0%B8%AD%E0%B9%82%E0%B8%99%E0%B9%8A%E0%B8%95%E0%B8%9A%E0%B8%B8%E0%B9%8A%E0%B8%84/%E0%B8%9A%E0%B8%A5%E0%B8%B9%E0%B8%97%E0%B8%B9%E0%B8%98%E0%B9%83%E0%B8%8A%E0%B9%89%E0%B9%84%E0%B8%A1%E0%B9%88%E0%B9%84%E0%B8%94%E0%B9%89/,200,PASS,
https://xn--42cn4aobed0eb6hubj4es0m5dhvd.com/%E0%B8%A3%E0%B8%B1%E0%B8%9A%E0%B8%8B%E0%B8%B7%E0%B9%89%E0%B8%AD%E0%B9%82%E0%B8%99%E0%B9%8A%E0%B8%95%E0%B8%9A%E0%B8%B8%E0%B9%8A%E0%B8%84/%E0%B8%9A%E0%B8%AD%E0%B8%94%E0%B8%B5%E0%B9%89%E0%B9%81%E0%B8%95%E0%B8%81/,200,PASS,
https://xn--42cn4aobed0eb6hubj4es0m5dhvd.com/%E0%B8%A3%E0%B8%B1%E0%B8%9A%E0%B8%8B%E0%B8%B7%E0%B9%89%E0%B8%AD%E0%B9%82%E0%B8%99%E0%B9%8A%E0%B8%95%E0%B8%9A%E0%B8%B8%E0%B9%8A%E0%B8%84/%E0%B8%9A%E0%B8%B2%E0%B8%87%E0%B8%99%E0%B8%B2/,200,PASS,
https://xn--42cn4aobed0eb6hubj4es0m5dhvd.com/%E0%B8%A3%E0%B8%B1%E0%B8%9A%E0%B8%8B%E0%B8%B7%E0%B9%89%E0%B8%AD%E0%B9%82%E0%B8%99%E0%B9%8A%E0%B8%95%E0%B8%9A%E0%B8%B8%E0%B9%8A%E0%B8%84/%E0%B8%9A%E0%B8%B2%E0%B8%99%E0%B8%9E%E0%B8%B1%E0%B8%9A%E0%B9%81%E0%B8%95%E0%B8%81/,200,PASS,
https://xn--42cn4aobed0eb6hubj4es0m5dhvd.com/%E0%B8%A3%E0%B8%B1%E0%B8%9A%E0%B8%8B%E0%B8%B7%E0%B9%89%E0%B8%AD%E0%B9%82%E0%B8%99%E0%B9%8A%E0%B8%95%E0%B8%9A%E0%B8%B8%E0%B9%8A%E0%B8%84/%E0%B8%9A%E0%B8%B6%E0%B8%87%E0%B8%81%E0%B8%B2%E0%B8%AC/,200,PASS,
https://xn--42cn4aobed0eb6hubj4es0m5dhvd.com/%E0%B8%A3%E0%B8%B1%E0%B8%9A%E0%B8%8B%E0%B8%B7%E0%B9%89%E0%B8%AD%E0%B9%82%E0%B8%99%E0%B9%8A%E0%B8%95%E0%B8%9A%E0%B8%B8%E0%B9%8A%E0%B8%84/%E0%B8%9A%E0%B8%B8%E0%B8%A3%E0%B8%B5%E0%B8%A3%E0%B8%B1%E0%B8%A1%E0%B8%A2%E0%B9%8C/,200,PASS,
https://xn--42cn4aobed0eb6hubj4es0m5dhvd.com/%E0%B8%A3%E0%B8%B1%E0%B8%9A%E0%B8%8B%E0%B8%B7%E0%B9%89%E0%B8%AD%E0%B9%82%E0%B8%99%E0%B9%8A%E0%B8%95%E0%B8%9A%E0%B8%B8%E0%B9%8A%E0%B8%84/%E0%B8%9A%E0%B8%B9%E0%B8%95%E0%B8%A7%E0%B8%99/,200,PASS,
https://xn--42cn4aobed0eb6hubj4es0m5dhvd.com/%E0%B8%A3%E0%B8%B1%E0%B8%9A%E0%B8%8B%E0%B8%B7%E0%B9%89%E0%B8%AD%E0%B9%82%E0%B8%99%E0%B9%8A%E0%B8%95%E0%B8%9A%E0%B8%B8%E0%B9%8A%E0%B8%84/%E0%B8%9B%E0%B8%97%E0%B8%B8%E0%B8%A1%E0%B8%98%E0%B8%B2%E0%B8%99%E0%B8%B5/,200,PASS,
https://xn--42cn4aobed0eb6hubj4es0m5dhvd.com/%E0%B8%A3%E0%B8%B1%E0%B8%9A%E0%B8%8B%E0%B8%B7%E0%B9%89%E0%B8%AD%E0%B9%82%E0%B8%99%E0%B9%8A%E0%B8%95%E0%B8%9A%E0%B8%B8%E0%B9%8A%E0%B8%84/%E0%B8%9B%E0%B8%A3%E0%B8%B0%E0%B8%88%E0%B8%A7%E0%B8%9A%E0%B8%84%E0%B8%B5%E0%B8%A3%E0%B8%B5%E0%B8%82%E0%B8%B1%E0%B8%99%E0%B8%98%E0%B9%8C/,200,PASS,
https://xn--42cn4aobed0eb6hubj4es0m5dhvd.com/%E0%B8%A3%E0%B8%B1%E0%B8%9A%E0%B8%8B%E0%B8%B7%E0%B9%89%E0%B8%AD%E0%B9%82%E0%B8%99%E0%B9%8A%E0%B8%95%E0%B8%9A%E0%B8%B8%E0%B9%8A%E0%B8%84/%E0%B8%9B%E0%B8%A3%E0%B8%B2%E0%B8%88%E0%B8%B5%E0%B8%99%E0%B8%9A%E0%B8%B8%E0%B8%A3%E0%B8%B5/,200,PASS,
https://xn--42cn4aobed0eb6hubj4es0m5dhvd.com/%E0%B8%A3%E0%B8%B1%E0%B8%9A%E0%B8%8B%E0%B8%B7%E0%B9%89%E0%B8%AD%E0%B9%82%E0%B8%99%E0%B9%8A%E0%B8%95%E0%B8%9A%E0%B8%B8%E0%B9%8A%E0%B8%84/%E0%B8%9B%E0%B8%B1%E0%B8%95%E0%B8%95%E0%B8%B2%E0%B8%99%E0%B8%B5/,200,PASS,
https://xn--42cn4aobed0eb6hubj4es0m5dhvd.com/%E0%B8%A3%E0%B8%B1%E0%B8%9A%E0%B8%8B%E0%B8%B7%E0%B9%89%E0%B8%AD%E0%B9%82%E0%B8%99%E0%B9%8A%E0%B8%95%E0%B8%9A%E0%B8%B8%E0%B9%8A%E0%B8%84/%E0%B8%9D%E0%B8%B2%E0%B8%AB%E0%B8%A5%E0%B8%B1%E0%B8%87%E0%B8%9A%E0%B8%A7%E0%B8%A1/,200,PASS,
https://xn--42cn4aobed0eb6hubj4es0m5dhvd.com/%E0%B8%A3%E0%B8%B1%E0%B8%9A%E0%B8%8B%E0%B8%B7%E0%B9%89%E0%B8%AD%E0%B9%82%E0%B8%99%E0%B9%8A%E0%B8%95%E0%B8%9A%E0%B8%B8%E0%B9%8A%E0%B8%84/%E0%B8%9E%E0%B8%A3%E0%B8%B0%E0%B8%A3%E0%B8%B2%E0%B8%A12/,200,PASS,
https://xn--42cn4aobed0eb6hubj4es0m5dhvd.com/%E0%B8%A3%E0%B8%B1%E0%B8%9A%E0%B8%8B%E0%B8%B7%E0%B9%89%E0%B8%AD%E0%B9%82%E0%B8%99%E0%B9%8A%E0%B8%95%E0%B8%9A%E0%B8%B8%E0%B9%8A%E0%B8%84/%E0%B8%9E%E0%B8%AD%E0%B8%A3%E0%B9%8C%E0%B8%95-type-c-%E0%B9%80%E0%B8%AA%E0%B8%B5%E0%B8%A2/,200,PASS,
https://xn--42cn4aobed0eb6hubj4es0m5dhvd.com/%E0%B8%A3%E0%B8%B1%E0%B8%9A%E0%B8%8B%E0%B8%B7%E0%B9%89%E0%B8%AD%E0%B9%82%E0%B8%99%E0%B9%8A%E0%B8%95%E0%B8%9A%E0%B8%B8%E0%B9%8A%E0%B8%84/%E0%B8%9E%E0%B8%AD%E0%B8%A3%E0%B9%8C%E0%B8%95-usb-%E0%B9%80%E0%B8%AA%E0%B8%B5%E0%B8%A2/,200,PASS,
https://xn--42cn4aobed0eb6hubj4es0m5dhvd.com/%E0%B8%A3%E0%B8%B1%E0%B8%9A%E0%B8%8B%E0%B8%B7%E0%B9%89%E0%B8%AD%E0%B9%82%E0%B8%99%E0%B9%8A%E0%B8%95%E0%B8%9A%E0%B8%B8%E0%B9%8A%E0%B8%84/%E0%B8%9E%E0%B8%AD%E0%B8%A3%E0%B9%8C%E0%B8%95%E0%B9%81%E0%B8%A5%E0%B8%99%E0%B9%80%E0%B8%AA%E0%B8%B5%E0%B8%A2/,200,PASS,
https://xn--42cn4aobed0eb6hubj4es0m5dhvd.com/%E0%B8%A3%E0%B8%B1%E0%B8%9A%E0%B8%8B%E0%B8%B7%E0%B9%89%E0%B8%AD%E0%B9%82%E0%B8%99%E0%B9%8A%E0%B8%95%E0%B8%9A%E0%B8%B8%E0%B9%8A%E0%B8%84/%E0%B8%9E%E0%B8%B0%E0%B9%80%E0%B8%A2%E0%B8%B2/,200,PASS,
https://xn--42cn4aobed0eb6hubj4es0m5dhvd.com/%E0%B8%A3%E0%B8%B1%E0%B8%9A%E0%B8%8B%E0%B8%B7%E0%B9%89%E0%B8%AD%E0%B9%82%E0%B8%99%E0%B9%8A%E0%B8%95%E0%B8%9A%E0%B8%B8%E0%B9%8A%E0%B8%84/%E0%B8%9E%E0%B8%B1%E0%B8%87%E0%B8%87%E0%B8%B2/,200,PASS,
https://xn--42cn4aobed0eb6hubj4es0m5dhvd.com/%E0%B8%A3%E0%B8%B1%E0%B8%9A%E0%B8%8B%E0%B8%B7%E0%B9%89%E0%B8%AD%E0%B9%82%E0%B8%99%E0%B9%8A%E0%B8%95%E0%B8%9A%E0%B8%B8%E0%B9%8A%E0%B8%84/%E0%B8%9E%E0%B8%B1%E0%B8%94%E0%B8%A5%E0%B8%A1%E0%B8%94%E0%B8%B1%E0%B8%87/,200,PASS,
https://xn--42cn4aobed0eb6hubj4es0m5dhvd.com/%E0%B8%A3%E0%B8%B1%E0%B8%9A%E0%B8%8B%E0%B8%B7%E0%B9%89%E0%B8%AD%E0%B9%82%E0%B8%99%E0%B9%8A%E0%B8%95%E0%B8%9A%E0%B8%B8%E0%B9%8A%E0%B8%84/%E0%B8%9E%E0%B8%B1%E0%B8%97%E0%B8%A2%E0%B8%B2/,200,PASS,
https://xn--42cn4aobed0eb6hubj4es0m5dhvd.com/%E0%B8%A3%E0%B8%B1%E0%B8%9A%E0%B8%8B%E0%B8%B7%E0%B9%89%E0%B8%AD%E0%B9%82%E0%B8%99%E0%B9%8A%E0%B8%95%E0%B8%9A%E0%B8%B8%E0%B9%8A%E0%B8%84/%E0%B8%9E%E0%B8%B1%E0%B8%97%E0%B8%A5%E0%B8%B8%E0%B8%87/,200,PASS,
https://xn--42cn4aobed0eb6hubj4es0m5dhvd.com/%E0%B8%A3%E0%B8%B1%E0%B8%9A%E0%B8%8B%E0%B8%B7%E0%B9%89%E0%B8%AD%E0%B9%82%E0%B8%99%E0%B9%8A%E0%B8%95%E0%B8%9A%E0%B8%B8%E0%B9%8A%E0%B8%84/%E0%B8%9E%E0%B8%B4%E0%B8%88%E0%B8%B4%E0%B8%95%E0%B8%A3/,200,PASS,
https://xn--42cn4aobed0eb6hubj4es0m5dhvd.com/%E0%B8%A3%E0%B8%B1%E0%B8%9A%E0%B8%8B%E0%B8%B7%E0%B9%89%E0%B8%AD%E0%B9%82%E0%B8%99%E0%B9%8A%E0%B8%95%E0%B8%9A%E0%B8%B8%E0%B9%8A%E0%B8%84/%E0%B8%9E%E0%B8%B4%E0%B8%A9%E0%B8%93%E0%B8%B8%E0%B9%82%E0%B8%A5%E0%B8%81/,200,PASS,
https://xn--42cn4aobed0eb6hubj4es0m5dhvd.com/%E0%B8%A3%E0%B8%B1%E0%B8%9A%E0%B8%8B%E0%B8%B7%E0%B9%89%E0%B8%AD%E0%B9%82%E0%B8%99%E0%B9%8A%E0%B8%95%E0%B8%9A%E0%B8%B8%E0%B9%8A%E0%B8%84/%E0%B8%81%E0%B8%A3%E0%B8%B0%E0%B8%9A%E0%B8%B5%E0%B9%88/,200,PASS,
https://xn--42cn4aobed0eb6hubj4es0m5dhvd.com/%E0%B8%A3%E0%B8%B1%E0%B8%9A%E0%B8%8B%E0%B8%B7%E0%B9%89%E0%B8%AD%E0%B9%82%E0%B8%99%E0%B9%8A%E0%B8%95%E0%B8%9A%E0%B8%B8%E0%B9%8A%E0%B8%84/%E0%B8%81%E0%B8%A3%E0%B8%B8%E0%B8%87%E0%B9%80%E0%B8%97%E0%B8%9E/,200,PASS,
https://xn--42cn4aobed0eb6hubj4es0m5dhvd.com/%E0%B8%A3%E0%B8%B1%E0%B8%9A%E0%B8%8B%E0%B8%B7%E0%B9%89%E0%B8%AD%E0%B9%82%E0%B8%99%E0%B9%8A%E0%B8%95%E0%B8%9A%E0%B8%B8%E0%B9%8A%E0%B8%84/%E0%B8%81%E0%B8%A5%E0%B9%89%E0%B8%AD%E0%B8%87%E0%B9%80%E0%B8%AA%E0%B8%B5%E0%B8%A2/,200,PASS,
https://xn--42cn4aobed0eb6hubj4es0m5dhvd.com/%E0%B8%A3%E0%B8%B1%E0%B8%9A%E0%B8%8B%E0%B8%B7%E0%B9%89%E0%B8%AD%E0%B9%82%E0%B8%99%E0%B9%8A%E0%B8%95%E0%B8%9A%E0%B8%B8%E0%B9%8A%E0%B8%84/%E0%B8%81%E0%B8%B2%E0%B8%8D%E0%B8%88%E0%B8%99%E0%B8%9A%E0%B8%B8%E0%B8%A3%E0%B8%B5/,200,PASS,
https://xn--42cn4aobed0eb6hubj4es0m5dhvd.com/%E0%B8%A3%E0%B8%B1%E0%B8%9A%E0%B8%8B%E0%B8%B7%E0%B9%89%E0%B8%AD%E0%B9%82%E0%B8%99%E0%B9%8A%E0%B8%95%E0%B8%9A%E0%B8%B8%E0%B9%8A%E0%B8%84/%E0%B8%81%E0%B8%B2%E0%B8%AC%E0%B8%AA%E0%B8%B4%E0%B8%99%E0%B8%98%E0%B8%B8%E0%B9%8C/,200,PASS,
https://xn--42cn4aobed0eb6hubj4es0m5dhvd.com/%E0%B8%A3%E0%B8%B1%E0%B8%9A%E0%B8%8B%E0%B8%B7%E0%B9%89%E0%B8%AD%E0%B9%82%E0%B8%99%E0%B9%8A%E0%B8%95%E0%B8%9A%E0%B8%B8%E0%B9%8A%E0%B8%84/%E0%B8%81%E0%B8%B3%E0%B9%81%E0%B8%9E%E0%B8%87%E0%B9%80%E0%B8%9E%E0%B8%8A%E0%B8%A3/,200,PASS,
https://xn--42cn4aobed0eb6hubj4es0m5dhvd.com/%E0%B8%A3%E0%B8%B1%E0%B8%9A%E0%B8%8B%E0%B8%B7%E0%B9%89%E0%B8%AD%E0%B9%82%E0%B8%99%E0%B9%8A%E0%B8%95%E0%B8%9A%E0%B8%B8%E0%B9%8A%E0%B8%84/%E0%B8%82%E0%B8%AD%E0%B8%99%E0%B9%81%E0%B8%81%E0%B9%88%E0%B8%99/,200,PASS,
https://xn--42cn4aobed0eb6hubj4es0m5dhvd.com/%E0%B8%A3%E0%B8%B1%E0%B8%9A%E0%B8%8B%E0%B8%B7%E0%B9%89%E0%B8%AD%E0%B9%82%E0%B8%99%E0%B9%8A%E0%B8%95%E0%B8%9A%E0%B8%B8%E0%B9%8A%E0%B8%84/%E0%B8%84%E0%B8%B5%E0%B8%A2%E0%B9%8C%E0%B8%9A%E0%B8%AD%E0%B8%A3%E0%B9%8C%E0%B8%94%E0%B9%80%E0%B8%AA%E0%B8%B5%E0%B8%A2/,200,PASS,
https://xn--42cn4aobed0eb6hubj4es0m5dhvd.com/%E0%B8%A3%E0%B8%B1%E0%B8%9A%E0%B8%8B%E0%B8%B7%E0%B9%89%E0%B8%AD%E0%B9%82%E0%B8%99%E0%B9%8A%E0%B8%95%E0%B8%9A%E0%B8%B8%E0%B9%8A%E0%B8%84/%E0%B8%84%E0%B9%89%E0%B8%B2%E0%B8%87%E0%B8%9A%E0%B9%88%E0%B8%AD%E0%B8%A2/,200,PASS,
https://xn--42cn4aobed0eb6hubj4es0m5dhvd.com/%E0%B8%A3%E0%B8%B1%E0%B8%9A%E0%B8%8B%E0%B8%B7%E0%B9%89%E0%B8%AD%E0%B9%82%E0%B8%99%E0%B9%8A%E0%B8%95%E0%B8%9A%E0%B8%B8%E0%B9%8A%E0%B8%84/%E0%B8%88%E0%B8%AD%E0%B8%9F%E0%B9%89%E0%B8%B2/,200,PASS,
https://xn--42cn4aobed0eb6hubj4es0m5dhvd.com/%E0%B8%A3%E0%B8%B1%E0%B8%9A%E0%B8%8B%E0%B8%B7%E0%B9%89%E0%B8%AD%E0%B9%82%E0%B8%99%E0%B9%8A%E0%B8%95%E0%B8%9A%E0%B8%B8%E0%B9%8A%E0%B8%84/%E0%B8%88%E0%B8%AD%E0%B8%A1%E0%B8%B5%E0%B9%80%E0%B8%AA%E0%B9%89%E0%B8%99/,200,PASS,
https://xn--42cn4aobed0eb6hubj4es0m5dhvd.com/%E0%B8%A3%E0%B8%B1%E0%B8%9A%E0%B8%8B%E0%B8%B7%E0%B9%89%E0%B8%AD%E0%B9%82%E0%B8%99%E0%B9%8A%E0%B8%95%E0%B8%9A%E0%B8%B8%E0%B9%8A%E0%B8%84/%E0%B8%88%E0%B8%AD%E0%B9%81%E0%B8%95%E0%B8%81/,200,PASS,
https://xn--42cn4aobed0eb6hubj4es0m5dhvd.com/%E0%B8%A3%E0%B8%B1%E0%B8%9A%E0%B8%8B%E0%B8%B7%E0%B9%89%E0%B8%AD%E0%B9%82%E0%B8%99%E0%B9%8A%E0%B8%95%E0%B8%9A%E0%B8%B8%E0%B9%8A%E0%B8%84/%E0%B8%88%E0%B8%AD%E0%B9%84%E0%B8%A1%E0%B9%88%E0%B8%95%E0%B8%B4%E0%B8%94%E0%B9%81%E0%B8%95%E0%B9%88%E0%B9%80%E0%B8%84%E0%B8%A3%E0%B8%B7%E0%B9%88%E0%B8%AD%E0%B8%87%E0%B8%95%E0%B8%B4%E0%B8%94/,200,PASS,
https://xn--42cn4aobed0eb6hubj4es0m5dhvd.com/%E0%B8%A3%E0%B8%B1%E0%B8%9A%E0%B8%8B%E0%B8%B7%E0%B9%89%E0%B8%AD%E0%B9%82%E0%B8%99%E0%B9%8A%E0%B8%95%E0%B8%9A%E0%B8%B8%E0%B9%8A%E0%B8%84/%E0%B8%88%E0%B8%B1%E0%B8%99%E0%B8%97%E0%B8%9A%E0%B8%B8%E0%B8%A3%E0%B8%B5/,200,PASS,
https://xn--42cn4aobed0eb6hubj4es0m5dhvd.com/%E0%B8%A3%E0%B8%B1%E0%B8%9A%E0%B8%8B%E0%B8%B7%E0%B9%89%E0%B8%AD%E0%B9%82%E0%B8%99%E0%B9%8A%E0%B8%95%E0%B8%9A%E0%B8%B8%E0%B9%8A%E0%B8%84/%E0%B8%89%E0%B8%B0%E0%B9%80%E0%B8%8A%E0%B8%B4%E0%B8%87%E0%B9%80%E0%B8%97%E0%B8%A3%E0%B8%B2/,200,PASS,
https://xn--42cn4aobed0eb6hubj4es0m5dhvd.com/%E0%B8%A3%E0%B8%B1%E0%B8%9A%E0%B8%8B%E0%B8%B7%E0%B9%89%E0%B8%AD%E0%B9%82%E0%B8%99%E0%B9%8A%E0%B8%95%E0%B8%9A%E0%B8%B8%E0%B9%8A%E0%B8%84/%E0%B8%95%E0%B8%81%E0%B8%A3%E0%B8%B8%E0%B9%88%E0%B8%99/,200,PASS,
https://xn--42cn4aobed0eb6hubj4es0m5dhvd.com/%E0%B8%A3%E0%B8%B1%E0%B8%9A%E0%B8%8B%E0%B8%B7%E0%B9%89%E0%B8%AD%E0%B9%82%E0%B8%99%E0%B9%8A%E0%B8%95%E0%B8%9A%E0%B8%B8%E0%B9%8A%E0%B8%84/%E0%B8%95%E0%B8%A3%E0%B8%B1%E0%B8%87/,200,PASS,
https://xn--42cn4aobed0eb6hubj4es0m5dhvd.com/%E0%B8%A3%E0%B8%B1%E0%B8%9A%E0%B8%8B%E0%B8%B7%E0%B9%89%E0%B8%AD%E0%B9%82%E0%B8%99%E0%B9%8A%E0%B8%95%E0%B8%9A%E0%B8%B8%E0%B9%8A%E0%B8%84/%E0%B8%95%E0%B8%A3%E0%B8%B2%E0%B8%94/,200,PASS,
https://xn--42cn4aobed0eb6hubj4es0m5dhvd.com/%E0%B8%A3%E0%B8%B1%E0%B8%9A%E0%B8%8B%E0%B8%B7%E0%B9%89%E0%B8%AD%E0%B9%82%E0%B8%99%E0%B9%8A%E0%B8%95%E0%B8%9A%E0%B8%B8%E0%B9%8A%E0%B8%84/%E0%B8%95%E0%B8%B2%E0%B8%81/,200,PASS,
https://xn--42cn4aobed0eb6hubj4es0m5dhvd.com/%E0%B8%A3%E0%B8%B1%E0%B8%9A%E0%B8%8B%E0%B8%B7%E0%B9%89%E0%B8%AD%E0%B9%82%E0%B8%99%E0%B9%8A%E0%B8%95%E0%B8%9A%E0%B8%B8%E0%B9%8A%E0%B8%84/%E0%B8%97%E0%B8%B1%E0%B8%8A%E0%B8%AA%E0%B8%81%E0%B8%A3%E0%B8%B5%E0%B8%99%E0%B9%80%E0%B8%AA%E0%B8%B5%E0%B8%A2/,200,PASS,
https://xn--42cn4aobed0eb6hubj4es0m5dhvd.com/%E0%B8%A3%E0%B8%B1%E0%B8%9A%E0%B8%8B%E0%B8%B7%E0%B9%89%E0%B8%AD%E0%B9%82%E0%B8%99%E0%B9%8A%E0%B8%95%E0%B8%9A%E0%B8%B8%E0%B9%8A%E0%B8%84/%E0%B8%97%E0%B8%B1%E0%B8%8A%E0%B9%81%E0%B8%9E%E0%B8%94%E0%B9%80%E0%B8%AA%E0%B8%B5%E0%B8%A2/,200,PASS,
https://xn--42cn4aobed0eb6hubj4es0m5dhvd.com/%E0%B8%A3%E0%B8%B1%E0%B8%9A%E0%B8%8B%E0%B8%B7%E0%B9%89%E0%B8%AD%E0%B9%82%E0%B8%99%E0%B9%8A%E0%B8%95%E0%B8%9A%E0%B8%B8%E0%B9%8A%E0%B8%84/%E0%B8%99%E0%B8%84%E0%B8%A3%E0%B8%9B%E0%B8%90%E0%B8%A1/,200,PASS,
https://xn--42cn4aobed0eb6hubj4es0m5dhvd.com/%E0%B8%A3%E0%B8%B1%E0%B8%9A%E0%B8%8B%E0%B8%B7%E0%B9%89%E0%B8%AD%E0%B9%82%E0%B8%99%E0%B9%8A%E0%B8%95%E0%B8%9A%E0%B8%B8%E0%B9%8A%E0%B8%84/%E0%B8%99%E0%B8%84%E0%B8%A3%E0%B8%9E%E0%B8%99%E0%B8%A1/,200,PASS,
https://xn--42cn4aobed0eb6hubj4es0m5dhvd.com/%E0%B8%A3%E0%B8%B1%E0%B8%9A%E0%B8%8B%E0%B8%B7%E0%B9%89%E0%B8%AD%E0%B9%82%E0%B8%99%E0%B9%8A%E0%B8%95%E0%B8%9A%E0%B8%B8%E0%B9%8A%E0%B8%84/%E0%B8%99%E0%B8%84%E0%B8%A3%E0%B8%99%E0%B8%B2%E0%B8%A2%E0%B8%81/,200,PASS,
https://xn--42cn4aobed0eb6hubj4es0m5dhvd.com/%E0%B8%A3%E0%B8%B1%E0%B8%9A%E0%B8%8B%E0%B8%B7%E0%B9%89%E0%B8%AD%E0%B9%82%E0%B8%99%E0%B9%8A%E0%B8%95%E0%B8%9A%E0%B8%B8%E0%B9%8A%E0%B8%84/%E0%B8%99%E0%B8%84%E0%B8%A3%E0%B8%A3%E0%B8%B2%E0%B8%8A%E0%B8%AA%E0%B8%B5%E0%B8%A1%E0%B8%B2/,200,PASS,
https://xn--42cn4aobed0eb6hubj4es0m5dhvd.com/%E0%B8%A3%E0%B8%B1%E0%B8%9A%E0%B8%8B%E0%B8%B7%E0%B9%89%E0%B8%AD%E0%B9%82%E0%B8%99%E0%B9%8A%E0%B8%95%E0%B8%9A%E0%B8%B8%E0%B9%8A%E0%B8%84/%E0%B8%99%E0%B8%84%E0%B8%A3%E0%B8%A8%E0%B8%A3%E0%B8%B5%E0%B8%98%E0%B8%A3%E0%B8%A3%E0%B8%A1%E0%B8%A3%E0%B8%B2%E0%B8%8A/,200,PASS,
https://xn--42cn4aobed0eb6hubj4es0m5dhvd.com/%E0%B8%A3%E0%B8%B1%E0%B8%9A%E0%B8%8B%E0%B8%B7%E0%B9%89%E0%B8%AD%E0%B9%82%E0%B8%99%E0%B9%8A%E0%B8%95%E0%B8%9A%E0%B8%B8%E0%B9%8A%E0%B8%84/%E0%B8%99%E0%B8%84%E0%B8%A3%E0%B8%AA%E0%B8%A7%E0%B8%A3%E0%B8%A3%E0%B8%84%E0%B9%8C/,200,PASS,
https://xn--42cn4aobed0eb6hubj4es0m5dhvd.com/%E0%B8%A3%E0%B8%B1%E0%B8%9A%E0%B8%8B%E0%B8%B7%E0%B9%89%E0%B8%AD%E0%B9%82%E0%B8%99%E0%B9%8A%E0%B8%95%E0%B8%9A%E0%B8%B8%E0%B9%8A%E0%B8%84/%E0%B8%99%E0%B8%99%E0%B8%97%E0%B8%9A%E0%B8%B8%E0%B8%A3%E0%B8%B5/,200,PASS,
https://xn--42cn4aobed0eb6hubj4es0m5dhvd.com/%E0%B8%A3%E0%B8%B1%E0%B8%9A%E0%B8%8B%E0%B8%B7%E0%B9%89%E0%B8%AD%E0%B9%82%E0%B8%99%E0%B9%8A%E0%B8%95%E0%B8%9A%E0%B8%B8%E0%B9%8A%E0%B8%84/%E0%B8%99%E0%B8%A3%E0%B8%B2%E0%B8%98%E0%B8%B4%E0%B8%A7%E0%B8%B2%E0%B8%AA/,200,PASS,
https://xn--42cn4aobed0eb6hubj4es0m5dhvd.com/%E0%B8%A3%E0%B8%B1%E0%B8%9A%E0%B8%8B%E0%B8%B7%E0%B9%89%E0%B8%AD%E0%B9%82%E0%B8%99%E0%B9%8A%E0%B8%95%E0%B8%9A%E0%B8%B8%E0%B9%8A%E0%B8%84/%E0%B8%99%E0%B9%88%E0%B8%B2%E0%B8%99/,200,PASS,
https://xn--42cn4aobed0eb6hubj4es0m5dhvd.com/%E0%B8%A3%E0%B8%B1%E0%B8%9A%E0%B8%8B%E0%B8%B7%E0%B9%89%E0%B8%AD%E0%B9%82%E0%B8%99%E0%B9%8A%E0%B8%95%E0%B8%9A%E0%B8%B8%E0%B9%8A%E0%B8%84/%E0%B8%A0%E0%B8%B2%E0%B8%84%E0%B8%AD%E0%B8%B5%E0%B8%AA%E0%B8%B2%E0%B8%99/,200,PASS,
https://xn--42cn4aobed0eb6hubj4es0m5dhvd.com/%E0%B8%A3%E0%B8%B1%E0%B8%9A%E0%B8%8B%E0%B8%B7%E0%B9%89%E0%B8%AD%E0%B9%82%E0%B8%99%E0%B9%8A%E0%B8%95%E0%B8%9A%E0%B8%B8%E0%B9%8A%E0%B8%84/%E0%B8%A0%E0%B8%B9%E0%B9%80%E0%B8%81%E0%B9%87%E0%B8%95/,200,PASS,
https://xn--42cn4aobed0eb6hubj4es0m5dhvd.com/%E0%B8%A3%E0%B8%B1%E0%B8%9A%E0%B8%8B%E0%B8%B7%E0%B9%89%E0%B8%AD%E0%B9%82%E0%B8%99%E0%B9%8A%E0%B8%95%E0%B8%9A%E0%B8%B8%E0%B9%8A%E0%B8%84/%E0%B8%A1%E0%B8%AB%E0%B8%B2%E0%B8%AA%E0%B8%B2%E0%B8%A3%E0%B8%84%E0%B8%B2%E0%B8%A1/,200,PASS,
https://xn--42cn4aobed0eb6hubj4es0m5dhvd.com/%E0%B8%A3%E0%B8%B1%E0%B8%9A%E0%B8%8B%E0%B8%B7%E0%B9%89%E0%B8%AD%E0%B9%82%E0%B8%99%E0%B9%8A%E0%B8%95%E0%B8%9A%E0%B8%B8%E0%B9%8A%E0%B8%84/%E0%B8%A1%E0%B8%B8%E0%B8%81%E0%B8%94%E0%B8%B2%E0%B8%AB%E0%B8%B2%E0%B8%A3/,200,PASS,
https://xn--42cn4aobed0eb6hubj4es0m5dhvd.com/%E0%B8%A3%E0%B8%B1%E0%B8%9A%E0%B8%8B%E0%B8%B7%E0%B9%89%E0%B8%AD%E0%B9%82%E0%B8%99%E0%B9%8A%E0%B8%95%E0%B8%9A%E0%B8%B8%E0%B9%8A%E0%B8%84/%E0%B8%A2%E0%B8%B0%E0%B8%A5%E0%B8%B2/,200,PASS,
https://xn--42cn4aobed0eb6hubj4es0m5dhvd.com/%E0%B8%A3%E0%B8%B1%E0%B8%9A%E0%B8%8B%E0%B8%B7%E0%B9%89%E0%B8%AD%E0%B9%82%E0%B8%99%E0%B9%8A%E0%B8%95%E0%B8%9A%E0%B8%B8%E0%B9%8A%E0%B8%84/%E0%B8%A2%E0%B9%82%E0%B8%AA%E0%B8%98%E0%B8%A3/,200,PASS,
https://xn--42cn4aobed0eb6hubj4es0m5dhvd.com/%E0%B8%A3%E0%B8%B1%E0%B8%9A%E0%B8%8B%E0%B8%B7%E0%B9%89%E0%B8%AD%E0%B9%82%E0%B8%99%E0%B9%8A%E0%B8%95%E0%B8%9A%E0%B8%B8%E0%B9%8A%E0%B8%84/%E0%B8%A3%E0%B8%B0%E0%B8%99%E0%B8%AD%E0%B8%87/,200,PASS,
https://xn--42cn4aobed0eb6hubj4es0m5dhvd.com/%E0%B8%A3%E0%B8%B1%E0%B8%9A%E0%B8%8B%E0%B8%B7%E0%B9%89%E0%B8%AD%E0%B9%82%E0%B8%99%E0%B9%8A%E0%B8%95%E0%B8%9A%E0%B8%B8%E0%B9%8A%E0%B8%84/%E0%B8%A3%E0%B8%B0%E0%B8%A2%E0%B8%AD%E0%B8%87/,200,PASS,
https://xn--42cn4aobed0eb6hubj4es0m5dhvd.com/%E0%B8%A3%E0%B8%B1%E0%B8%9A%E0%B8%8B%E0%B8%B7%E0%B9%89%E0%B8%AD%E0%B9%82%E0%B8%99%E0%B9%8A%E0%B8%95%E0%B8%9A%E0%B8%B8%E0%B9%8A%E0%B8%84/%E0%B8%A3%E0%B8%B1%E0%B8%87%E0%B8%AA%E0%B8%B4%E0%B8%95/,200,PASS,
https://xn--42cn4aobed0eb6hubj4es0m5dhvd.com/%E0%B8%A3%E0%B8%B1%E0%B8%9A%E0%B8%8B%E0%B8%B7%E0%B9%89%E0%B8%AD%E0%B9%82%E0%B8%99%E0%B9%8A%E0%B8%95%E0%B8%9A%E0%B8%B8%E0%B9%8A%E0%B8%84/%E0%B8%A3%E0%B8%B2%E0%B8%8A%E0%B8%9A%E0%B8%B8%E0%B8%A3%E0%B8%B5/,200,PASS,
https://xn--42cn4aobed0eb6hubj4es0m5dhvd.com/%E0%B8%A3%E0%B8%B1%E0%B8%9A%E0%B8%8B%E0%B8%B7%E0%B9%89%E0%B8%AD%E0%B9%82%E0%B8%99%E0%B9%8A%E0%B8%95%E0%B8%9A%E0%B8%B8%E0%B9%8A%E0%B8%84/%E0%B8%A3%E0%B8%B2%E0%B8%A1%E0%B8%84%E0%B8%B3%E0%B9%81%E0%B8%AB%E0%B8%87/,200,PASS,
https://xn--42cn4aobed0eb6hubj4es0m5dhvd.com/%E0%B8%A3%E0%B8%B1%E0%B8%9A%E0%B8%8B%E0%B8%B7%E0%B9%89%E0%B8%AD%E0%B9%82%E0%B8%99%E0%B9%8A%E0%B8%95%E0%B8%9A%E0%B8%B8%E0%B9%8A%E0%B8%84/%E0%B8%A3%E0%B8%B5%E0%B8%AA%E0%B8%95%E0%B8%B2%E0%B8%A3%E0%B9%8C%E0%B8%97%E0%B9%80%E0%B8%AD%E0%B8%87/,200,PASS,
https://xn--42cn4aobed0eb6hubj4es0m5dhvd.com/%E0%B8%A3%E0%B8%B1%E0%B8%9A%E0%B8%8B%E0%B8%B7%E0%B9%89%E0%B8%AD%E0%B9%82%E0%B8%99%E0%B9%8A%E0%B8%95%E0%B8%9A%E0%B8%B8%E0%B9%8A%E0%B8%84/%E0%B8%A3%E0%B9%89%E0%B8%AD%E0%B8%99%E0%B8%88%E0%B8%B1%E0%B8%94%E0%B8%94%E0%B8%B1%E0%B8%9A%E0%B9%80%E0%B8%AD%E0%B8%87/,200,PASS,
https://xn--42cn4aobed0eb6hubj4es0m5dhvd.com/%E0%B8%A3%E0%B8%B1%E0%B8%9A%E0%B8%8B%E0%B8%B7%E0%B9%89%E0%B8%AD%E0%B9%82%E0%B8%99%E0%B9%8A%E0%B8%95%E0%B8%9A%E0%B8%B8%E0%B9%8A%E0%B8%84/%E0%B8%A3%E0%B9%89%E0%B8%AD%E0%B8%A2%E0%B9%80%E0%B8%AD%E0%B9%87%E0%B8%94/,200,PASS,
https://xn--42cn4aobed0eb6hubj4es0m5dhvd.com/%E0%B8%A3%E0%B8%B1%E0%B8%9A%E0%B8%8B%E0%B8%B7%E0%B9%89%E0%B8%AD%E0%B9%82%E0%B8%99%E0%B9%8A%E0%B8%95%E0%B8%9A%E0%B8%B8%E0%B9%8A%E0%B8%84/%E0%B8%A5%E0%B8%9E%E0%B8%9A%E0%B8%B8%E0%B8%A3%E0%B8%B5/,200,PASS,
https://xn--42cn4aobed0eb6hubj4es0m5dhvd.com/%E0%B8%A3%E0%B8%B1%E0%B8%9A%E0%B8%8B%E0%B8%B7%E0%B9%89%E0%B8%AD%E0%B9%82%E0%B8%99%E0%B9%8A%E0%B8%95%E0%B8%9A%E0%B8%B8%E0%B9%8A%E0%B8%84/%E0%B8%A5%E0%B8%B2%E0%B8%94%E0%B8%9E%E0%B8%A3%E0%B9%89%E0%B8%B2%E0%B8%A7/,200,PASS,
https://xn--42cn4aobed0eb6hubj4es0m5dhvd.com/%E0%B8%A3%E0%B8%B1%E0%B8%9A%E0%B8%8B%E0%B8%B7%E0%B9%89%E0%B8%AD%E0%B9%82%E0%B8%99%E0%B9%8A%E0%B8%95%E0%B8%9A%E0%B8%B8%E0%B9%8A%E0%B8%84/%E0%B8%A5%E0%B8%B3%E0%B8%9B%E0%B8%B2%E0%B8%87/,200,PASS,
https://xn--42cn4aobed0eb6hubj4es0m5dhvd.com/%E0%B8%A3%E0%B8%B1%E0%B8%9A%E0%B8%8B%E0%B8%B7%E0%B9%89%E0%B8%AD%E0%B9%82%E0%B8%99%E0%B9%8A%E0%B8%95%E0%B8%9A%E0%B8%B8%E0%B9%8A%E0%B8%84/%E0%B8%A5%E0%B8%B3%E0%B8%9E%E0%B8%B9%E0%B8%99/,200,PASS,
https://xn--42cn4aobed0eb6hubj4es0m5dhvd.com/%E0%B8%A3%E0%B8%B1%E0%B8%9A%E0%B8%8B%E0%B8%B7%E0%B9%89%E0%B8%AD%E0%B9%82%E0%B8%99%E0%B9%8A%E0%B8%95%E0%B8%9A%E0%B8%B8%E0%B9%8A%E0%B8%84/%E0%B8%A5%E0%B8%B3%E0%B9%82%E0%B8%9E%E0%B8%87%E0%B9%80%E0%B8%AA%E0%B8%B5%E0%B8%A2/,200,PASS,
https://xn--42cn4aobed0eb6hubj4es0m5dhvd.com/%E0%B8%A3%E0%B8%B1%E0%B8%9A%E0%B8%8B%E0%B8%B7%E0%B9%89%E0%B8%AD%E0%B9%82%E0%B8%99%E0%B9%8A%E0%B8%95%E0%B8%9A%E0%B8%B8%E0%B9%8A%E0%B8%84/%E0%B8%A8%E0%B8%A3%E0%B8%B5%E0%B8%AA%E0%B8%B0%E0%B9%80%E0%B8%81%E0%B8%A9/,200,PASS,
https://xn--42cn4aobed0eb6hubj4es0m5dhvd.com/%E0%B8%A3%E0%B8%B1%E0%B8%9A%E0%B8%8B%E0%B8%B7%E0%B9%89%E0%B8%AD%E0%B9%82%E0%B8%99%E0%B9%8A%E0%B8%95%E0%B8%9A%E0%B8%B8%E0%B9%8A%E0%B8%84/%E0%B8%AA%E0%B8%81%E0%B8%A5%E0%B8%99%E0%B8%84%E0%B8%A3/,200,PASS,
https://xn--42cn4aobed0eb6hubj4es0m5dhvd.com/%E0%B8%A3%E0%B8%B1%E0%B8%9A%E0%B8%8B%E0%B8%B7%E0%B9%89%E0%B8%AD%E0%B9%82%E0%B8%99%E0%B9%8A%E0%B8%95%E0%B8%9A%E0%B8%B8%E0%B9%8A%E0%B8%84/%E0%B8%AA%E0%B8%87%E0%B8%82%E0%B8%A5%E0%B8%B2/,200,PASS,
https://xn--42cn4aobed0eb6hubj4es0m5dhvd.com/%E0%B8%A3%E0%B8%B1%E0%B8%9A%E0%B8%8B%E0%B8%B7%E0%B9%89%E0%B8%AD%E0%B9%82%E0%B8%99%E0%B9%8A%E0%B8%95%E0%B8%9A%E0%B8%B8%E0%B9%8A%E0%B8%84/%E0%B8%AA%E0%B8%95%E0%B8%B9%E0%B8%A5/,200,PASS,
https://xn--42cn4aobed0eb6hubj4es0m5dhvd.com/%E0%B8%A3%E0%B8%B1%E0%B8%9A%E0%B8%8B%E0%B8%B7%E0%B9%89%E0%B8%AD%E0%B9%82%E0%B8%99%E0%B9%8A%E0%B8%95%E0%B8%9A%E0%B8%B8%E0%B9%8A%E0%B8%84/%E0%B8%AA%E0%B8%A1%E0%B8%B8%E0%B8%97%E0%B8%A3%E0%B8%9B%E0%B8%A3%E0%B8%B2%E0%B8%81%E0%B8%B2%E0%B8%A3/,200,PASS,
https://xn--42cn4aobed0eb6hubj4es0m5dhvd.com/%E0%B8%A3%E0%B8%B1%E0%B8%9A%E0%B8%8B%E0%B8%B7%E0%B9%89%E0%B8%AD%E0%B9%82%E0%B8%99%E0%B9%8A%E0%B8%95%E0%B8%9A%E0%B8%B8%E0%B9%8A%E0%B8%84/%E0%B8%AA%E0%B8%A1%E0%B8%B8%E0%B8%97%E0%B8%A3%E0%B8%AA%E0%B8%87%E0%B8%84%E0%B8%A3%E0%B8%B2%E0%B8%A1/,200,PASS,
https://xn--42cn4aobed0eb6hubj4es0m5dhvd.com/%E0%B8%A3%E0%B8%B1%E0%B8%9A%E0%B8%8B%E0%B8%B7%E0%B9%89%E0%B8%AD%E0%B9%82%E0%B8%99%E0%B9%8A%E0%B8%95%E0%B8%9A%E0%B8%B8%E0%B9%8A%E0%B8%84/%E0%B8%AA%E0%B8%A1%E0%B8%B8%E0%B8%97%E0%B8%A3%E0%B8%AA%E0%B8%B2%E0%B8%84%E0%B8%A3/,200,PASS,
https://xn--42cn4aobed0eb6hubj4es0m5dhvd.com/%E0%B8%A3%E0%B8%B1%E0%B8%9A%E0%B8%8B%E0%B8%B7%E0%B9%89%E0%B8%AD%E0%B9%82%E0%B8%99%E0%B9%8A%E0%B8%95%E0%B8%9A%E0%B8%B8%E0%B9%8A%E0%B8%84/%E0%B8%AA%E0%B8%A3%E0%B8%B0%E0%B8%9A%E0%B8%B8%E0%B8%A3%E0%B8%B5/,200,PASS,
https://xn--42cn4aobed0eb6hubj4es0m5dhvd.com/%E0%B8%A3%E0%B8%B1%E0%B8%9A%E0%B8%8B%E0%B8%B7%E0%B9%89%E0%B8%AD%E0%B9%82%E0%B8%99%E0%B9%8A%E0%B8%95%E0%B8%9A%E0%B8%B8%E0%B9%8A%E0%B8%84/%E0%B8%AA%E0%B8%A3%E0%B8%B0%E0%B9%81%E0%B8%81%E0%B9%89%E0%B8%A7/,200,PASS,
https://xn--42cn4aobed0eb6hubj4es0m5dhvd.com/%E0%B8%A3%E0%B8%B1%E0%B8%9A%E0%B8%8B%E0%B8%B7%E0%B9%89%E0%B8%AD%E0%B9%82%E0%B8%99%E0%B9%8A%E0%B8%95%E0%B8%9A%E0%B8%B8%E0%B9%8A%E0%B8%84/%E0%B8%AA%E0%B8%B4%E0%B8%87%E0%B8%AB%E0%B9%8C%E0%B8%9A%E0%B8%B8%E0%B8%A3%E0%B8%B5/,200,PASS,
https://xn--42cn4aobed0eb6hubj4es0m5dhvd.com/%E0%B8%A3%E0%B8%B1%E0%B8%9A%E0%B8%8B%E0%B8%B7%E0%B9%89%E0%B8%AD%E0%B9%82%E0%B8%99%E0%B9%8A%E0%B8%95%E0%B8%9A%E0%B8%B8%E0%B9%8A%E0%B8%84/%E0%B8%AA%E0%B8%B8%E0%B8%9E%E0%B8%A3%E0%B8%A3%E0%B8%93%E0%B8%9A%E0%B8%B8%E0%B8%A3%E0%B8%B5/,200,PASS,
https://xn--42cn4aobed0eb6hubj4es0m5dhvd.com/%E0%B8%A3%E0%B8%B1%E0%B8%9A%E0%B8%8B%E0%B8%B7%E0%B9%89%E0%B8%AD%E0%B9%82%E0%B8%99%E0%B9%8A%E0%B8%95%E0%B8%9A%E0%B8%B8%E0%B9%8A%E0%B8%84/%E0%B8%AA%E0%B8%B8%E0%B8%A3%E0%B8%B2%E0%B8%A9%E0%B8%8E%E0%B8%A3%E0%B9%8C%E0%B8%98%E0%B8%B2%E0%B8%99%E0%B8%B5/,200,PASS,
https://xn--42cn4aobed0eb6hubj4es0m5dhvd.com/%E0%B8%A3%E0%B8%B1%E0%B8%9A%E0%B8%8B%E0%B8%B7%E0%B9%89%E0%B8%AD%E0%B9%82%E0%B8%99%E0%B9%8A%E0%B8%95%E0%B8%9A%E0%B8%B8%E0%B9%8A%E0%B8%84/%E0%B8%AA%E0%B8%B8%E0%B8%A3%E0%B8%B4%E0%B8%99%E0%B8%97%E0%B8%A3%E0%B9%8C/,200,PASS,
https://xn--42cn4aobed0eb6hubj4es0m5dhvd.com/%E0%B8%A3%E0%B8%B1%E0%B8%9A%E0%B8%8B%E0%B8%B7%E0%B9%89%E0%B8%AD%E0%B9%82%E0%B8%99%E0%B9%8A%E0%B8%95%E0%B8%9A%E0%B8%B8%E0%B9%8A%E0%B8%84/%E0%B8%AA%E0%B8%B8%E0%B9%82%E0%B8%82%E0%B8%97%E0%B8%B1%E0%B8%A2/,200,PASS,
https://xn--42cn4aobed0eb6hubj4es0m5dhvd.com/%E0%B8%A3%E0%B8%B1%E0%B8%9A%E0%B8%8B%E0%B8%B7%E0%B9%89%E0%B8%AD%E0%B9%82%E0%B8%99%E0%B9%8A%E0%B8%95%E0%B8%9A%E0%B8%B8%E0%B9%8A%E0%B8%84/%E0%B8%AB%E0%B8%99%E0%B8%AD%E0%B8%87%E0%B8%9A%E0%B8%B1%E0%B8%A7%E0%B8%A5%E0%B8%B3%E0%B8%A0%E0%B8%B9/,200,PASS,
https://xn--42cn4aobed0eb6hubj4es0m5dhvd.com/%E0%B8%A3%E0%B8%B1%E0%B8%9A%E0%B8%8B%E0%B8%B7%E0%B9%89%E0%B8%AD%E0%B9%82%E0%B8%99%E0%B9%8A%E0%B8%95%E0%B8%9A%E0%B8%B8%E0%B9%8A%E0%B8%84/%E0%B8%AB%E0%B8%99%E0%B8%AD%E0%B8%87%E0%B8%84%E0%B8%B2%E0%B8%A2/,200,PASS,
https://xn--42cn4aobed0eb6hubj4es0m5dhvd.com/%E0%B8%A3%E0%B8%B1%E0%B8%9A%E0%B8%8B%E0%B8%B7%E0%B9%89%E0%B8%AD%E0%B9%82%E0%B8%99%E0%B9%8A%E0%B8%95%E0%B8%9A%E0%B8%B8%E0%B9%8A%E0%B8%84/%E0%B8%AB%E0%B8%B2%E0%B8%94%E0%B9%83%E0%B8%AB%E0%B8%8D%E0%B9%88/,200,PASS,
https://xn--42cn4aobed0eb6hubj4es0m5dhvd.com/%E0%B8%A3%E0%B8%B1%E0%B8%9A%E0%B8%8B%E0%B8%B7%E0%B9%89%E0%B8%AD%E0%B9%82%E0%B8%99%E0%B9%8A%E0%B8%95%E0%B8%9A%E0%B8%B8%E0%B9%8A%E0%B8%84/%E0%B8%AB%E0%B9%89%E0%B8%A7%E0%B8%A2%E0%B8%82%E0%B8%A7%E0%B8%B2%E0%B8%87/,200,PASS,
https://xn--42cn4aobed0eb6hubj4es0m5dhvd.com/%E0%B8%A3%E0%B8%B1%E0%B8%9A%E0%B8%8B%E0%B8%B7%E0%B9%89%E0%B8%AD%E0%B9%82%E0%B8%99%E0%B9%8A%E0%B8%95%E0%B8%9A%E0%B8%B8%E0%B9%8A%E0%B8%84/%E0%B8%AD%E0%B8%A2%E0%B8%B8%E0%B8%98%E0%B8%A2%E0%B8%B2/,200,PASS,
https://xn--42cn4aobed0eb6hubj4es0m5dhvd.com/%E0%B8%A3%E0%B8%B1%E0%B8%9A%E0%B8%8B%E0%B8%B7%E0%B9%89%E0%B8%AD%E0%B9%82%E0%B8%99%E0%B9%8A%E0%B8%95%E0%B8%9A%E0%B8%B8%E0%B9%8A%E0%B8%84/%E0%B8%AD%E0%B8%B3%E0%B8%99%E0%B8%B2%E0%B8%88%E0%B9%80%E0%B8%88%E0%B8%A3%E0%B8%B4%E0%B8%8D/,200,PASS,
https://xn--42cn4aobed0eb6hubj4es0m5dhvd.com/%E0%B8%A3%E0%B8%B1%E0%B8%9A%E0%B8%8B%E0%B8%B7%E0%B9%89%E0%B8%AD%E0%B9%82%E0%B8%99%E0%B9%8A%E0%B8%95%E0%B8%9A%E0%B8%B8%E0%B9%8A%E0%B8%84/%E0%B8%AD%E0%B8%B8%E0%B8%9A%E0%B8%A5%E0%B8%A3%E0%B8%B2%E0%B8%8A%E0%B8%98%E0%B8%B2%E0%B8%99%E0%B8%B5/,200,PASS,
https://xn--42cn4aobed0eb6hubj4es0m5dhvd.com/%E0%B8%A3%E0%B8%B1%E0%B8%9A%E0%B8%8B%E0%B8%B7%E0%B9%89%E0%B8%AD%E0%B9%82%E0%B8%99%E0%B9%8A%E0%B8%95%E0%B8%9A%E0%B8%B8%E0%B9%8A%E0%B8%84/%E0%B8%AD%E0%B8%B8%E0%B8%94%E0%B8%A3%E0%B8%98%E0%B8%B2%E0%B8%99%E0%B8%B5/,200,PASS,
https://xn--42cn4aobed0eb6hubj4es0m5dhvd.com/%E0%B8%A3%E0%B8%B1%E0%B8%9A%E0%B8%8B%E0%B8%B7%E0%B9%89%E0%B8%AD%E0%B9%82%E0%B8%99%E0%B9%8A%E0%B8%95%E0%B8%9A%E0%B8%B8%E0%B9%8A%E0%B8%84/%E0%B8%AD%E0%B8%B8%E0%B8%95%E0%B8%A3%E0%B8%94%E0%B8%B4%E0%B8%95%E0%B8%96%E0%B9%8C/,200,PASS,
https://xn--42cn4aobed0eb6hubj4es0m5dhvd.com/%E0%B8%A3%E0%B8%B1%E0%B8%9A%E0%B8%8B%E0%B8%B7%E0%B9%89%E0%B8%AD%E0%B9%82%E0%B8%99%E0%B9%8A%E0%B8%95%E0%B8%9A%E0%B8%B8%E0%B9%8A%E0%B8%84/%E0%B8%AD%E0%B8%B8%E0%B8%97%E0%B8%B1%E0%B8%A2%E0%B8%98%E0%B8%B2%E0%B8%99%E0%B8%B5/,200,PASS,
https://xn--42cn4aobed0eb6hubj4es0m5dhvd.com/%E0%B8%A3%E0%B8%B1%E0%B8%9A%E0%B8%8B%E0%B8%B7%E0%B9%89%E0%B8%AD%E0%B9%82%E0%B8%99%E0%B9%8A%E0%B8%95%E0%B8%9A%E0%B8%B8%E0%B9%8A%E0%B8%84/%E0%B8%AD%E0%B9%88%E0%B8%B2%E0%B8%87%E0%B8%97%E0%B8%AD%E0%B8%87/,200,PASS,
https://xn--42cn4aobed0eb6hubj4es0m5dhvd.com/%E0%B8%A3%E0%B8%B1%E0%B8%9A%E0%B8%8B%E0%B8%B7%E0%B9%89%E0%B8%AD%E0%B9%82%E0%B8%99%E0%B9%8A%E0%B8%95%E0%B8%9A%E0%B8%B8%E0%B9%8A%E0%B8%84/%E0%B8%AE%E0%B8%B2%E0%B8%A3%E0%B9%8C%E0%B8%94%E0%B8%94%E0%B8%B4%E0%B8%AA%E0%B8%81%E0%B9%8C%E0%B9%80%E0%B8%AA%E0%B8%B5%E0%B8%A2/,200,PASS,
https://xn--42cn4aobed0eb6hubj4es0m5dhvd.com/%E0%B8%A3%E0%B8%B1%E0%B8%9A%E0%B8%8B%E0%B8%B7%E0%B9%89%E0%B8%AD%E0%B9%82%E0%B8%99%E0%B9%8A%E0%B8%95%E0%B8%9A%E0%B8%B8%E0%B9%8A%E0%B8%84/%E0%B9%80%E0%B8%8A%E0%B8%B5%E0%B8%A2%E0%B8%87%E0%B8%A3%E0%B8%B2%E0%B8%A2/,200,PASS,
https://xn--42cn4aobed0eb6hubj4es0m5dhvd.com/%E0%B8%A3%E0%B8%B1%E0%B8%9A%E0%B8%8B%E0%B8%B7%E0%B9%89%E0%B8%AD%E0%B9%82%E0%B8%99%E0%B9%8A%E0%B8%95%E0%B8%9A%E0%B8%B8%E0%B9%8A%E0%B8%84/%E0%B9%80%E0%B8%8A%E0%B8%B5%E0%B8%A2%E0%B8%87%E0%B9%83%E0%B8%AB%E0%B8%A1%E0%B9%88/,200,PASS,
https://xn--42cn4aobed0eb6hubj4es0m5dhvd.com/%E0%B8%A3%E0%B8%B1%E0%B8%9A%E0%B8%8B%E0%B8%B7%E0%B9%89%E0%B8%AD%E0%B9%82%E0%B8%99%E0%B9%8A%E0%B8%95%E0%B8%9A%E0%B8%B8%E0%B9%8A%E0%B8%84/%E0%B9%80%E0%B8%9B%E0%B8%B4%E0%B8%94%E0%B9%84%E0%B8%A1%E0%B9%88%E0%B8%95%E0%B8%B4%E0%B8%94/,200,PASS,
https://xn--42cn4aobed0eb6hubj4es0m5dhvd.com/%E0%B8%A3%E0%B8%B1%E0%B8%9A%E0%B8%8B%E0%B8%B7%E0%B9%89%E0%B8%AD%E0%B9%82%E0%B8%99%E0%B9%8A%E0%B8%95%E0%B8%9A%E0%B8%B8%E0%B9%8A%E0%B8%84/%E0%B9%80%E0%B8%9E%E0%B8%8A%E0%B8%A3%E0%B8%9A%E0%B8%B8%E0%B8%A3%E0%B8%B5/,200,PASS,
https://xn--42cn4aobed0eb6hubj4es0m5dhvd.com/%E0%B8%A3%E0%B8%B1%E0%B8%9A%E0%B8%8B%E0%B8%B7%E0%B9%89%E0%B8%AD%E0%B9%82%E0%B8%99%E0%B9%8A%E0%B8%95%E0%B8%9A%E0%B8%B8%E0%B9%8A%E0%B8%84/%E0%B9%80%E0%B8%9E%E0%B8%8A%E0%B8%A3%E0%B8%9A%E0%B8%B9%E0%B8%A3%E0%B8%93%E0%B9%8C/,200,PASS,
https://xn--42cn4aobed0eb6hubj4es0m5dhvd.com/%E0%B8%A3%E0%B8%B1%E0%B8%9A%E0%B8%8B%E0%B8%B7%E0%B9%89%E0%B8%AD%E0%B9%82%E0%B8%99%E0%B9%8A%E0%B8%95%E0%B8%9A%E0%B8%B8%E0%B9%8A%E0%B8%84/%E0%B9%80%E0%B8%84%E0%B8%A3%E0%B8%B7%E0%B9%88%E0%B8%AD%E0%B8%87%E0%B9%80%E0%B8%81%E0%B9%88%E0%B8%B2/,200,PASS,
https://xn--42cn4aobed0eb6hubj4es0m5dhvd.com/%E0%B8%A3%E0%B8%B1%E0%B8%9A%E0%B8%8B%E0%B8%B7%E0%B9%89%E0%B8%AD%E0%B9%82%E0%B8%99%E0%B9%8A%E0%B8%95%E0%B8%9A%E0%B8%B8%E0%B9%8A%E0%B8%84/%E0%B9%80%E0%B8%84%E0%B8%A3%E0%B8%B7%E0%B9%88%E0%B8%AD%E0%B8%87%E0%B9%80%E0%B8%AA%E0%B8%B5%E0%B8%A2/,200,PASS,
https://xn--42cn4aobed0eb6hubj4es0m5dhvd.com/%E0%B8%A3%E0%B8%B1%E0%B8%9A%E0%B8%8B%E0%B8%B7%E0%B9%89%E0%B8%AD%E0%B9%82%E0%B8%99%E0%B9%8A%E0%B8%95%E0%B8%9A%E0%B8%B8%E0%B9%8A%E0%B8%84/%E0%B9%80%E0%B8%A1%E0%B8%99%E0%B8%9A%E0%B8%AD%E0%B8%A3%E0%B9%8C%E0%B8%94%E0%B9%80%E0%B8%AA%E0%B8%B5%E0%B8%A2/,200,PASS,
https://xn--42cn4aobed0eb6hubj4es0m5dhvd.com/%E0%B8%A3%E0%B8%B1%E0%B8%9A%E0%B8%8B%E0%B8%B7%E0%B9%89%E0%B8%AD%E0%B9%82%E0%B8%99%E0%B9%8A%E0%B8%95%E0%B8%9A%E0%B8%B8%E0%B9%8A%E0%B8%84/%E0%B9%80%E0%B8%A5%E0%B8%A2/,200,PASS,
https://xn--42cn4aobed0eb6hubj4es0m5dhvd.com/%E0%B8%A3%E0%B8%B1%E0%B8%9A%E0%B8%8B%E0%B8%B7%E0%B9%89%E0%B8%AD%E0%B9%82%E0%B8%99%E0%B9%8A%E0%B8%95%E0%B8%9A%E0%B8%B8%E0%B9%8A%E0%B8%84/%E0%B9%81%E0%B8%9A%E0%B8%95%E0%B9%80%E0%B8%AA%E0%B8%B7%E0%B9%88%E0%B8%AD%E0%B8%A1/,200,PASS,
https://xn--42cn4aobed0eb6hubj4es0m5dhvd.com/%E0%B8%A3%E0%B8%B1%E0%B8%9A%E0%B8%8B%E0%B8%B7%E0%B9%89%E0%B8%AD%E0%B9%82%E0%B8%99%E0%B9%8A%E0%B8%95%E0%B8%9A%E0%B8%B8%E0%B9%8A%E0%B8%84/%E0%B9%81%E0%B8%9E%E0%B8%A3%E0%B9%88/,200,PASS,
https://xn--42cn4aobed0eb6hubj4es0m5dhvd.com/%E0%B8%A3%E0%B8%B1%E0%B8%9A%E0%B8%8B%E0%B8%B7%E0%B9%89%E0%B8%AD%E0%B9%82%E0%B8%99%E0%B9%8A%E0%B8%95%E0%B8%9A%E0%B8%B8%E0%B9%8A%E0%B8%84/%E0%B9%81%E0%B8%A1%E0%B9%88%E0%B8%AE%E0%B9%88%E0%B8%AD%E0%B8%87%E0%B8%AA%E0%B8%AD%E0%B8%99/,200,PASS,
https://xn--42cn4aobed0eb6hubj4es0m5dhvd.com/%E0%B8%A3%E0%B8%B1%E0%B8%9A%E0%B8%8B%E0%B8%B7%E0%B9%89%E0%B8%AD%E0%B9%82%E0%B8%99%E0%B9%8A%E0%B8%95%E0%B8%9A%E0%B8%B8%E0%B9%8A%E0%B8%84/%E0%B9%82%E0%B8%94%E0%B8%99%E0%B8%99%E0%B9%89%E0%B8%B3/,200,PASS,
https://xn--42cn4aobed0eb6hubj4es0m5dhvd.com/%E0%B8%A3%E0%B8%B1%E0%B8%9A%E0%B8%8B%E0%B8%B7%E0%B9%89%E0%B8%AD%E0%B9%82%E0%B8%99%E0%B9%8A%E0%B8%95%E0%B8%9A%E0%B8%B8%E0%B9%8A%E0%B8%84/%E0%B9%83%E0%B8%8A%E0%B9%89%E0%B8%87%E0%B8%B2%E0%B8%99%E0%B8%9B%E0%B8%81%E0%B8%95%E0%B8%B4/,200,PASS,
https://xn--42cn4aobed0eb6hubj4es0m5dhvd.com/%E0%B8%A3%E0%B8%B1%E0%B8%9A%E0%B8%8B%E0%B8%B7%E0%B9%89%E0%B8%AD%E0%B9%82%E0%B8%99%E0%B9%8A%E0%B8%95%E0%B8%9A%E0%B8%B8%E0%B9%8A%E0%B8%84/%E0%B9%83%E0%B8%81%E0%B8%A5%E0%B9%89%E0%B8%89%E0%B8%B1%E0%B8%99/,200,PASS,
https://xn--42cn4aobed0eb6hubj4es0m5dhvd.com/%E0%B8%A3%E0%B8%B1%E0%B8%9A%E0%B8%8B%E0%B8%B7%E0%B9%89%E0%B8%AD%E0%B9%82%E0%B8%99%E0%B9%8A%E0%B8%95%E0%B8%9A%E0%B8%B8%E0%B9%8A%E0%B8%84/%E0%B9%84%E0%B8%9F%E0%B9%84%E0%B8%A1%E0%B9%88%E0%B9%80%E0%B8%82%E0%B9%89%E0%B8%B2/,200,PASS,
https://xn--42cn4aobed0eb6hubj4es0m5dhvd.com/%E0%B8%A3%E0%B8%B1%E0%B8%9A%E0%B8%8B%E0%B8%B7%E0%B9%89%E0%B8%AD%E0%B9%82%E0%B8%99%E0%B9%8A%E0%B8%95%E0%B8%9A%E0%B8%B8%E0%B9%8A%E0%B8%84/%E0%B9%84%E0%B8%A1%E0%B9%88%E0%B8%A1%E0%B8%B5%E0%B8%97%E0%B8%B5%E0%B9%88%E0%B8%8A%E0%B8%B2%E0%B8%A3%E0%B9%8C%E0%B8%88/,200,PASS,
https://xn--42cn4aobed0eb6hubj4es0m5dhvd.com/%E0%B8%A3%E0%B8%B1%E0%B8%9A%E0%B8%8B%E0%B8%B7%E0%B9%89%E0%B8%AD%E0%B9%82%E0%B8%99%E0%B9%8A%E0%B8%95%E0%B8%9A%E0%B8%B8%E0%B9%8A%E0%B8%84/acer-aspire-5/,200,PASS,
https://xn--42cn4aobed0eb6hubj4es0m5dhvd.com/%E0%B8%A3%E0%B8%B1%E0%B8%9A%E0%B8%8B%E0%B8%B7%E0%B9%89%E0%B8%AD%E0%B9%82%E0%B8%99%E0%B9%8A%E0%B8%95%E0%B8%9A%E0%B8%B8%E0%B9%8A%E0%B8%84/acer-nitro-16/,200,PASS,
https://xn--42cn4aobed0eb6hubj4es0m5dhvd.com/%E0%B8%A3%E0%B8%B1%E0%B8%9A%E0%B8%8B%E0%B8%B7%E0%B9%89%E0%B8%AD%E0%B9%82%E0%B8%99%E0%B9%8A%E0%B8%95%E0%B8%9A%E0%B8%B8%E0%B9%8A%E0%B8%84/acer-nitro-17/,200,PASS,
https://xn--42cn4aobed0eb6hubj4es0m5dhvd.com/%E0%B8%A3%E0%B8%B1%E0%B8%9A%E0%B8%8B%E0%B8%B7%E0%B9%89%E0%B8%AD%E0%B9%82%E0%B8%99%E0%B9%8A%E0%B8%95%E0%B8%9A%E0%B8%B8%E0%B9%8A%E0%B8%84/acer-nitro-v/,200,PASS,
https://xn--42cn4aobed0eb6hubj4es0m5dhvd.com/%E0%B8%A3%E0%B8%B1%E0%B8%9A%E0%B8%8B%E0%B8%B7%E0%B9%89%E0%B8%AD%E0%B9%82%E0%B8%99%E0%B9%8A%E0%B8%95%E0%B8%9A%E0%B8%B8%E0%B9%8A%E0%B8%84/acer-predator-helios/,200,PASS,
https://xn--42cn4aobed0eb6hubj4es0m5dhvd.com/%E0%B8%A3%E0%B8%B1%E0%B8%9A%E0%B8%8B%E0%B8%B7%E0%B9%89%E0%B8%AD%E0%B9%82%E0%B8%99%E0%B9%8A%E0%B8%95%E0%B8%9A%E0%B8%B8%E0%B9%8A%E0%B8%84/acer-predator-neo/,200,PASS,
https://xn--42cn4aobed0eb6hubj4es0m5dhvd.com/%E0%B8%A3%E0%B8%B1%E0%B8%9A%E0%B8%8B%E0%B8%B7%E0%B9%89%E0%B8%AD%E0%B9%82%E0%B8%99%E0%B9%8A%E0%B8%95%E0%B8%9A%E0%B8%B8%E0%B9%8A%E0%B8%84/acer-predator-triton/,200,PASS,
https://xn--42cn4aobed0eb6hubj4es0m5dhvd.com/%E0%B8%A3%E0%B8%B1%E0%B8%9A%E0%B8%8B%E0%B8%B7%E0%B9%89%E0%B8%AD%E0%B9%82%E0%B8%99%E0%B9%8A%E0%B8%95%E0%B8%9A%E0%B8%B8%E0%B9%8A%E0%B8%84/acer-swift/,200,PASS,
https://xn--42cn4aobed0eb6hubj4es0m5dhvd.com/%E0%B8%A3%E0%B8%B1%E0%B8%9A%E0%B8%8B%E0%B8%B7%E0%B9%89%E0%B8%AD%E0%B9%82%E0%B8%99%E0%B9%8A%E0%B8%95%E0%B8%9A%E0%B8%B8%E0%B9%8A%E0%B8%84/acer-travelmate/,200,PASS,
https://xn--42cn4aobed0eb6hubj4es0m5dhvd.com/%E0%B8%A3%E0%B8%B1%E0%B8%9A%E0%B8%8B%E0%B8%B7%E0%B9%89%E0%B8%AD%E0%B9%82%E0%B8%99%E0%B9%8A%E0%B8%95%E0%B8%9A%E0%B8%B8%E0%B9%8A%E0%B8%84/acer/,200,PASS,
https://xn--42cn4aobed0eb6hubj4es0m5dhvd.com/%E0%B8%A3%E0%B8%B1%E0%B8%9A%E0%B8%8B%E0%B8%B7%E0%B9%89%E0%B8%AD%E0%B9%82%E0%B8%99%E0%B9%8A%E0%B8%95%E0%B8%9A%E0%B8%B8%E0%B9%8A%E0%B8%84/alienware-m15-r7-r8/,200,PASS,
https://xn--42cn4aobed0eb6hubj4es0m5dhvd.com/%E0%B8%A3%E0%B8%B1%E0%B8%9A%E0%B8%8B%E0%B8%B7%E0%B9%89%E0%B8%AD%E0%B9%82%E0%B8%99%E0%B9%8A%E0%B8%95%E0%B8%9A%E0%B8%B8%E0%B9%8A%E0%B8%84/alienware-m16/,200,PASS,
https://xn--42cn4aobed0eb6hubj4es0m5dhvd.com/%E0%B8%A3%E0%B8%B1%E0%B8%9A%E0%B8%8B%E0%B8%B7%E0%B9%89%E0%B8%AD%E0%B9%82%E0%B8%99%E0%B9%8A%E0%B8%95%E0%B8%9A%E0%B8%B8%E0%B9%8A%E0%B8%84/alienware-m18/,200,PASS,
https://xn--42cn4aobed0eb6hubj4es0m5dhvd.com/%E0%B8%A3%E0%B8%B1%E0%B8%9A%E0%B8%8B%E0%B8%B7%E0%B9%89%E0%B8%AD%E0%B9%82%E0%B8%99%E0%B9%8A%E0%B8%95%E0%B8%9A%E0%B8%B8%E0%B9%8A%E0%B8%84/alienware-x16/,200,PASS,
https://xn--42cn4aobed0eb6hubj4es0m5dhvd.com/%E0%B8%A3%E0%B8%B1%E0%B8%9A%E0%B8%8B%E0%B8%B7%E0%B9%89%E0%B8%AD%E0%B9%82%E0%B8%99%E0%B9%8A%E0%B8%95%E0%B8%9A%E0%B8%B8%E0%B9%8A%E0%B8%84/asus-expertbook/,200,PASS,
https://xn--42cn4aobed0eb6hubj4es0m5dhvd.com/%E0%B8%A3%E0%B8%B1%E0%B8%9A%E0%B8%8B%E0%B8%B7%E0%B9%89%E0%B8%AD%E0%B9%82%E0%B8%99%E0%B9%8A%E0%B8%95%E0%B8%9A%E0%B8%B8%E0%B9%8A%E0%B8%84/asus-rog-ally-x/,200,PASS,
https://xn--42cn4aobed0eb6hubj4es0m5dhvd.com/%E0%B8%A3%E0%B8%B1%E0%B8%9A%E0%B8%8B%E0%B8%B7%E0%B9%89%E0%B8%AD%E0%B9%82%E0%B8%99%E0%B9%8A%E0%B8%95%E0%B8%9A%E0%B8%B8%E0%B9%8A%E0%B8%84/asus-rog-flow/,200,PASS,
https://xn--42cn4aobed0eb6hubj4es0m5dhvd.com/%E0%B8%A3%E0%B8%B1%E0%B8%9A%E0%B8%8B%E0%B8%B7%E0%B9%89%E0%B8%AD%E0%B9%82%E0%B8%99%E0%B9%8A%E0%B8%95%E0%B8%9A%E0%B8%B8%E0%B9%8A%E0%B8%84/asus-rog-strix/,200,PASS,
https://xn--42cn4aobed0eb6hubj4es0m5dhvd.com/%E0%B8%A3%E0%B8%B1%E0%B8%9A%E0%B8%8B%E0%B8%B7%E0%B9%89%E0%B8%AD%E0%B9%82%E0%B8%99%E0%B9%8A%E0%B8%95%E0%B8%9A%E0%B8%B8%E0%B9%8A%E0%B8%84/asus-tuf-a15-f15/,200,PASS,
https://xn--42cn4aobed0eb6hubj4es0m5dhvd.com/%E0%B8%A3%E0%B8%B1%E0%B8%9A%E0%B8%8B%E0%B8%B7%E0%B9%89%E0%B8%AD%E0%B9%82%E0%B8%99%E0%B9%8A%E0%B8%95%E0%B8%9A%E0%B8%B8%E0%B9%8A%E0%B8%84/asus-vivobook/,200,PASS,
https://xn--42cn4aobed0eb6hubj4es0m5dhvd.com/%E0%B8%A3%E0%B8%B1%E0%B8%9A%E0%B8%8B%E0%B8%B7%E0%B9%89%E0%B8%AD%E0%B9%82%E0%B8%99%E0%B9%8A%E0%B8%95%E0%B8%9A%E0%B8%B8%E0%B9%8A%E0%B8%84/asus-zenbook/,200,PASS,
https://xn--42cn4aobed0eb6hubj4es0m5dhvd.com/%E0%B8%A3%E0%B8%B1%E0%B8%9A%E0%B8%8B%E0%B8%B7%E0%B9%89%E0%B8%AD%E0%B9%82%E0%B8%99%E0%B9%8A%E0%B8%95%E0%B8%9A%E0%B8%B8%E0%B9%8A%E0%B8%84/asus-zephyrus-g14/,200,PASS,
https://xn--42cn4aobed0eb6hubj4es0m5dhvd.com/%E0%B8%A3%E0%B8%B1%E0%B8%9A%E0%B8%8B%E0%B8%B7%E0%B9%89%E0%B8%AD%E0%B9%82%E0%B8%99%E0%B9%8A%E0%B8%95%E0%B8%9A%E0%B8%B8%E0%B9%8A%E0%B8%84/asus-zephyrus-g16/,200,PASS,
https://xn--42cn4aobed0eb6hubj4es0m5dhvd.com/%E0%B8%A3%E0%B8%B1%E0%B8%9A%E0%B8%8B%E0%B8%B7%E0%B9%89%E0%B8%AD%E0%B9%82%E0%B8%99%E0%B9%8A%E0%B8%95%E0%B8%9A%E0%B8%B8%E0%B9%8A%E0%B8%84/asus-zephyrus/,200,PASS,
https://xn--42cn4aobed0eb6hubj4es0m5dhvd.com/%E0%B8%A3%E0%B8%B1%E0%B8%9A%E0%B8%8B%E0%B8%B7%E0%B9%89%E0%B8%AD%E0%B9%82%E0%B8%99%E0%B9%8A%E0%B8%95%E0%B8%9A%E0%B8%B8%E0%B9%8A%E0%B8%84/asus/,200,PASS,
https://xn--42cn4aobed0eb6hubj4es0m5dhvd.com/%E0%B8%A3%E0%B8%B1%E0%B8%9A%E0%B8%8B%E0%B8%B7%E0%B9%89%E0%B8%AD%E0%B9%82%E0%B8%99%E0%B9%8A%E0%B8%95%E0%B8%9A%E0%B8%B8%E0%B9%8A%E0%B8%84/dell-g15-g16/,200,PASS,
https://xn--42cn4aobed0eb6hubj4es0m5dhvd.com/%E0%B8%A3%E0%B8%B1%E0%B8%9A%E0%B8%8B%E0%B8%B7%E0%B9%89%E0%B8%AD%E0%B9%82%E0%B8%99%E0%B9%8A%E0%B8%95%E0%B8%9A%E0%B8%B8%E0%B9%8A%E0%B8%84/dell-inspiron-15/,200,PASS,
https://xn--42cn4aobed0eb6hubj4es0m5dhvd.com/%E0%B8%A3%E0%B8%B1%E0%B8%9A%E0%B8%8B%E0%B8%B7%E0%B9%89%E0%B8%AD%E0%B9%82%E0%B8%99%E0%B9%8A%E0%B8%95%E0%B8%9A%E0%B8%B8%E0%B9%8A%E0%B8%84/dell-latitude/,200,PASS,
https://xn--42cn4aobed0eb6hubj4es0m5dhvd.com/%E0%B8%A3%E0%B8%B1%E0%B8%9A%E0%B8%8B%E0%B8%B7%E0%B9%89%E0%B8%AD%E0%B9%82%E0%B8%99%E0%B9%8A%E0%B8%95%E0%B8%9A%E0%B8%B8%E0%B9%8A%E0%B8%84/dell-vostro/,200,PASS,
https://xn--42cn4aobed0eb6hubj4es0m5dhvd.com/%E0%B8%A3%E0%B8%B1%E0%B8%9A%E0%B8%8B%E0%B8%B7%E0%B9%89%E0%B8%AD%E0%B9%82%E0%B8%99%E0%B9%8A%E0%B8%95%E0%B8%9A%E0%B8%B8%E0%B9%8A%E0%B8%84/dell-xps-13-15/,200,PASS,
https://xn--42cn4aobed0eb6hubj4es0m5dhvd.com/%E0%B8%A3%E0%B8%B1%E0%B8%9A%E0%B8%8B%E0%B8%B7%E0%B9%89%E0%B8%AD%E0%B9%82%E0%B8%99%E0%B9%8A%E0%B8%95%E0%B8%9A%E0%B8%B8%E0%B9%8A%E0%B8%84/dell/,200,PASS,
https://xn--42cn4aobed0eb6hubj4es0m5dhvd.com/%E0%B8%A3%E0%B8%B1%E0%B8%9A%E0%B8%8B%E0%B8%B7%E0%B9%89%E0%B8%AD%E0%B9%82%E0%B8%99%E0%B9%8A%E0%B8%95%E0%B8%9A%E0%B8%B8%E0%B9%8A%E0%B8%84/gaming/,200,PASS,
https://xn--42cn4aobed0eb6hubj4es0m5dhvd.com/%E0%B8%A3%E0%B8%B1%E0%B8%9A%E0%B8%8B%E0%B8%B7%E0%B9%89%E0%B8%AD%E0%B9%82%E0%B8%99%E0%B9%8A%E0%B8%95%E0%B8%9A%E0%B8%B8%E0%B9%8A%E0%B8%84/gigabyte-aorus/,200,PASS,
https://xn--42cn4aobed0eb6hubj4es0m5dhvd.com/%E0%B8%A3%E0%B8%B1%E0%B8%9A%E0%B8%8B%E0%B8%B7%E0%B9%89%E0%B8%AD%E0%B9%82%E0%B8%99%E0%B9%8A%E0%B8%95%E0%B8%9A%E0%B8%B8%E0%B9%8A%E0%B8%84/gigabyte/,200,PASS,
https://xn--42cn4aobed0eb6hubj4es0m5dhvd.com/%E0%B8%A3%E0%B8%B1%E0%B8%9A%E0%B8%8B%E0%B8%B7%E0%B9%89%E0%B8%AD%E0%B9%82%E0%B8%99%E0%B9%8A%E0%B8%95%E0%B8%9A%E0%B8%B8%E0%B9%8A%E0%B8%84/hdmi-%E0%B9%80%E0%B8%AA%E0%B8%B5%E0%B8%A2/,200,PASS,
https://xn--42cn4aobed0eb6hubj4es0m5dhvd.com/%E0%B8%A3%E0%B8%B1%E0%B8%9A%E0%B8%8B%E0%B8%B7%E0%B9%89%E0%B8%AD%E0%B9%82%E0%B8%99%E0%B9%8A%E0%B8%95%E0%B8%9A%E0%B8%B8%E0%B9%8A%E0%B8%84/honor-magicbook/,200,PASS,
https://xn--42cn4aobed0eb6hubj4es0m5dhvd.com/%E0%B8%A3%E0%B8%B1%E0%B8%9A%E0%B8%8B%E0%B8%B7%E0%B9%89%E0%B8%AD%E0%B9%82%E0%B8%99%E0%B9%8A%E0%B8%95%E0%B8%9A%E0%B8%B8%E0%B9%8A%E0%B8%84/honor/,200,PASS,
https://xn--42cn4aobed0eb6hubj4es0m5dhvd.com/%E0%B8%A3%E0%B8%B1%E0%B8%9A%E0%B8%8B%E0%B8%B7%E0%B9%89%E0%B8%AD%E0%B9%82%E0%B8%99%E0%B9%8A%E0%B8%95%E0%B8%9A%E0%B8%B8%E0%B9%8A%E0%B8%84/hp-elitebook/,200,PASS,
https://xn--42cn4aobed0eb6hubj4es0m5dhvd.com/%E0%B8%A3%E0%B8%B1%E0%B8%9A%E0%B8%8B%E0%B8%B7%E0%B9%89%E0%B8%AD%E0%B9%82%E0%B8%99%E0%B9%8A%E0%B8%95%E0%B8%9A%E0%B8%B8%E0%B9%8A%E0%B8%84/hp-envy-x360/,200,PASS,
https://xn--42cn4aobed0eb6hubj4es0m5dhvd.com/%E0%B8%A3%E0%B8%B1%E0%B8%9A%E0%B8%8B%E0%B8%B7%E0%B9%89%E0%B8%AD%E0%B9%82%E0%B8%99%E0%B9%8A%E0%B8%95%E0%B8%9A%E0%B8%B8%E0%B9%8A%E0%B8%84/hp-omen-16/,200,PASS,
https://xn--42cn4aobed0eb6hubj4es0m5dhvd.com/%E0%B8%A3%E0%B8%B1%E0%B8%9A%E0%B8%8B%E0%B8%B7%E0%B9%89%E0%B8%AD%E0%B9%82%E0%B8%99%E0%B9%8A%E0%B8%95%E0%B8%9A%E0%B8%B8%E0%B9%8A%E0%B8%84/hp-omen-17/,200,PASS,
https://xn--42cn4aobed0eb6hubj4es0m5dhvd.com/%E0%B8%A3%E0%B8%B1%E0%B8%9A%E0%B8%8B%E0%B8%B7%E0%B9%89%E0%B8%AD%E0%B9%82%E0%B8%99%E0%B9%8A%E0%B8%95%E0%B8%9A%E0%B8%B8%E0%B9%8A%E0%B8%84/hp-omen-transcend/,200,PASS,
https://xn--42cn4aobed0eb6hubj4es0m5dhvd.com/%E0%B8%A3%E0%B8%B1%E0%B8%9A%E0%B8%8B%E0%B8%B7%E0%B9%89%E0%B8%AD%E0%B9%82%E0%B8%99%E0%B9%8A%E0%B8%95%E0%B8%9A%E0%B8%B8%E0%B9%8A%E0%B8%84/hp-pavilion/,200,PASS,
https://xn--42cn4aobed0eb6hubj4es0m5dhvd.com/%E0%B8%A3%E0%B8%B1%E0%B8%9A%E0%B8%8B%E0%B8%B7%E0%B9%89%E0%B8%AD%E0%B9%82%E0%B8%99%E0%B9%8A%E0%B8%95%E0%B8%9A%E0%B8%B8%E0%B9%8A%E0%B8%84/hp-probook/,200,PASS,
https://xn--42cn4aobed0eb6hubj4es0m5dhvd.com/%E0%B8%A3%E0%B8%B1%E0%B8%9A%E0%B8%8B%E0%B8%B7%E0%B9%89%E0%B8%AD%E0%B9%82%E0%B8%99%E0%B9%8A%E0%B8%95%E0%B8%9A%E0%B8%B8%E0%B9%8A%E0%B8%84/hp-spectre-x360/,200,PASS,
https://xn--42cn4aobed0eb6hubj4es0m5dhvd.com/%E0%B8%A3%E0%B8%B1%E0%B8%9A%E0%B8%8B%E0%B8%B7%E0%B9%89%E0%B8%AD%E0%B9%82%E0%B8%99%E0%B9%8A%E0%B8%95%E0%B8%9A%E0%B8%B8%E0%B9%8A%E0%B8%84/hp-victus-15/,200,PASS,
https://xn--42cn4aobed0eb6hubj4es0m5dhvd.com/%E0%B8%A3%E0%B8%B1%E0%B8%9A%E0%B8%8B%E0%B8%B7%E0%B9%89%E0%B8%AD%E0%B9%82%E0%B8%99%E0%B9%8A%E0%B8%95%E0%B8%9A%E0%B8%B8%E0%B9%8A%E0%B8%84/hp-victus-16/,200,PASS,
https://xn--42cn4aobed0eb6hubj4es0m5dhvd.com/%E0%B8%A3%E0%B8%B1%E0%B8%9A%E0%B8%8B%E0%B8%B7%E0%B9%89%E0%B8%AD%E0%B9%82%E0%B8%99%E0%B9%8A%E0%B8%95%E0%B8%9A%E0%B8%B8%E0%B9%8A%E0%B8%84/hp-victus-17/,200,PASS,
https://xn--42cn4aobed0eb6hubj4es0m5dhvd.com/%E0%B8%A3%E0%B8%B1%E0%B8%9A%E0%B8%8B%E0%B8%B7%E0%B9%89%E0%B8%AD%E0%B9%82%E0%B8%99%E0%B9%8A%E0%B8%95%E0%B8%9A%E0%B8%B8%E0%B9%8A%E0%B8%84/hp/,200,PASS,
https://xn--42cn4aobed0eb6hubj4es0m5dhvd.com/%E0%B8%A3%E0%B8%B1%E0%B8%9A%E0%B8%8B%E0%B8%B7%E0%B9%89%E0%B8%AD%E0%B9%82%E0%B8%99%E0%B9%8A%E0%B8%95%E0%B8%9A%E0%B8%B8%E0%B9%8A%E0%B8%84/huawei-matebook/,200,PASS,
https://xn--42cn4aobed0eb6hubj4es0m5dhvd.com/%E0%B8%A3%E0%B8%B1%E0%B8%9A%E0%B8%8B%E0%B8%B7%E0%B9%89%E0%B8%AD%E0%B9%82%E0%B8%99%E0%B9%8A%E0%B8%95%E0%B8%9A%E0%B8%B8%E0%B9%8A%E0%B8%84/huawei/,200,PASS,
https://xn--42cn4aobed0eb6hubj4es0m5dhvd.com/%E0%B8%A3%E0%B8%B1%E0%B8%9A%E0%B8%8B%E0%B8%B7%E0%B9%89%E0%B8%AD%E0%B9%82%E0%B8%99%E0%B9%8A%E0%B8%95%E0%B8%9A%E0%B8%B8%E0%B9%8A%E0%B8%84/lenovo-ideapad-3-5/,200,PASS,
https://xn--42cn4aobed0eb6hubj4es0m5dhvd.com/%E0%B8%A3%E0%B8%B1%E0%B8%9A%E0%B8%8B%E0%B8%B7%E0%B9%89%E0%B8%AD%E0%B9%82%E0%B8%99%E0%B9%8A%E0%B8%95%E0%B8%9A%E0%B8%B8%E0%B9%8A%E0%B8%84/lenovo-legion-5/,200,PASS,
https://xn--42cn4aobed0eb6hubj4es0m5dhvd.com/%E0%B8%A3%E0%B8%B1%E0%B8%9A%E0%B8%8B%E0%B8%B7%E0%B9%89%E0%B8%AD%E0%B9%82%E0%B8%99%E0%B9%8A%E0%B8%95%E0%B8%9A%E0%B8%B8%E0%B9%8A%E0%B8%84/lenovo-legion-pro-7/,200,PASS,
https://xn--42cn4aobed0eb6hubj4es0m5dhvd.com/%E0%B8%A3%E0%B8%B1%E0%B8%9A%E0%B8%8B%E0%B8%B7%E0%B9%89%E0%B8%AD%E0%B9%82%E0%B8%99%E0%B9%8A%E0%B8%95%E0%B8%9A%E0%B8%B8%E0%B9%8A%E0%B8%84/lenovo-legion-pro/,200,PASS,
https://xn--42cn4aobed0eb6hubj4es0m5dhvd.com/%E0%B8%A3%E0%B8%B1%E0%B8%9A%E0%B8%8B%E0%B8%B7%E0%B9%89%E0%B8%AD%E0%B9%82%E0%B8%99%E0%B9%8A%E0%B8%95%E0%B8%9A%E0%B8%B8%E0%B9%8A%E0%B8%84/lenovo-legion-slim/,200,PASS,
https://xn--42cn4aobed0eb6hubj4es0m5dhvd.com/%E0%B8%A3%E0%B8%B1%E0%B8%9A%E0%B8%8B%E0%B8%B7%E0%B9%89%E0%B8%AD%E0%B9%82%E0%B8%99%E0%B9%8A%E0%B8%95%E0%B8%9A%E0%B8%B8%E0%B9%8A%E0%B8%84/lenovo-loq-15-16/,200,PASS,
https://xn--42cn4aobed0eb6hubj4es0m5dhvd.com/%E0%B8%A3%E0%B8%B1%E0%B8%9A%E0%B8%8B%E0%B8%B7%E0%B9%89%E0%B8%AD%E0%B9%82%E0%B8%99%E0%B9%8A%E0%B8%95%E0%B8%9A%E0%B8%B8%E0%B9%8A%E0%B8%84/lenovo-thinkbook/,200,PASS,
https://xn--42cn4aobed0eb6hubj4es0m5dhvd.com/%E0%B8%A3%E0%B8%B1%E0%B8%9A%E0%B8%8B%E0%B8%B7%E0%B9%89%E0%B8%AD%E0%B9%82%E0%B8%99%E0%B9%8A%E0%B8%95%E0%B8%9A%E0%B8%B8%E0%B9%8A%E0%B8%84/lenovo-yoga/,200,PASS,
https://xn--42cn4aobed0eb6hubj4es0m5dhvd.com/%E0%B8%A3%E0%B8%B1%E0%B8%9A%E0%B8%8B%E0%B8%B7%E0%B9%89%E0%B8%AD%E0%B9%82%E0%B8%99%E0%B9%8A%E0%B8%95%E0%B8%9A%E0%B8%B8%E0%B9%8A%E0%B8%84/lenovo/,200,PASS,
https://xn--42cn4aobed0eb6hubj4es0m5dhvd.com/%E0%B8%A3%E0%B8%B1%E0%B8%9A%E0%B8%8B%E0%B8%B7%E0%B9%89%E0%B8%AD%E0%B9%82%E0%B8%99%E0%B9%8A%E0%B8%95%E0%B8%9A%E0%B8%B8%E0%B9%8A%E0%B8%84/lg-gram/,200,PASS,
https://xn--42cn4aobed0eb6hubj4es0m5dhvd.com/%E0%B8%A3%E0%B8%B1%E0%B8%9A%E0%B8%8B%E0%B8%B7%E0%B9%89%E0%B8%AD%E0%B9%82%E0%B8%99%E0%B9%8A%E0%B8%95%E0%B8%9A%E0%B8%B8%E0%B9%8A%E0%B8%84/lg/,200,PASS,
https://xn--42cn4aobed0eb6hubj4es0m5dhvd.com/%E0%B8%A3%E0%B8%B1%E0%B8%9A%E0%B8%8B%E0%B8%B7%E0%B9%89%E0%B8%AD%E0%B9%82%E0%B8%99%E0%B9%8A%E0%B8%95%E0%B8%9A%E0%B8%B8%E0%B9%8A%E0%B8%84/macbook-air-13/,200,PASS,
https://xn--42cn4aobed0eb6hubj4es0m5dhvd.com/%E0%B8%A3%E0%B8%B1%E0%B8%9A%E0%B8%8B%E0%B8%B7%E0%B9%89%E0%B8%AD%E0%B9%82%E0%B8%99%E0%B9%8A%E0%B8%95%E0%B8%9A%E0%B8%B8%E0%B9%8A%E0%B8%84/macbook-air-15/,200,PASS,
https://xn--42cn4aobed0eb6hubj4es0m5dhvd.com/%E0%B8%A3%E0%B8%B1%E0%B8%9A%E0%B8%8B%E0%B8%B7%E0%B9%89%E0%B8%AD%E0%B9%82%E0%B8%99%E0%B9%8A%E0%B8%95%E0%B8%9A%E0%B8%B8%E0%B9%8A%E0%B8%84/macbook-air-m1/,200,PASS,
https://xn--42cn4aobed0eb6hubj4es0m5dhvd.com/%E0%B8%A3%E0%B8%B1%E0%B8%9A%E0%B8%8B%E0%B8%B7%E0%B9%89%E0%B8%AD%E0%B9%82%E0%B8%99%E0%B9%8A%E0%B8%95%E0%B8%9A%E0%B8%B8%E0%B9%8A%E0%B8%84/macbook-air-m2/,200,PASS,
https://xn--42cn4aobed0eb6hubj4es0m5dhvd.com/%E0%B8%A3%E0%B8%B1%E0%B8%9A%E0%B8%8B%E0%B8%B7%E0%B9%89%E0%B8%AD%E0%B9%82%E0%B8%99%E0%B9%8A%E0%B8%95%E0%B8%9A%E0%B8%B8%E0%B9%8A%E0%B8%84/macbook-air-m3/,200,PASS,
https://xn--42cn4aobed0eb6hubj4es0m5dhvd.com/%E0%B8%A3%E0%B8%B1%E0%B8%9A%E0%B8%8B%E0%B8%B7%E0%B9%89%E0%B8%AD%E0%B9%82%E0%B8%99%E0%B9%8A%E0%B8%95%E0%B8%9A%E0%B8%B8%E0%B9%8A%E0%B8%84/macbook-air-m4/,200,PASS,
https://xn--42cn4aobed0eb6hubj4es0m5dhvd.com/%E0%B8%A3%E0%B8%B1%E0%B8%9A%E0%B8%8B%E0%B8%B7%E0%B9%89%E0%B8%AD%E0%B9%82%E0%B8%99%E0%B9%8A%E0%B8%95%E0%B8%9A%E0%B8%B8%E0%B9%8A%E0%B8%84/macbook-air-m5/,200,PASS,
https://xn--42cn4aobed0eb6hubj4es0m5dhvd.com/%E0%B8%A3%E0%B8%B1%E0%B8%9A%E0%B8%8B%E0%B8%B7%E0%B9%89%E0%B8%AD%E0%B9%82%E0%B8%99%E0%B9%8A%E0%B8%95%E0%B8%9A%E0%B8%B8%E0%B9%8A%E0%B8%84/macbook-battery-health/,200,PASS,
https://xn--42cn4aobed0eb6hubj4es0m5dhvd.com/%E0%B8%A3%E0%B8%B1%E0%B8%9A%E0%B8%8B%E0%B8%B7%E0%B9%89%E0%B8%AD%E0%B9%82%E0%B8%99%E0%B9%8A%E0%B8%95%E0%B8%9A%E0%B8%B8%E0%B9%8A%E0%B8%84/macbook-battery-swollen/,200,PASS,
https://xn--42cn4aobed0eb6hubj4es0m5dhvd.com/%E0%B8%A3%E0%B8%B1%E0%B8%9A%E0%B8%8B%E0%B8%B7%E0%B9%89%E0%B8%AD%E0%B9%82%E0%B8%99%E0%B9%8A%E0%B8%95%E0%B8%9A%E0%B8%B8%E0%B9%8A%E0%B8%84/macbook-charge-port/,200,PASS,
https://xn--42cn4aobed0eb6hubj4es0m5dhvd.com/%E0%B8%A3%E0%B8%B1%E0%B8%9A%E0%B8%8B%E0%B8%B7%E0%B9%89%E0%B8%AD%E0%B9%82%E0%B8%99%E0%B9%8A%E0%B8%95%E0%B8%9A%E0%B8%B8%E0%B9%8A%E0%B8%84/macbook-cycle-count/,200,PASS,
https://xn--42cn4aobed0eb6hubj4es0m5dhvd.com/%E0%B8%A3%E0%B8%B1%E0%B8%9A%E0%B8%8B%E0%B8%B7%E0%B9%89%E0%B8%AD%E0%B9%82%E0%B8%99%E0%B9%8A%E0%B8%95%E0%B8%9A%E0%B8%B8%E0%B9%8A%E0%B8%84/macbook-keyboard-issue/,200,PASS,
https://xn--42cn4aobed0eb6hubj4es0m5dhvd.com/%E0%B8%A3%E0%B8%B1%E0%B8%9A%E0%B8%8B%E0%B8%B7%E0%B9%89%E0%B8%AD%E0%B9%82%E0%B8%99%E0%B9%8A%E0%B8%95%E0%B8%9A%E0%B8%B8%E0%B9%8A%E0%B8%84/macbook-mdm/,200,PASS,
https://xn--42cn4aobed0eb6hubj4es0m5dhvd.com/%E0%B8%A3%E0%B8%B1%E0%B8%9A%E0%B8%8B%E0%B8%B7%E0%B9%89%E0%B8%AD%E0%B9%82%E0%B8%99%E0%B9%8A%E0%B8%95%E0%B8%9A%E0%B8%B8%E0%B9%8A%E0%B8%84/macbook-no-box-no-receipt/,200,PASS,
https://xn--42cn4aobed0eb6hubj4es0m5dhvd.com/%E0%B8%A3%E0%B8%B1%E0%B8%9A%E0%B8%8B%E0%B8%B7%E0%B9%89%E0%B8%AD%E0%B9%82%E0%B8%99%E0%B9%8A%E0%B8%95%E0%B8%9A%E0%B8%B8%E0%B9%8A%E0%B8%84/macbook-pro-14/,200,PASS,
https://xn--42cn4aobed0eb6hubj4es0m5dhvd.com/%E0%B8%A3%E0%B8%B1%E0%B8%9A%E0%B8%8B%E0%B8%B7%E0%B9%89%E0%B8%AD%E0%B9%82%E0%B8%99%E0%B9%8A%E0%B8%95%E0%B8%9A%E0%B8%B8%E0%B9%8A%E0%B8%84/macbook-pro-16/,200,PASS,
https://xn--42cn4aobed0eb6hubj4es0m5dhvd.com/%E0%B8%A3%E0%B8%B1%E0%B8%9A%E0%B8%8B%E0%B8%B7%E0%B9%89%E0%B8%AD%E0%B9%82%E0%B8%99%E0%B9%8A%E0%B8%95%E0%B8%9A%E0%B8%B8%E0%B9%8A%E0%B8%84/macbook-pro-m1/,200,PASS,
https://xn--42cn4aobed0eb6hubj4es0m5dhvd.com/%E0%B8%A3%E0%B8%B1%E0%B8%9A%E0%B8%8B%E0%B8%B7%E0%B9%89%E0%B8%AD%E0%B9%82%E0%B8%99%E0%B9%8A%E0%B8%95%E0%B8%9A%E0%B8%B8%E0%B9%8A%E0%B8%84/macbook-pro-m2/,200,PASS,
https://xn--42cn4aobed0eb6hubj4es0m5dhvd.com/%E0%B8%A3%E0%B8%B1%E0%B8%9A%E0%B8%8B%E0%B8%B7%E0%B9%89%E0%B8%AD%E0%B9%82%E0%B8%99%E0%B9%8A%E0%B8%95%E0%B8%9A%E0%B8%B8%E0%B9%8A%E0%B8%84/macbook-pro-m3/,200,PASS,
https://xn--42cn4aobed0eb6hubj4es0m5dhvd.com/%E0%B8%A3%E0%B8%B1%E0%B8%9A%E0%B8%8B%E0%B8%B7%E0%B9%89%E0%B8%AD%E0%B9%82%E0%B8%99%E0%B9%8A%E0%B8%95%E0%B8%9A%E0%B8%B8%E0%B9%8A%E0%B8%84/macbook-pro-m4/,200,PASS,
https://xn--42cn4aobed0eb6hubj4es0m5dhvd.com/%E0%B8%A3%E0%B8%B1%E0%B8%9A%E0%B8%8B%E0%B8%B7%E0%B9%89%E0%B8%AD%E0%B9%82%E0%B8%99%E0%B9%8A%E0%B8%95%E0%B8%9A%E0%B8%B8%E0%B9%8A%E0%B8%84/macbook-pro-m5/,200,PASS,
https://xn--42cn4aobed0eb6hubj4es0m5dhvd.com/%E0%B8%A3%E0%B8%B1%E0%B8%9A%E0%B8%8B%E0%B8%B7%E0%B9%89%E0%B8%AD%E0%B9%82%E0%B8%99%E0%B9%8A%E0%B8%95%E0%B8%9A%E0%B8%B8%E0%B9%8A%E0%B8%84/macbook-screen-crack/,200,PASS,
https://xn--42cn4aobed0eb6hubj4es0m5dhvd.com/%E0%B8%A3%E0%B8%B1%E0%B8%9A%E0%B8%8B%E0%B8%B7%E0%B9%89%E0%B8%AD%E0%B9%82%E0%B8%99%E0%B9%8A%E0%B8%95%E0%B8%9A%E0%B8%B8%E0%B9%8A%E0%B8%84/macbook/,200,PASS,
https://xn--42cn4aobed0eb6hubj4es0m5dhvd.com/%E0%B8%A3%E0%B8%B1%E0%B8%9A%E0%B8%8B%E0%B8%B7%E0%B9%89%E0%B8%AD%E0%B9%82%E0%B8%99%E0%B9%8A%E0%B8%95%E0%B8%9A%E0%B8%B8%E0%B9%8A%E0%B8%84/msi-cyborg-15/,200,PASS,
https://xn--42cn4aobed0eb6hubj4es0m5dhvd.com/%E0%B8%A3%E0%B8%B1%E0%B8%9A%E0%B8%8B%E0%B8%B7%E0%B9%89%E0%B8%AD%E0%B9%82%E0%B8%99%E0%B9%8A%E0%B8%95%E0%B8%9A%E0%B8%B8%E0%B9%8A%E0%B8%84/msi-katana-15/,200,PASS,
https://xn--42cn4aobed0eb6hubj4es0m5dhvd.com/%E0%B8%A3%E0%B8%B1%E0%B8%9A%E0%B8%8B%E0%B8%B7%E0%B9%89%E0%B8%AD%E0%B9%82%E0%B8%99%E0%B9%8A%E0%B8%95%E0%B8%9A%E0%B8%B8%E0%B9%8A%E0%B8%84/msi-modern/,200,PASS,
https://xn--42cn4aobed0eb6hubj4es0m5dhvd.com/%E0%B8%A3%E0%B8%B1%E0%B8%9A%E0%B8%8B%E0%B8%B7%E0%B9%89%E0%B8%AD%E0%B9%82%E0%B8%99%E0%B9%8A%E0%B8%95%E0%B8%9A%E0%B8%B8%E0%B9%8A%E0%B8%84/msi-raider-18/,200,PASS,
https://xn--42cn4aobed0eb6hubj4es0m5dhvd.com/%E0%B8%A3%E0%B8%B1%E0%B8%9A%E0%B8%8B%E0%B8%B7%E0%B9%89%E0%B8%AD%E0%B9%82%E0%B8%99%E0%B9%8A%E0%B8%95%E0%B8%9A%E0%B8%B8%E0%B9%8A%E0%B8%84/msi-stealth-14/,200,PASS,
https://xn--42cn4aobed0eb6hubj4es0m5dhvd.com/%E0%B8%A3%E0%B8%B1%E0%B8%9A%E0%B8%8B%E0%B8%B7%E0%B9%89%E0%B8%AD%E0%B9%82%E0%B8%99%E0%B9%8A%E0%B8%95%E0%B8%9A%E0%B8%B8%E0%B9%8A%E0%B8%84/msi-stealth-16/,200,PASS,
https://xn--42cn4aobed0eb6hubj4es0m5dhvd.com/%E0%B8%A3%E0%B8%B1%E0%B8%9A%E0%B8%8B%E0%B8%B7%E0%B9%89%E0%B8%AD%E0%B9%82%E0%B8%99%E0%B9%8A%E0%B8%95%E0%B8%9A%E0%B8%B8%E0%B9%8A%E0%B8%84/msi-vector-16-hx/,200,PASS,
https://xn--42cn4aobed0eb6hubj4es0m5dhvd.com/%E0%B8%A3%E0%B8%B1%E0%B8%9A%E0%B8%8B%E0%B8%B7%E0%B9%89%E0%B8%AD%E0%B9%82%E0%B8%99%E0%B9%8A%E0%B8%95%E0%B8%9A%E0%B8%B8%E0%B9%8A%E0%B8%84/msi/,200,PASS,
https://xn--42cn4aobed0eb6hubj4es0m5dhvd.com/%E0%B8%A3%E0%B8%B1%E0%B8%9A%E0%B8%8B%E0%B8%B7%E0%B9%89%E0%B8%AD%E0%B9%82%E0%B8%99%E0%B9%8A%E0%B8%95%E0%B8%9A%E0%B8%B8%E0%B9%8A%E0%B8%84/razer-blade/,200,PASS,
https://xn--42cn4aobed0eb6hubj4es0m5dhvd.com/%E0%B8%A3%E0%B8%B1%E0%B8%9A%E0%B8%8B%E0%B8%B7%E0%B9%89%E0%B8%AD%E0%B9%82%E0%B8%99%E0%B9%8A%E0%B8%95%E0%B8%9A%E0%B8%B8%E0%B9%8A%E0%B8%84/razer/,200,PASS,
https://xn--42cn4aobed0eb6hubj4es0m5dhvd.com/%E0%B8%A3%E0%B8%B1%E0%B8%9A%E0%B8%8B%E0%B8%B7%E0%B9%89%E0%B8%AD%E0%B9%82%E0%B8%99%E0%B9%8A%E0%B8%95%E0%B8%9A%E0%B8%B8%E0%B9%8A%E0%B8%84/samsung-galaxy-book/,200,PASS,
https://xn--42cn4aobed0eb6hubj4es0m5dhvd.com/%E0%B8%A3%E0%B8%B1%E0%B8%9A%E0%B8%8B%E0%B8%B7%E0%B9%89%E0%B8%AD%E0%B9%82%E0%B8%99%E0%B9%8A%E0%B8%95%E0%B8%9A%E0%B8%B8%E0%B9%8A%E0%B8%84/samsung/,200,PASS,
https://xn--42cn4aobed0eb6hubj4es0m5dhvd.com/%E0%B8%A3%E0%B8%B1%E0%B8%9A%E0%B8%8B%E0%B8%B7%E0%B9%89%E0%B8%AD%E0%B9%82%E0%B8%99%E0%B9%8A%E0%B8%95%E0%B8%9A%E0%B8%B8%E0%B9%8A%E0%B8%84/ssd-%E0%B9%80%E0%B8%AA%E0%B8%B5%E0%B8%A2/,200,PASS,
https://xn--42cn4aobed0eb6hubj4es0m5dhvd.com/%E0%B8%A3%E0%B8%B1%E0%B8%9A%E0%B8%8B%E0%B8%B7%E0%B9%89%E0%B8%AD%E0%B9%82%E0%B8%99%E0%B9%8A%E0%B8%95%E0%B8%9A%E0%B8%B8%E0%B9%8A%E0%B8%84/surface-book/,200,PASS,
https://xn--42cn4aobed0eb6hubj4es0m5dhvd.com/%E0%B8%A3%E0%B8%B1%E0%B8%9A%E0%B8%8B%E0%B8%B7%E0%B9%89%E0%B8%AD%E0%B9%82%E0%B8%99%E0%B9%8A%E0%B8%95%E0%B8%9A%E0%B8%B8%E0%B9%8A%E0%B8%84/surface-laptop-go/,200,PASS,
https://xn--42cn4aobed0eb6hubj4es0m5dhvd.com/%E0%B8%A3%E0%B8%B1%E0%B8%9A%E0%B8%8B%E0%B8%B7%E0%B9%89%E0%B8%AD%E0%B9%82%E0%B8%99%E0%B9%8A%E0%B8%95%E0%B8%9A%E0%B8%B8%E0%B9%8A%E0%B8%84/surface-laptop/,200,PASS,
https://xn--42cn4aobed0eb6hubj4es0m5dhvd.com/%E0%B8%A3%E0%B8%B1%E0%B8%9A%E0%B8%8B%E0%B8%B7%E0%B9%89%E0%B8%AD%E0%B9%82%E0%B8%99%E0%B9%8A%E0%B8%95%E0%B8%9A%E0%B8%B8%E0%B9%8A%E0%B8%84/surface-pro/,200,PASS,
https://xn--42cn4aobed0eb6hubj4es0m5dhvd.com/%E0%B8%A3%E0%B8%B1%E0%B8%9A%E0%B8%8B%E0%B8%B7%E0%B9%89%E0%B8%AD%E0%B9%82%E0%B8%99%E0%B9%8A%E0%B8%95%E0%B8%9A%E0%B8%B8%E0%B9%8A%E0%B8%84/surface/,200,PASS,
https://xn--42cn4aobed0eb6hubj4es0m5dhvd.com/%E0%B8%A3%E0%B8%B1%E0%B8%9A%E0%B8%8B%E0%B8%B7%E0%B9%89%E0%B8%AD%E0%B9%82%E0%B8%99%E0%B9%8A%E0%B8%95%E0%B8%9A%E0%B8%B8%E0%B9%8A%E0%B8%84/thinkpad-e14-e15/,200,PASS,
https://xn--42cn4aobed0eb6hubj4es0m5dhvd.com/%E0%B8%A3%E0%B8%B1%E0%B8%9A%E0%B8%8B%E0%B8%B7%E0%B9%89%E0%B8%AD%E0%B9%82%E0%B8%99%E0%B9%8A%E0%B8%95%E0%B8%9A%E0%B8%B8%E0%B9%8A%E0%B8%84/thinkpad-t14/,200,PASS,
https://xn--42cn4aobed0eb6hubj4es0m5dhvd.com/%E0%B8%A3%E0%B8%B1%E0%B8%9A%E0%B8%8B%E0%B8%B7%E0%B9%89%E0%B8%AD%E0%B9%82%E0%B8%99%E0%B9%8A%E0%B8%95%E0%B8%9A%E0%B8%B8%E0%B9%8A%E0%B8%84/thinkpad-x1-carbon/,200,PASS,
https://xn--42cn4aobed0eb6hubj4es0m5dhvd.com/%E0%B8%A3%E0%B8%B1%E0%B8%9A%E0%B8%8B%E0%B8%B7%E0%B9%89%E0%B8%AD%E0%B9%82%E0%B8%99%E0%B9%8A%E0%B8%95%E0%B8%9A%E0%B8%B8%E0%B9%8A%E0%B8%84/wifi-%E0%B9%84%E0%B8%A1%E0%B9%88%E0%B8%95%E0%B8%B4%E0%B8%94/,200,PASS,
https://xn--42cn4aobed0eb6hubj4es0m5dhvd.com/%E0%B8%A3%E0%B8%B1%E0%B8%9A%E0%B8%8B%E0%B8%B7%E0%B9%89%E0%B8%AD%E0%B9%82%E0%B8%99%E0%B9%8A%E0%B8%95%E0%B8%9A%E0%B8%B8%E0%B9%8A%E0%B8%84%E0%B8%9A%E0%B8%A3%E0%B8%B4%E0%B8%A9%E0%B8%B1%E0%B8%97/,200,PASS,
https://xn--42cn4aobed0eb6hubj4es0m5dhvd.com/%E0%B8%A3%E0%B8%B1%E0%B8%9A%E0%B8%8B%E0%B8%B7%E0%B9%89%E0%B8%AD%E0%B9%82%E0%B8%99%E0%B9%8A%E0%B8%95%E0%B8%9A%E0%B8%B8%E0%B9%8A%E0%B8%84%E0%B8%A1%E0%B8%B7%E0%B8%AD%E0%B8%AA%E0%B8%AD%E0%B8%87/,200,PASS,
https://xn--42cn4aobed0eb6hubj4es0m5dhvd.com/%E0%B8%A3%E0%B8%B1%E0%B8%9A%E0%B8%9B%E0%B8%A3%E0%B8%B0%E0%B8%A1%E0%B8%B9%E0%B8%A5%E0%B8%84%E0%B8%AD%E0%B8%A1/,200,PASS,
https://xn--42cn4aobed0eb6hubj4es0m5dhvd.com/%E0%B8%A3%E0%B8%B1%E0%B8%9A%E0%B9%80%E0%B8%AB%E0%B8%A1%E0%B8%B2%E0%B8%84%E0%B8%AD%E0%B8%A1%E0%B8%9E%E0%B8%B4%E0%B8%A7%E0%B9%80%E0%B8%95%E0%B8%AD%E0%B8%A3%E0%B9%8C/,200,PASS,
https://xn--42cn4aobed0eb6hubj4es0m5dhvd.com/%E0%B8%A3%E0%B8%B1%E0%B8%9A%E0%B9%80%E0%B8%AB%E0%B8%A1%E0%B8%B2%E0%B9%82%E0%B8%99%E0%B9%8A%E0%B8%95%E0%B8%9A%E0%B8%B8%E0%B9%8A%E0%B8%84/,200,PASS,
https://xn--42cn4aobed0eb6hubj4es0m5dhvd.com/%E0%B8%A7%E0%B8%B4%E0%B8%98%E0%B8%B5%E0%B8%82%E0%B8%B2%E0%B8%A2%E0%B9%82%E0%B8%99%E0%B9%8A%E0%B8%95%E0%B8%9A%E0%B8%B8%E0%B9%8A%E0%B8%84/,200,PASS,
https://xn--42cn4aobed0eb6hubj4es0m5dhvd.com/%E0%B9%80%E0%B8%8A%E0%B9%87%E0%B8%84%E0%B8%A3%E0%B8%B2%E0%B8%84%E0%B8%B2%E0%B9%82%E0%B8%99%E0%B9%8A%E0%B8%95%E0%B8%9A%E0%B8%B8%E0%B9%8A%E0%B8%84/,200,PASS,
https://xn--42cn4aobed0eb6hubj4es0m5dhvd.com/%E0%B9%80%E0%B8%8A%E0%B9%87%E0%B8%84%E0%B8%A3%E0%B8%B2%E0%B8%84%E0%B8%B2%E0%B9%82%E0%B8%99%E0%B9%8A%E0%B8%95%E0%B8%9A%E0%B8%B8%E0%B9%8A%E0%B8%84%E0%B8%A1%E0%B8%B7%E0%B8%AD%E0%B8%AA%E0%B8%AD%E0%B8%87/,200,PASS,
https://xn--42cn4aobed0eb6hubj4es0m5dhvd.com/%E0%B9%80%E0%B8%81%E0%B8%B5%E0%B9%88%E0%B8%A2%E0%B8%A7%E0%B8%81%E0%B8%B1%E0%B8%9A%E0%B9%80%E0%B8%A3%E0%B8%B2/,200,PASS,
https://xn--42cn4aobed0eb6hubj4es0m5dhvd.com/%E0%B9%80%E0%B8%A7%E0%B9%87%E0%B8%9A%E0%B9%84%E0%B8%8B%E0%B8%95%E0%B9%8C%E0%B9%83%E0%B8%99%E0%B9%80%E0%B8%84%E0%B8%A3%E0%B8%B7%E0%B8%AD/,200,PASS,
https://xn--42cn4aobed0eb6hubj4es0m5dhvd.com/blog/,200,PASS,
https://xn--42cn4aobed0eb6hubj4es0m5dhvd.com/blog/%E0%B8%81%E0%B8%A3%E0%B8%93%E0%B8%B5%E0%B8%A8%E0%B8%B6%E0%B8%81%E0%B8%A9%E0%B8%B2-%E0%B8%A3%E0%B8%B1%E0%B8%9A%E0%B8%8B%E0%B8%B7%E0%B9%89%E0%B8%AD%E0%B9%82%E0%B8%99%E0%B9%8A%E0%B8%95%E0%B8%9A%E0%B8%B8%E0%B9%8A%E0%B8%84%E0%B8%9A%E0%B8%AD%E0%B8%A3%E0%B9%8C%E0%B8%94%E0%B9%80%E0%B8%AA%E0%B8%B5%E0%B8%A2%E0%B8%8A%E0%B9%87%E0%B8%AD%E0%B8%95-%E0%B8%84%E0%B9%88%E0%B8%B2%E0%B8%8B%E0%B9%88%E0%B8%AD%E0%B8%A1%E0%B9%84%E0%B8%A1%E0%B9%88%E0%B8%84%E0%B8%B8%E0%B9%89%E0%B8%A1/,200,PASS,
https://xn--42cn4aobed0eb6hubj4es0m5dhvd.com/blog/%E0%B8%81%E0%B8%A3%E0%B8%93%E0%B8%B5%E0%B8%A8%E0%B8%B6%E0%B8%81%E0%B8%A9%E0%B8%B2-%E0%B8%A3%E0%B8%B1%E0%B8%9A%E0%B8%8B%E0%B8%B7%E0%B9%89%E0%B8%AD%E0%B9%82%E0%B8%99%E0%B9%8A%E0%B8%95%E0%B8%9A%E0%B8%B8%E0%B9%8A%E0%B8%84%E0%B8%AD%E0%B8%87%E0%B8%84%E0%B9%8C%E0%B8%81%E0%B8%A3-20-%E0%B9%80%E0%B8%84%E0%B8%A3%E0%B8%B7%E0%B9%88%E0%B8%AD%E0%B8%87-%E0%B8%9B%E0%B8%A5%E0%B8%94-asset-tag/,200,PASS,
https://xn--42cn4aobed0eb6hubj4es0m5dhvd.com/blog/%E0%B8%81%E0%B8%A3%E0%B8%93%E0%B8%B5%E0%B8%A8%E0%B8%B6%E0%B8%81%E0%B8%A9%E0%B8%B2-%E0%B8%A3%E0%B8%B1%E0%B8%9A%E0%B8%8B%E0%B8%B7%E0%B9%89%E0%B8%AD%E0%B9%82%E0%B8%99%E0%B9%8A%E0%B8%95%E0%B8%9A%E0%B8%B8%E0%B9%8A%E0%B8%84%E0%B9%82%E0%B8%94%E0%B8%99%E0%B8%99%E0%B9%89%E0%B8%B3%E0%B8%AB%E0%B8%81-%E0%B8%9A%E0%B8%AD%E0%B8%A3%E0%B9%8C%E0%B8%94%E0%B8%8A%E0%B9%87%E0%B8%AD%E0%B8%95%E0%B9%80%E0%B8%9B%E0%B8%B4%E0%B8%94%E0%B9%84%E0%B8%A1%E0%B9%88%E0%B8%95%E0%B8%B4%E0%B8%94/,200,PASS,
https://xn--42cn4aobed0eb6hubj4es0m5dhvd.com/blog/%E0%B8%81%E0%B9%88%E0%B8%AD%E0%B8%99%E0%B8%82%E0%B8%B2%E0%B8%A2%E0%B9%82%E0%B8%99%E0%B9%8A%E0%B8%95%E0%B8%9A%E0%B8%B8%E0%B9%8A%E0%B8%84%E0%B8%95%E0%B9%89%E0%B8%AD%E0%B8%87%E0%B8%A5%E0%B9%89%E0%B8%B2%E0%B8%87%E0%B8%82%E0%B9%89%E0%B8%AD%E0%B8%A1%E0%B8%B9%E0%B8%A5%E0%B8%AD%E0%B8%A2%E0%B9%88%E0%B8%B2%E0%B8%87%E0%B9%84%E0%B8%A3/,200,PASS,
https://xn--42cn4aobed0eb6hubj4es0m5dhvd.com/blog/%E0%B8%82%E0%B8%B2%E0%B8%A2-macbook-%E0%B8%95%E0%B9%89%E0%B8%AD%E0%B8%87%E0%B9%80%E0%B8%95%E0%B8%A3%E0%B8%B5%E0%B8%A2%E0%B8%A1%E0%B8%AD%E0%B8%B0%E0%B9%84%E0%B8%A3%E0%B8%9A%E0%B9%89%E0%B8%B2%E0%B8%87/,200,PASS,
https://xn--42cn4aobed0eb6hubj4es0m5dhvd.com/blog/%E0%B8%82%E0%B8%B2%E0%B8%A2%E0%B9%82%E0%B8%99%E0%B9%8A%E0%B8%95%E0%B8%9A%E0%B8%B8%E0%B9%8A%E0%B8%84-%E0%B9%81%E0%B8%A5%E0%B8%B0%E0%B8%82%E0%B8%B2%E0%B8%A2%E0%B9%82%E0%B8%99%E0%B9%8A%E0%B8%95%E0%B8%9A%E0%B8%B8%E0%B9%8A%E0%B8%84%E0%B8%A1%E0%B8%B7%E0%B8%AD%E0%B8%AA%E0%B8%AD%E0%B8%87-%E0%B8%84%E0%B8%B9%E0%B9%88%E0%B8%A1%E0%B8%B7%E0%B8%AD%E0%B9%80%E0%B8%95%E0%B8%A3%E0%B8%B5%E0%B8%A2%E0%B8%A1%E0%B9%80%E0%B8%84%E0%B8%A3%E0%B8%B7%E0%B9%88%E0%B8%AD%E0%B8%87%E0%B9%81%E0%B8%A5%E0%B8%B0%E0%B8%9B%E0%B8%B4%E0%B8%94%E0%B8%94%E0%B8%B5%E0%B8%A5/,200,PASS,
https://xn--42cn4aobed0eb6hubj4es0m5dhvd.com/blog/%E0%B8%82%E0%B8%B2%E0%B8%A2%E0%B9%82%E0%B8%99%E0%B9%8A%E0%B8%95%E0%B8%9A%E0%B8%B8%E0%B9%8A%E0%B8%84-%E0%B9%84%E0%B8%A1%E0%B9%88%E0%B8%A1%E0%B8%B5%E0%B8%81%E0%B8%A5%E0%B9%88%E0%B8%AD%E0%B8%87-%E0%B9%84%E0%B8%A1%E0%B9%88%E0%B8%A1%E0%B8%B5%E0%B9%83%E0%B8%9A%E0%B9%80%E0%B8%AA%E0%B8%A3%E0%B9%87%E0%B8%88/,200,PASS,
https://xn--42cn4aobed0eb6hubj4es0m5dhvd.com/blog/%E0%B8%82%E0%B8%B2%E0%B8%A2%E0%B9%82%E0%B8%99%E0%B9%8A%E0%B8%95%E0%B8%9A%E0%B8%B8%E0%B9%8A%E0%B8%84%E0%B8%9A%E0%B8%A3%E0%B8%B4%E0%B8%A9%E0%B8%B1%E0%B8%97-%E0%B8%95%E0%B9%89%E0%B8%AD%E0%B8%87%E0%B9%80%E0%B8%95%E0%B8%A3%E0%B8%B5%E0%B8%A2%E0%B8%A1%E0%B8%AD%E0%B8%B0%E0%B9%84%E0%B8%A3/,200,PASS,
https://xn--42cn4aobed0eb6hubj4es0m5dhvd.com/blog/%E0%B8%82%E0%B8%B2%E0%B8%A2%E0%B9%82%E0%B8%99%E0%B9%8A%E0%B8%95%E0%B8%9A%E0%B8%B8%E0%B9%8A%E0%B8%84%E0%B8%97%E0%B8%B5%E0%B9%88%E0%B9%84%E0%B8%AB%E0%B8%99%E0%B8%94%E0%B8%B5-%E0%B9%84%E0%B8%94%E0%B9%89%E0%B8%A3%E0%B8%B2%E0%B8%84%E0%B8%B2%E0%B9%81%E0%B8%A5%E0%B8%B0%E0%B8%9B%E0%B8%A5%E0%B8%AD%E0%B8%94%E0%B8%A0%E0%B8%B1%E0%B8%A2/,200,PASS,
https://xn--42cn4aobed0eb6hubj4es0m5dhvd.com/blog/%E0%B8%82%E0%B8%B2%E0%B8%A2%E0%B9%82%E0%B8%99%E0%B9%8A%E0%B8%95%E0%B8%9A%E0%B8%B8%E0%B9%8A%E0%B8%84%E0%B8%99%E0%B8%B1%E0%B8%81%E0%B8%A8%E0%B8%B6%E0%B8%81%E0%B8%A9%E0%B8%B2-%E0%B8%95%E0%B9%89%E0%B8%AD%E0%B8%87%E0%B8%A5%E0%B9%89%E0%B8%B2%E0%B8%87%E0%B8%82%E0%B9%89%E0%B8%AD%E0%B8%A1%E0%B8%B9%E0%B8%A5%E0%B8%AD%E0%B8%B0%E0%B9%84%E0%B8%A3%E0%B8%9A%E0%B9%89%E0%B8%B2%E0%B8%87/,200,PASS,
https://xn--42cn4aobed0eb6hubj4es0m5dhvd.com/blog/%E0%B8%82%E0%B8%B2%E0%B8%A2%E0%B9%82%E0%B8%99%E0%B9%8A%E0%B8%95%E0%B8%9A%E0%B8%B8%E0%B9%8A%E0%B8%84%E0%B8%A1%E0%B8%B5-asset-tag-%E0%B9%84%E0%B8%94%E0%B9%89%E0%B9%84%E0%B8%AB%E0%B8%A1/,200,PASS,
https://xn--42cn4aobed0eb6hubj4es0m5dhvd.com/blog/%E0%B8%82%E0%B8%B2%E0%B8%A2%E0%B9%82%E0%B8%99%E0%B9%8A%E0%B8%95%E0%B8%9A%E0%B8%B8%E0%B9%8A%E0%B8%84%E0%B9%84%E0%B8%A1%E0%B9%88%E0%B8%A1%E0%B8%B5%E0%B8%81%E0%B8%A5%E0%B9%88%E0%B8%AD%E0%B8%87-%E0%B9%84%E0%B8%A1%E0%B9%88%E0%B8%A1%E0%B8%B5%E0%B8%97%E0%B8%B5%E0%B9%88%E0%B8%8A%E0%B8%B2%E0%B8%A3%E0%B9%8C%E0%B8%88-%E0%B9%84%E0%B8%A1%E0%B9%88%E0%B8%A1%E0%B8%B5%E0%B9%83%E0%B8%9A%E0%B9%80%E0%B8%AA%E0%B8%A3%E0%B9%87%E0%B8%88-%E0%B8%9E%E0%B8%A3%E0%B9%89%E0%B8%AD%E0%B8%A1%E0%B8%81%E0%B8%B1%E0%B8%99%E0%B9%84%E0%B8%94%E0%B9%89%E0%B9%84%E0%B8%AB%E0%B8%A1/,200,PASS,
https://xn--42cn4aobed0eb6hubj4es0m5dhvd.com/blog/%E0%B8%A1%E0%B8%B5%E0%B8%A3%E0%B8%AD%E0%B8%A2%E0%B8%9A%E0%B8%B8%E0%B8%9A%E0%B8%81%E0%B8%B1%E0%B8%9A%E0%B8%A3%E0%B8%AD%E0%B8%A2%E0%B8%82%E0%B8%B5%E0%B8%94%E0%B8%82%E0%B9%88%E0%B8%A7%E0%B8%99-%E0%B8%A3%E0%B8%B2%E0%B8%84%E0%B8%B2%E0%B8%95%E0%B9%88%E0%B8%B2%E0%B8%87%E0%B8%81%E0%B8%B1%E0%B8%99%E0%B9%84%E0%B8%AB%E0%B8%A1/,200,PASS,
https://xn--42cn4aobed0eb6hubj4es0m5dhvd.com/blog/%E0%B8%A3%E0%B8%B1%E0%B8%9A%E0%B8%8B%E0%B8%B7%E0%B9%89%E0%B8%AD-acer-nitro-predator-%E0%B8%A3%E0%B8%B2%E0%B8%84%E0%B8%B2%E0%B9%80%E0%B8%97%E0%B9%88%E0%B8%B2%E0%B9%84%E0%B8%AB%E0%B8%A3%E0%B9%88/,200,PASS,
https://xn--42cn4aobed0eb6hubj4es0m5dhvd.com/blog/%E0%B8%A3%E0%B8%B1%E0%B8%9A%E0%B8%8B%E0%B8%B7%E0%B9%89%E0%B8%AD-acer-nitro-v-helios-%E0%B8%A3%E0%B8%B2%E0%B8%84%E0%B8%B2%E0%B9%80%E0%B8%97%E0%B9%88%E0%B8%B2%E0%B9%84%E0%B8%AB%E0%B8%A3%E0%B9%88/,200,PASS,
https://xn--42cn4aobed0eb6hubj4es0m5dhvd.com/blog/%E0%B8%A3%E0%B8%B1%E0%B8%9A%E0%B8%8B%E0%B8%B7%E0%B9%89%E0%B8%AD-acer-swift-aspire-%E0%B8%A3%E0%B8%B2%E0%B8%84%E0%B8%B2%E0%B9%80%E0%B8%97%E0%B9%88%E0%B8%B2%E0%B9%84%E0%B8%AB%E0%B8%A3%E0%B9%88/,200,PASS,
https://xn--42cn4aobed0eb6hubj4es0m5dhvd.com/blog/%E0%B8%A3%E0%B8%B1%E0%B8%9A%E0%B8%8B%E0%B8%B7%E0%B9%89%E0%B8%AD-acer-travelmate-%E0%B8%A3%E0%B8%B2%E0%B8%84%E0%B8%B2%E0%B9%80%E0%B8%97%E0%B9%88%E0%B8%B2%E0%B9%84%E0%B8%AB%E0%B8%A3%E0%B9%88/,200,PASS,
https://xn--42cn4aobed0eb6hubj4es0m5dhvd.com/blog/%E0%B8%A3%E0%B8%B1%E0%B8%9A%E0%B8%8B%E0%B8%B7%E0%B9%89%E0%B8%AD-alienware-m16-x16-%E0%B8%A3%E0%B8%B2%E0%B8%84%E0%B8%B2%E0%B9%80%E0%B8%97%E0%B9%88%E0%B8%B2%E0%B9%84%E0%B8%AB%E0%B8%A3%E0%B9%88/,200,PASS,
https://xn--42cn4aobed0eb6hubj4es0m5dhvd.com/blog/%E0%B8%A3%E0%B8%B1%E0%B8%9A%E0%B8%8B%E0%B8%B7%E0%B9%89%E0%B8%AD-asus-expertbook-%E0%B8%A3%E0%B8%B2%E0%B8%84%E0%B8%B2%E0%B9%80%E0%B8%97%E0%B9%88%E0%B8%B2%E0%B9%84%E0%B8%AB%E0%B8%A3%E0%B9%88/,200,PASS,
https://xn--42cn4aobed0eb6hubj4es0m5dhvd.com/blog/%E0%B8%A3%E0%B8%B1%E0%B8%9A%E0%B8%8B%E0%B8%B7%E0%B9%89%E0%B8%AD-asus-rog-strix-zephyrus-%E0%B8%A3%E0%B8%B2%E0%B8%84%E0%B8%B2%E0%B9%80%E0%B8%97%E0%B9%88%E0%B8%B2%E0%B9%84%E0%B8%AB%E0%B8%A3%E0%B9%88/,200,PASS,
https://xn--42cn4aobed0eb6hubj4es0m5dhvd.com/blog/%E0%B8%A3%E0%B8%B1%E0%B8%9A%E0%B8%8B%E0%B8%B7%E0%B9%89%E0%B8%AD-asus-tuf-rog-%E0%B8%A3%E0%B8%B2%E0%B8%84%E0%B8%B2%E0%B9%80%E0%B8%97%E0%B9%88%E0%B8%B2%E0%B9%84%E0%B8%AB%E0%B8%A3%E0%B9%88/,200,PASS,
https://xn--42cn4aobed0eb6hubj4es0m5dhvd.com/blog/%E0%B8%A3%E0%B8%B1%E0%B8%9A%E0%B8%8B%E0%B8%B7%E0%B9%89%E0%B8%AD-asus-zenbook-vivobook-%E0%B8%A3%E0%B8%B2%E0%B8%84%E0%B8%B2%E0%B9%80%E0%B8%97%E0%B9%88%E0%B8%B2%E0%B9%84%E0%B8%AB%E0%B8%A3%E0%B9%88/,200,PASS,
https://xn--42cn4aobed0eb6hubj4es0m5dhvd.com/blog/%E0%B8%A3%E0%B8%B1%E0%B8%9A%E0%B8%8B%E0%B8%B7%E0%B9%89%E0%B8%AD-dell-alienware-g-series-%E0%B8%A3%E0%B8%B2%E0%B8%84%E0%B8%B2%E0%B9%80%E0%B8%97%E0%B9%88%E0%B8%B2%E0%B9%84%E0%B8%AB%E0%B8%A3%E0%B9%88/,200,PASS,
https://xn--42cn4aobed0eb6hubj4es0m5dhvd.com/blog/%E0%B8%A3%E0%B8%B1%E0%B8%9A%E0%B8%8B%E0%B8%B7%E0%B9%89%E0%B8%AD-dell-inspiron-latitude-xps-%E0%B8%A3%E0%B8%B2%E0%B8%84%E0%B8%B2%E0%B9%80%E0%B8%97%E0%B9%88%E0%B8%B2%E0%B9%84%E0%B8%AB%E0%B8%A3%E0%B9%88/,200,PASS,
https://xn--42cn4aobed0eb6hubj4es0m5dhvd.com/blog/%E0%B8%A3%E0%B8%B1%E0%B8%9A%E0%B8%8B%E0%B8%B7%E0%B9%89%E0%B8%AD-dell-latitude-xps-%E0%B8%A3%E0%B8%B2%E0%B8%84%E0%B8%B2%E0%B9%80%E0%B8%97%E0%B9%88%E0%B8%B2%E0%B9%84%E0%B8%AB%E0%B8%A3%E0%B9%88/,200,PASS,
https://xn--42cn4aobed0eb6hubj4es0m5dhvd.com/blog/%E0%B8%A3%E0%B8%B1%E0%B8%9A%E0%B8%8B%E0%B8%B7%E0%B9%89%E0%B8%AD-dell-vostro-%E0%B8%A3%E0%B8%B2%E0%B8%84%E0%B8%B2%E0%B9%80%E0%B8%97%E0%B9%88%E0%B8%B2%E0%B9%84%E0%B8%AB%E0%B8%A3%E0%B9%88/,200,PASS,
https://xn--42cn4aobed0eb6hubj4es0m5dhvd.com/blog/%E0%B8%A3%E0%B8%B1%E0%B8%9A%E0%B8%8B%E0%B8%B7%E0%B9%89%E0%B8%AD-gaming-notebook-rtx-3050-4050-4060-%E0%B8%A3%E0%B8%B2%E0%B8%84%E0%B8%B2%E0%B9%80%E0%B8%97%E0%B9%88%E0%B8%B2%E0%B9%84%E0%B8%AB%E0%B8%A3%E0%B9%88/,200,PASS,
https://xn--42cn4aobed0eb6hubj4es0m5dhvd.com/blog/%E0%B8%A3%E0%B8%B1%E0%B8%9A%E0%B8%8B%E0%B8%B7%E0%B9%89%E0%B8%AD-gaming-notebook-rtx-4070-4080-4090-%E0%B8%A3%E0%B8%B2%E0%B8%84%E0%B8%B2%E0%B9%80%E0%B8%97%E0%B9%88%E0%B8%B2%E0%B9%84%E0%B8%AB%E0%B8%A3%E0%B9%88/,200,PASS,
https://xn--42cn4aobed0eb6hubj4es0m5dhvd.com/blog/%E0%B8%A3%E0%B8%B1%E0%B8%9A%E0%B8%8B%E0%B8%B7%E0%B9%89%E0%B8%AD-gigabyte-aorus-%E0%B8%A3%E0%B8%B2%E0%B8%84%E0%B8%B2%E0%B9%80%E0%B8%97%E0%B9%88%E0%B8%B2%E0%B9%84%E0%B8%AB%E0%B8%A3%E0%B9%88/,200,PASS,
https://xn--42cn4aobed0eb6hubj4es0m5dhvd.com/blog/%E0%B8%A3%E0%B8%B1%E0%B8%9A%E0%B8%8B%E0%B8%B7%E0%B9%89%E0%B8%AD-honor-magicbook-%E0%B8%A3%E0%B8%B2%E0%B8%84%E0%B8%B2%E0%B9%80%E0%B8%97%E0%B9%88%E0%B8%B2%E0%B9%84%E0%B8%AB%E0%B8%A3%E0%B9%88/,200,PASS,
https://xn--42cn4aobed0eb6hubj4es0m5dhvd.com/blog/%E0%B8%A3%E0%B8%B1%E0%B8%9A%E0%B8%8B%E0%B8%B7%E0%B9%89%E0%B8%AD-hp-elitebook-probook-%E0%B8%A3%E0%B8%B2%E0%B8%84%E0%B8%B2%E0%B9%80%E0%B8%97%E0%B9%88%E0%B8%B2%E0%B9%84%E0%B8%AB%E0%B8%A3%E0%B9%88/,200,PASS,
https://xn--42cn4aobed0eb6hubj4es0m5dhvd.com/blog/%E0%B8%A3%E0%B8%B1%E0%B8%9A%E0%B8%8B%E0%B8%B7%E0%B9%89%E0%B8%AD-hp-pavilion-envy-elitebook-probook-%E0%B8%A3%E0%B8%B2%E0%B8%84%E0%B8%B2%E0%B9%80%E0%B8%97%E0%B9%88%E0%B8%B2%E0%B9%84%E0%B8%AB%E0%B8%A3%E0%B9%88/,200,PASS,
https://xn--42cn4aobed0eb6hubj4es0m5dhvd.com/blog/%E0%B8%A3%E0%B8%B1%E0%B8%9A%E0%B8%8B%E0%B8%B7%E0%B9%89%E0%B8%AD-hp-spectre-x360-%E0%B8%A3%E0%B8%B2%E0%B8%84%E0%B8%B2%E0%B9%80%E0%B8%97%E0%B9%88%E0%B8%B2%E0%B9%84%E0%B8%AB%E0%B8%A3%E0%B9%88/,200,PASS,
https://xn--42cn4aobed0eb6hubj4es0m5dhvd.com/blog/%E0%B8%A3%E0%B8%B1%E0%B8%9A%E0%B8%8B%E0%B8%B7%E0%B9%89%E0%B8%AD-hp-victus-15-16-omen-16-%E0%B8%A3%E0%B8%B2%E0%B8%84%E0%B8%B2%E0%B9%80%E0%B8%97%E0%B9%88%E0%B8%B2%E0%B9%84%E0%B8%AB%E0%B8%A3%E0%B9%88/,200,PASS,
https://xn--42cn4aobed0eb6hubj4es0m5dhvd.com/blog/%E0%B8%A3%E0%B8%B1%E0%B8%9A%E0%B8%8B%E0%B8%B7%E0%B9%89%E0%B8%AD-hp-victus-omen-%E0%B8%A3%E0%B8%B2%E0%B8%84%E0%B8%B2%E0%B9%80%E0%B8%97%E0%B9%88%E0%B8%B2%E0%B9%84%E0%B8%AB%E0%B8%A3%E0%B9%88/,200,PASS,
https://xn--42cn4aobed0eb6hubj4es0m5dhvd.com/blog/%E0%B8%A3%E0%B8%B1%E0%B8%9A%E0%B8%8B%E0%B8%B7%E0%B9%89%E0%B8%AD-huawei-matebook-%E0%B8%A3%E0%B8%B2%E0%B8%84%E0%B8%B2%E0%B9%80%E0%B8%97%E0%B9%88%E0%B8%B2%E0%B9%84%E0%B8%AB%E0%B8%A3%E0%B9%88/,200,PASS,
https://xn--42cn4aobed0eb6hubj4es0m5dhvd.com/blog/%E0%B8%A3%E0%B8%B1%E0%B8%9A%E0%B8%8B%E0%B8%B7%E0%B9%89%E0%B8%AD-lenovo-ideapad-yoga-%E0%B8%A3%E0%B8%B2%E0%B8%84%E0%B8%B2%E0%B9%80%E0%B8%97%E0%B9%88%E0%B8%B2%E0%B9%84%E0%B8%AB%E0%B8%A3%E0%B9%88/,200,PASS,
https://xn--42cn4aobed0eb6hubj4es0m5dhvd.com/blog/%E0%B8%A3%E0%B8%B1%E0%B8%9A%E0%B8%8B%E0%B8%B7%E0%B9%89%E0%B8%AD-lenovo-legion-5-pro-%E0%B8%A3%E0%B8%B2%E0%B8%84%E0%B8%B2%E0%B9%80%E0%B8%97%E0%B9%88%E0%B8%B2%E0%B9%84%E0%B8%AB%E0%B8%A3%E0%B9%88/,200,PASS,
https://xn--42cn4aobed0eb6hubj4es0m5dhvd.com/blog/%E0%B8%A3%E0%B8%B1%E0%B8%9A%E0%B8%8B%E0%B8%B7%E0%B9%89%E0%B8%AD-lenovo-legion-loq-%E0%B8%A3%E0%B8%B2%E0%B8%84%E0%B8%B2%E0%B9%80%E0%B8%97%E0%B9%88%E0%B8%B2%E0%B9%84%E0%B8%AB%E0%B8%A3%E0%B9%88/,200,PASS,
https://xn--42cn4aobed0eb6hubj4es0m5dhvd.com/blog/%E0%B8%A3%E0%B8%B1%E0%B8%9A%E0%B8%8B%E0%B8%B7%E0%B9%89%E0%B8%AD-lenovo-thinkbook-%E0%B8%A3%E0%B8%B2%E0%B8%84%E0%B8%B2%E0%B9%80%E0%B8%97%E0%B9%88%E0%B8%B2%E0%B9%84%E0%B8%AB%E0%B8%A3%E0%B9%88/,200,PASS,
https://xn--42cn4aobed0eb6hubj4es0m5dhvd.com/blog/%E0%B8%A3%E0%B8%B1%E0%B8%9A%E0%B8%8B%E0%B8%B7%E0%B9%89%E0%B8%AD-lg-gram-%E0%B8%A3%E0%B8%B2%E0%B8%84%E0%B8%B2%E0%B9%80%E0%B8%97%E0%B9%88%E0%B8%B2%E0%B9%84%E0%B8%AB%E0%B8%A3%E0%B9%88/,200,PASS,
https://xn--42cn4aobed0eb6hubj4es0m5dhvd.com/blog/%E0%B8%A3%E0%B8%B1%E0%B8%9A%E0%B8%8B%E0%B8%B7%E0%B9%89%E0%B8%AD-macbook-air-13-15-%E0%B8%A3%E0%B8%B2%E0%B8%84%E0%B8%B2%E0%B9%80%E0%B8%97%E0%B9%88%E0%B8%B2%E0%B9%84%E0%B8%AB%E0%B8%A3%E0%B9%88/,200,PASS,
https://xn--42cn4aobed0eb6hubj4es0m5dhvd.com/blog/%E0%B8%A3%E0%B8%B1%E0%B8%9A%E0%B8%8B%E0%B8%B7%E0%B9%89%E0%B8%AD-macbook-air-m1-%E0%B8%A3%E0%B8%B2%E0%B8%84%E0%B8%B2%E0%B9%80%E0%B8%97%E0%B9%88%E0%B8%B2%E0%B9%84%E0%B8%AB%E0%B8%A3%E0%B9%88/,200,PASS,
https://xn--42cn4aobed0eb6hubj4es0m5dhvd.com/blog/%E0%B8%A3%E0%B8%B1%E0%B8%9A%E0%B8%8B%E0%B8%B7%E0%B9%89%E0%B8%AD-macbook-air-m2-%E0%B8%A3%E0%B8%B2%E0%B8%84%E0%B8%B2%E0%B9%80%E0%B8%97%E0%B9%88%E0%B8%B2%E0%B9%84%E0%B8%AB%E0%B8%A3%E0%B9%88/,200,PASS,
https://xn--42cn4aobed0eb6hubj4es0m5dhvd.com/blog/%E0%B8%A3%E0%B8%B1%E0%B8%9A%E0%B8%8B%E0%B8%B7%E0%B9%89%E0%B8%AD-macbook-air-m3-%E0%B8%A3%E0%B8%B2%E0%B8%84%E0%B8%B2%E0%B9%80%E0%B8%97%E0%B9%88%E0%B8%B2%E0%B9%84%E0%B8%AB%E0%B8%A3%E0%B9%88/,200,PASS,
https://xn--42cn4aobed0eb6hubj4es0m5dhvd.com/blog/%E0%B8%A3%E0%B8%B1%E0%B8%9A%E0%B8%8B%E0%B8%B7%E0%B9%89%E0%B8%AD-macbook-air-m4-%E0%B8%A3%E0%B8%B2%E0%B8%84%E0%B8%B2%E0%B9%80%E0%B8%97%E0%B9%88%E0%B8%B2%E0%B9%84%E0%B8%AB%E0%B8%A3%E0%B9%88/,200,PASS,
https://xn--42cn4aobed0eb6hubj4es0m5dhvd.com/blog/%E0%B8%A3%E0%B8%B1%E0%B8%9A%E0%B8%8B%E0%B8%B7%E0%B9%89%E0%B8%AD-macbook-air-m5-%E0%B8%A3%E0%B8%B2%E0%B8%84%E0%B8%B2%E0%B9%80%E0%B8%97%E0%B9%88%E0%B8%B2%E0%B9%84%E0%B8%AB%E0%B8%A3%E0%B9%88/,200,PASS,
https://xn--42cn4aobed0eb6hubj4es0m5dhvd.com/blog/%E0%B8%A3%E0%B8%B1%E0%B8%9A%E0%B8%8B%E0%B8%B7%E0%B9%89%E0%B8%AD-macbook-pro-14-16-%E0%B8%A3%E0%B8%B2%E0%B8%84%E0%B8%B2%E0%B9%80%E0%B8%97%E0%B9%88%E0%B8%B2%E0%B9%84%E0%B8%AB%E0%B8%A3%E0%B9%88/,200,PASS,
https://xn--42cn4aobed0eb6hubj4es0m5dhvd.com/blog/%E0%B8%A3%E0%B8%B1%E0%B8%9A%E0%B8%8B%E0%B8%B7%E0%B9%89%E0%B8%AD-macbook-pro-m1-%E0%B8%A3%E0%B8%B2%E0%B8%84%E0%B8%B2%E0%B9%80%E0%B8%97%E0%B9%88%E0%B8%B2%E0%B9%84%E0%B8%AB%E0%B8%A3%E0%B9%88/,200,PASS,
https://xn--42cn4aobed0eb6hubj4es0m5dhvd.com/blog/%E0%B8%A3%E0%B8%B1%E0%B8%9A%E0%B8%8B%E0%B8%B7%E0%B9%89%E0%B8%AD-macbook-pro-m2-%E0%B8%A3%E0%B8%B2%E0%B8%84%E0%B8%B2%E0%B9%80%E0%B8%97%E0%B9%88%E0%B8%B2%E0%B9%84%E0%B8%AB%E0%B8%A3%E0%B9%88/,200,PASS,
https://xn--42cn4aobed0eb6hubj4es0m5dhvd.com/blog/%E0%B8%A3%E0%B8%B1%E0%B8%9A%E0%B8%8B%E0%B8%B7%E0%B9%89%E0%B8%AD-macbook-pro-m3-%E0%B8%A3%E0%B8%B2%E0%B8%84%E0%B8%B2%E0%B9%80%E0%B8%97%E0%B9%88%E0%B8%B2%E0%B9%84%E0%B8%AB%E0%B8%A3%E0%B9%88/,200,PASS,
https://xn--42cn4aobed0eb6hubj4es0m5dhvd.com/blog/%E0%B8%A3%E0%B8%B1%E0%B8%9A%E0%B8%8B%E0%B8%B7%E0%B9%89%E0%B8%AD-macbook-pro-m4-%E0%B8%A3%E0%B8%B2%E0%B8%84%E0%B8%B2%E0%B9%80%E0%B8%97%E0%B9%88%E0%B8%B2%E0%B9%84%E0%B8%AB%E0%B8%A3%E0%B9%88/,200,PASS,
https://xn--42cn4aobed0eb6hubj4es0m5dhvd.com/blog/%E0%B8%A3%E0%B8%B1%E0%B8%9A%E0%B8%8B%E0%B8%B7%E0%B9%89%E0%B8%AD-macbook-pro-m5-%E0%B8%A3%E0%B8%B2%E0%B8%84%E0%B8%B2%E0%B9%80%E0%B8%97%E0%B9%88%E0%B8%B2%E0%B9%84%E0%B8%AB%E0%B8%A3%E0%B9%88/,200,PASS,
https://xn--42cn4aobed0eb6hubj4es0m5dhvd.com/blog/%E0%B8%A3%E0%B8%B1%E0%B8%9A%E0%B8%8B%E0%B8%B7%E0%B9%89%E0%B8%AD-msi-katana-15-cyborg-15-stealth-%E0%B8%A3%E0%B8%B2%E0%B8%84%E0%B8%B2%E0%B9%80%E0%B8%97%E0%B9%88%E0%B8%B2%E0%B9%84%E0%B8%AB%E0%B8%A3%E0%B9%88/,200,PASS,
https://xn--42cn4aobed0eb6hubj4es0m5dhvd.com/blog/%E0%B8%A3%E0%B8%B1%E0%B8%9A%E0%B8%8B%E0%B8%B7%E0%B9%89%E0%B8%AD-msi-katana-cyborg-stealth-raider-%E0%B8%A3%E0%B8%B2%E0%B8%84%E0%B8%B2%E0%B9%80%E0%B8%97%E0%B9%88%E0%B8%B2%E0%B9%84%E0%B8%AB%E0%B8%A3%E0%B9%88/,200,PASS,
https://xn--42cn4aobed0eb6hubj4es0m5dhvd.com/blog/%E0%B8%A3%E0%B8%B1%E0%B8%9A%E0%B8%8B%E0%B8%B7%E0%B9%89%E0%B8%AD-msi-modern-%E0%B8%A3%E0%B8%B2%E0%B8%84%E0%B8%B2%E0%B9%80%E0%B8%97%E0%B9%88%E0%B8%B2%E0%B9%84%E0%B8%AB%E0%B8%A3%E0%B9%88/,200,PASS,
https://xn--42cn4aobed0eb6hubj4es0m5dhvd.com/blog/%E0%B8%A3%E0%B8%B1%E0%B8%9A%E0%B8%8B%E0%B8%B7%E0%B9%89%E0%B8%AD-notebook-%E0%B8%84%E0%B8%B9%E0%B9%88%E0%B8%A1%E0%B8%B7%E0%B8%AD%E0%B8%9C%E0%B8%B9%E0%B9%89%E0%B8%82%E0%B8%B2%E0%B8%A2%E0%B8%88%E0%B8%B2%E0%B8%81%E0%B8%AA%E0%B9%80%E0%B8%9B%E0%B8%81%E0%B8%96%E0%B8%B6%E0%B8%87%E0%B8%81%E0%B8%B2%E0%B8%A3%E0%B8%99%E0%B8%B1%E0%B8%94%E0%B8%A3%E0%B8%B1%E0%B8%9A/,200,PASS,
https://xn--42cn4aobed0eb6hubj4es0m5dhvd.com/blog/%E0%B8%A3%E0%B8%B1%E0%B8%9A%E0%B8%8B%E0%B8%B7%E0%B9%89%E0%B8%AD-razer-blade-%E0%B8%A3%E0%B8%B2%E0%B8%84%E0%B8%B2%E0%B9%80%E0%B8%97%E0%B9%88%E0%B8%B2%E0%B9%84%E0%B8%AB%E0%B8%A3%E0%B9%88/,200,PASS,
https://xn--42cn4aobed0eb6hubj4es0m5dhvd.com/blog/%E0%B8%A3%E0%B8%B1%E0%B8%9A%E0%B8%8B%E0%B8%B7%E0%B9%89%E0%B8%AD-samsung-galaxy-book-%E0%B8%A3%E0%B8%B2%E0%B8%84%E0%B8%B2%E0%B9%80%E0%B8%97%E0%B9%88%E0%B8%B2%E0%B9%84%E0%B8%AB%E0%B8%A3%E0%B9%88/,200,PASS,
https://xn--42cn4aobed0eb6hubj4es0m5dhvd.com/blog/%E0%B8%A3%E0%B8%B1%E0%B8%9A%E0%B8%8B%E0%B8%B7%E0%B9%89%E0%B8%AD-surface-laptop-go-book-pro-%E0%B8%A3%E0%B8%B2%E0%B8%84%E0%B8%B2%E0%B9%80%E0%B8%97%E0%B9%88%E0%B8%B2%E0%B9%84%E0%B8%AB%E0%B8%A3%E0%B9%88/,200,PASS,
https://xn--42cn4aobed0eb6hubj4es0m5dhvd.com/blog/%E0%B8%A3%E0%B8%B1%E0%B8%9A%E0%B8%8B%E0%B8%B7%E0%B9%89%E0%B8%AD-surface-laptop-pro-%E0%B8%A3%E0%B8%B2%E0%B8%84%E0%B8%B2%E0%B9%80%E0%B8%97%E0%B9%88%E0%B8%B2%E0%B9%84%E0%B8%AB%E0%B8%A3%E0%B9%88/,200,PASS,
https://xn--42cn4aobed0eb6hubj4es0m5dhvd.com/blog/%E0%B8%A3%E0%B8%B1%E0%B8%9A%E0%B8%8B%E0%B8%B7%E0%B9%89%E0%B8%AD-thinkpad-x1-carbon-t14-e14-e15-%E0%B8%A3%E0%B8%B2%E0%B8%84%E0%B8%B2%E0%B9%80%E0%B8%97%E0%B9%88%E0%B8%B2%E0%B9%84%E0%B8%AB%E0%B8%A3%E0%B9%88/,200,PASS,
https://xn--42cn4aobed0eb6hubj4es0m5dhvd.com/blog/%E0%B8%A3%E0%B8%B1%E0%B8%9A%E0%B8%8B%E0%B8%B7%E0%B9%89%E0%B8%AD%E0%B9%82%E0%B8%99%E0%B9%8A%E0%B8%95%E0%B8%9A%E0%B8%B8%E0%B9%8A%E0%B8%84-%E0%B8%84%E0%B8%B9%E0%B9%88%E0%B8%A1%E0%B8%B7%E0%B8%AD%E0%B8%84%E0%B8%A3%E0%B8%9A%E0%B8%A7%E0%B8%87%E0%B8%88%E0%B8%A3%E0%B8%AA%E0%B8%B3%E0%B8%AB%E0%B8%A3%E0%B8%B1%E0%B8%9A%E0%B8%9C%E0%B8%B9%E0%B9%89%E0%B8%82%E0%B8%B2%E0%B8%A2/,200,PASS,
https://xn--42cn4aobed0eb6hubj4es0m5dhvd.com/blog/%E0%B8%A3%E0%B8%B1%E0%B8%9A%E0%B8%8B%E0%B8%B7%E0%B9%89%E0%B8%AD%E0%B9%82%E0%B8%99%E0%B9%8A%E0%B8%95%E0%B8%9A%E0%B8%B8%E0%B9%8A%E0%B8%84-%E0%B8%A3%E0%B8%B2%E0%B8%84%E0%B8%B2%E0%B9%80%E0%B8%97%E0%B9%88%E0%B8%B2%E0%B9%84%E0%B8%AB%E0%B8%A3%E0%B9%88/,200,PASS,
https://xn--42cn4aobed0eb6hubj4es0m5dhvd.com/blog/%E0%B8%A3%E0%B8%B1%E0%B8%9A%E0%B8%8B%E0%B8%B7%E0%B9%89%E0%B8%AD%E0%B9%82%E0%B8%99%E0%B9%8A%E0%B8%95%E0%B8%9A%E0%B8%B8%E0%B9%8A%E0%B8%84-core-i5-i7-ryzen-5-7-%E0%B8%A3%E0%B8%B2%E0%B8%84%E0%B8%B2%E0%B9%80%E0%B8%97%E0%B9%88%E0%B8%B2%E0%B9%84%E0%B8%AB%E0%B8%A3%E0%B9%88/,200,PASS,
https://xn--42cn4aobed0eb6hubj4es0m5dhvd.com/blog/%E0%B8%A3%E0%B8%B1%E0%B8%9A%E0%B8%8B%E0%B8%B7%E0%B9%89%E0%B8%AD%E0%B9%82%E0%B8%99%E0%B9%8A%E0%B8%95%E0%B8%9A%E0%B8%B8%E0%B9%8A%E0%B8%84%E0%B8%A1%E0%B8%B7%E0%B8%AD%E0%B8%AA%E0%B8%AD%E0%B8%87-%E0%B8%84%E0%B8%B9%E0%B9%88%E0%B8%A1%E0%B8%B7%E0%B8%AD%E0%B8%9C%E0%B8%B9%E0%B9%89%E0%B8%82%E0%B8%B2%E0%B8%A2%E0%B8%89%E0%B8%9A%E0%B8%B1%E0%B8%9A%E0%B8%A5%E0%B8%B6%E0%B8%81/,200,PASS,
https://xn--42cn4aobed0eb6hubj4es0m5dhvd.com/blog/%E0%B8%A3%E0%B8%B1%E0%B8%9A%E0%B8%8B%E0%B8%B7%E0%B9%89%E0%B8%AD%E0%B9%82%E0%B8%99%E0%B9%8A%E0%B8%95%E0%B8%9A%E0%B8%B8%E0%B9%8A%E0%B8%84%E0%B8%AD%E0%B8%AD%E0%B8%99%E0%B9%84%E0%B8%A5%E0%B8%99%E0%B9%8C-%E0%B8%AA%E0%B9%88%E0%B8%87%E0%B8%A3%E0%B8%B9%E0%B8%9B%E0%B8%9B%E0%B8%A3%E0%B8%B0%E0%B9%80%E0%B8%A1%E0%B8%B4%E0%B8%99%E0%B8%A3%E0%B8%B2%E0%B8%84%E0%B8%B2%E0%B8%9C%E0%B9%88%E0%B8%B2%E0%B8%99%E0%B9%84%E0%B8%A5%E0%B8%99%E0%B9%8C/,200,PASS,
https://xn--42cn4aobed0eb6hubj4es0m5dhvd.com/blog/%E0%B8%A3%E0%B9%89%E0%B8%B2%E0%B8%99%E0%B8%A3%E0%B8%B1%E0%B8%9A%E0%B8%8B%E0%B8%B7%E0%B9%89%E0%B8%AD%E0%B9%82%E0%B8%99%E0%B9%8A%E0%B8%95%E0%B8%9A%E0%B8%B8%E0%B9%8A%E0%B8%84-%E0%B8%A7%E0%B8%B4%E0%B8%98%E0%B8%B5%E0%B9%80%E0%B8%A5%E0%B8%B7%E0%B8%AD%E0%B8%81%E0%B8%A3%E0%B9%89%E0%B8%B2%E0%B8%99%E0%B8%97%E0%B8%B5%E0%B9%88%E0%B8%9B%E0%B8%A5%E0%B8%AD%E0%B8%94%E0%B8%A0%E0%B8%B1%E0%B8%A2%E0%B9%81%E0%B8%A5%E0%B8%B0%E0%B9%84%E0%B8%A1%E0%B9%88%E0%B9%82%E0%B8%94%E0%B8%99%E0%B8%AB%E0%B8%A5%E0%B8%AD%E0%B8%81/,200,PASS,
https://xn--42cn4aobed0eb6hubj4es0m5dhvd.com/blog/%E0%B8%A3%E0%B9%89%E0%B8%B2%E0%B8%99%E0%B8%A3%E0%B8%B1%E0%B8%9A%E0%B8%8B%E0%B8%B7%E0%B9%89%E0%B8%AD%E0%B9%82%E0%B8%99%E0%B9%8A%E0%B8%95%E0%B8%9A%E0%B8%B8%E0%B9%8A%E0%B8%84-%E0%B9%80%E0%B8%8A%E0%B9%87%E0%B8%84%E0%B8%A3%E0%B8%B2%E0%B8%84%E0%B8%B2%E0%B9%82%E0%B8%99%E0%B9%8A%E0%B8%95%E0%B8%9A%E0%B8%B8%E0%B9%8A%E0%B8%84-%E0%B8%9B%E0%B8%A3%E0%B8%B0%E0%B9%80%E0%B8%A1%E0%B8%B4%E0%B8%99%E0%B8%A3%E0%B8%B2%E0%B8%84%E0%B8%B2-%E0%B8%84%E0%B8%B5%E0%B8%A2%E0%B9%8C%E0%B8%AB%E0%B8%A5%E0%B8%B1%E0%B8%81/,200,PASS,
https://xn--42cn4aobed0eb6hubj4es0m5dhvd.com/blog/%E0%B8%A7%E0%B8%B4%E0%B8%98%E0%B8%B5%E0%B8%94%E0%B8%B9%E0%B8%A3%E0%B8%B8%E0%B9%88%E0%B8%99%E0%B9%82%E0%B8%99%E0%B9%8A%E0%B8%95%E0%B8%9A%E0%B8%B8%E0%B9%8A%E0%B8%84-windows-%E0%B8%81%E0%B9%88%E0%B8%AD%E0%B8%99%E0%B8%AA%E0%B9%88%E0%B8%87%E0%B8%9B%E0%B8%A3%E0%B8%B0%E0%B9%80%E0%B8%A1%E0%B8%B4%E0%B8%99%E0%B8%A3%E0%B8%B2%E0%B8%84%E0%B8%B2/,200,PASS,
https://xn--42cn4aobed0eb6hubj4es0m5dhvd.com/blog/%E0%B8%A7%E0%B8%B4%E0%B8%98%E0%B8%B5%E0%B8%94%E0%B8%B9%E0%B8%AA%E0%B9%80%E0%B8%9B%E0%B8%81-cpu-ram-ssd-%E0%B8%82%E0%B8%AD%E0%B8%87%E0%B9%82%E0%B8%99%E0%B9%8A%E0%B8%95%E0%B8%9A%E0%B8%B8%E0%B9%8A%E0%B8%84/,200,PASS,
https://xn--42cn4aobed0eb6hubj4es0m5dhvd.com/blog/%E0%B8%A7%E0%B8%B4%E0%B8%98%E0%B8%B5%E0%B9%80%E0%B8%8A%E0%B9%87%E0%B8%84%E0%B8%AA%E0%B8%B8%E0%B8%82%E0%B8%A0%E0%B8%B2%E0%B8%9E%E0%B9%81%E0%B8%9A%E0%B8%95%E0%B9%82%E0%B8%99%E0%B9%8A%E0%B8%95%E0%B8%9A%E0%B8%B8%E0%B9%8A%E0%B8%84-windows/,200,PASS,
https://xn--42cn4aobed0eb6hubj4es0m5dhvd.com/blog/%E0%B8%A7%E0%B8%B4%E0%B8%98%E0%B8%B5%E0%B9%80%E0%B8%8A%E0%B9%87%E0%B8%84%E0%B8%AA%E0%B9%80%E0%B8%9B%E0%B8%81%E0%B9%82%E0%B8%99%E0%B9%8A%E0%B8%95%E0%B8%9A%E0%B8%B8%E0%B9%8A%E0%B8%84-windows-%E0%B8%81%E0%B9%88%E0%B8%AD%E0%B8%99%E0%B8%82%E0%B8%B2%E0%B8%A2/,200,PASS,
https://xn--42cn4aobed0eb6hubj4es0m5dhvd.com/blog/%E0%B8%AD%E0%B8%B0%E0%B9%84%E0%B8%A3%E0%B8%97%E0%B8%B3%E0%B9%83%E0%B8%AB%E0%B9%89%E0%B8%A3%E0%B8%B2%E0%B8%84%E0%B8%B2%E0%B9%82%E0%B8%99%E0%B9%8A%E0%B8%95%E0%B8%9A%E0%B8%B8%E0%B9%8A%E0%B8%84%E0%B8%A1%E0%B8%B7%E0%B8%AD%E0%B8%AA%E0%B8%AD%E0%B8%87%E0%B8%A5%E0%B8%94%E0%B8%A5%E0%B8%87/,200,PASS,
https://xn--42cn4aobed0eb6hubj4es0m5dhvd.com/blog/%E0%B8%AE%E0%B8%B2%E0%B8%A3%E0%B9%8C%E0%B8%94%E0%B8%94%E0%B8%B4%E0%B8%AA%E0%B8%81%E0%B9%8C%E0%B8%81%E0%B8%B1%E0%B8%9A-ssd-%E0%B8%9C%E0%B8%A5%E0%B8%95%E0%B9%88%E0%B8%AD%E0%B8%A3%E0%B8%B2%E0%B8%84%E0%B8%B2%E0%B8%A3%E0%B8%B1%E0%B8%9A%E0%B8%8B%E0%B8%B7%E0%B9%89%E0%B8%AD%E0%B9%82%E0%B8%99%E0%B9%8A%E0%B8%95%E0%B8%9A%E0%B8%B8%E0%B9%8A%E0%B8%84%E0%B8%A1%E0%B8%B7%E0%B8%AD%E0%B8%AA%E0%B8%AD%E0%B8%87/,200,PASS,
https://xn--42cn4aobed0eb6hubj4es0m5dhvd.com/blog/%E0%B8%AE%E0%B8%B2%E0%B8%A3%E0%B9%8C%E0%B8%94%E0%B8%94%E0%B8%B4%E0%B8%AA%E0%B8%81%E0%B9%8C%E0%B9%80%E0%B8%AA%E0%B8%B5%E0%B8%A2%E0%B8%82%E0%B8%B2%E0%B8%A2%E0%B9%84%E0%B8%94%E0%B9%89%E0%B9%84%E0%B8%AB%E0%B8%A1/,200,PASS,
https://xn--42cn4aobed0eb6hubj4es0m5dhvd.com/blog/%E0%B9%80%E0%B8%8A%E0%B9%87%E0%B8%84%E0%B8%A3%E0%B8%B2%E0%B8%84%E0%B8%B2%E0%B9%82%E0%B8%99%E0%B9%8A%E0%B8%95%E0%B8%9A%E0%B8%B8%E0%B9%8A%E0%B8%84-%E0%B8%95%E0%B8%B5%E0%B8%A3%E0%B8%B2%E0%B8%84%E0%B8%B2%E0%B9%82%E0%B8%99%E0%B9%8A%E0%B8%95%E0%B8%9A%E0%B8%B8%E0%B9%8A%E0%B8%84-%E0%B8%9B%E0%B8%A3%E0%B8%B0%E0%B9%80%E0%B8%A1%E0%B8%B4%E0%B8%99%E0%B8%A3%E0%B8%B2%E0%B8%84%E0%B8%B2-%E0%B8%95%E0%B9%88%E0%B8%B2%E0%B8%87%E0%B8%81%E0%B8%B1%E0%B8%99%E0%B8%AD%E0%B8%A2%E0%B9%88%E0%B8%B2%E0%B8%87%E0%B9%84%E0%B8%A3/,200,PASS,
https://xn--42cn4aobed0eb6hubj4es0m5dhvd.com/blog/%E0%B9%80%E0%B8%8A%E0%B9%87%E0%B8%84%E0%B8%A5%E0%B8%B4%E0%B8%AA%E0%B8%95%E0%B9%8C%E0%B8%96%E0%B9%88%E0%B8%B2%E0%B8%A2%E0%B8%A3%E0%B8%B9%E0%B8%9B%E0%B9%82%E0%B8%99%E0%B9%8A%E0%B8%95%E0%B8%9A%E0%B8%B8%E0%B9%8A%E0%B8%84%E0%B8%81%E0%B9%88%E0%B8%AD%E0%B8%99%E0%B8%AA%E0%B9%88%E0%B8%87%E0%B8%9B%E0%B8%A3%E0%B8%B0%E0%B9%80%E0%B8%A1%E0%B8%B4%E0%B8%99%E0%B8%A3%E0%B8%B2%E0%B8%84%E0%B8%B2/,200,PASS,
https://xn--42cn4aobed0eb6hubj4es0m5dhvd.com/blog/%E0%B9%82%E0%B8%99%E0%B9%8A%E0%B8%95%E0%B8%9A%E0%B8%B8%E0%B9%8A%E0%B8%84-hdmi-%E0%B9%80%E0%B8%AA%E0%B8%B5%E0%B8%A2%E0%B8%82%E0%B8%B2%E0%B8%A2%E0%B9%84%E0%B8%94%E0%B9%89%E0%B9%84%E0%B8%AB%E0%B8%A1/,200,PASS,
https://xn--42cn4aobed0eb6hubj4es0m5dhvd.com/blog/%E0%B9%82%E0%B8%99%E0%B9%8A%E0%B8%95%E0%B8%9A%E0%B8%B8%E0%B9%8A%E0%B8%84%E0%B8%8A%E0%B8%B2%E0%B8%A3%E0%B9%8C%E0%B8%88%E0%B9%84%E0%B8%A1%E0%B9%88%E0%B9%80%E0%B8%82%E0%B9%89%E0%B8%B2-%E0%B8%9E%E0%B8%AD%E0%B8%A3%E0%B9%8C%E0%B8%95%E0%B8%8A%E0%B8%B2%E0%B8%A3%E0%B9%8C%E0%B8%88%E0%B9%80%E0%B8%AA%E0%B8%B5%E0%B8%A2%E0%B8%82%E0%B8%B2%E0%B8%A2%E0%B9%84%E0%B8%94%E0%B9%89%E0%B9%84%E0%B8%AB%E0%B8%A1/,200,PASS,
https://xn--42cn4aobed0eb6hubj4es0m5dhvd.com/blog/%E0%B9%82%E0%B8%99%E0%B9%8A%E0%B8%95%E0%B8%9A%E0%B8%B8%E0%B9%8A%E0%B8%84%E0%B8%8A%E0%B9%88%E0%B8%AD%E0%B8%87%E0%B8%AB%E0%B8%B9%E0%B8%9F%E0%B8%B1%E0%B8%87%E0%B9%80%E0%B8%AA%E0%B8%B5%E0%B8%A2%E0%B8%82%E0%B8%B2%E0%B8%A2%E0%B9%84%E0%B8%94%E0%B9%89%E0%B9%84%E0%B8%AB%E0%B8%A1/,200,PASS,
https://xn--42cn4aobed0eb6hubj4es0m5dhvd.com/blog/%E0%B9%82%E0%B8%99%E0%B9%8A%E0%B8%95%E0%B8%9A%E0%B8%B8%E0%B9%8A%E0%B8%84%E0%B8%9A%E0%B8%A5%E0%B8%B9%E0%B8%97%E0%B8%B9%E0%B8%98%E0%B9%83%E0%B8%8A%E0%B9%89%E0%B9%84%E0%B8%A1%E0%B9%88%E0%B9%84%E0%B8%94%E0%B9%89%E0%B8%82%E0%B8%B2%E0%B8%A2%E0%B9%84%E0%B8%94%E0%B9%89%E0%B9%84%E0%B8%AB%E0%B8%A1/,200,PASS,
https://xn--42cn4aobed0eb6hubj4es0m5dhvd.com/blog/%E0%B9%82%E0%B8%99%E0%B9%8A%E0%B8%95%E0%B8%9A%E0%B8%B8%E0%B9%8A%E0%B8%84%E0%B8%9A%E0%B8%AD%E0%B8%94%E0%B8%B5%E0%B9%89%E0%B9%81%E0%B8%95%E0%B8%81%E0%B8%82%E0%B8%B2%E0%B8%A2%E0%B9%84%E0%B8%94%E0%B9%89%E0%B9%84%E0%B8%AB%E0%B8%A1/,200,PASS,
https://xn--42cn4aobed0eb6hubj4es0m5dhvd.com/blog/%E0%B9%82%E0%B8%99%E0%B9%8A%E0%B8%95%E0%B8%9A%E0%B8%B8%E0%B9%8A%E0%B8%84%E0%B8%9A%E0%B8%B2%E0%B8%99%E0%B8%9E%E0%B8%B1%E0%B8%9A%E0%B9%81%E0%B8%95%E0%B8%81%E0%B8%82%E0%B8%B2%E0%B8%A2%E0%B9%84%E0%B8%94%E0%B9%89%E0%B9%84%E0%B8%AB%E0%B8%A1/,200,PASS,
https://xn--42cn4aobed0eb6hubj4es0m5dhvd.com/blog/%E0%B9%82%E0%B8%99%E0%B9%8A%E0%B8%95%E0%B8%9A%E0%B8%B8%E0%B9%8A%E0%B8%84%E0%B8%9A%E0%B8%B9%E0%B8%95%E0%B8%A7%E0%B8%99%E0%B8%82%E0%B8%B2%E0%B8%A2%E0%B9%84%E0%B8%94%E0%B9%89%E0%B9%84%E0%B8%AB%E0%B8%A1/,200,PASS,
https://xn--42cn4aobed0eb6hubj4es0m5dhvd.com/blog/%E0%B9%82%E0%B8%99%E0%B9%8A%E0%B8%95%E0%B8%9A%E0%B8%B8%E0%B9%8A%E0%B8%84%E0%B8%9D%E0%B8%B2%E0%B8%AB%E0%B8%A5%E0%B8%B1%E0%B8%87%E0%B8%9A%E0%B8%A7%E0%B8%A1%E0%B8%82%E0%B8%B2%E0%B8%A2%E0%B9%84%E0%B8%94%E0%B9%89%E0%B9%84%E0%B8%AB%E0%B8%A1/,200,PASS,
https://xn--42cn4aobed0eb6hubj4es0m5dhvd.com/blog/%E0%B9%82%E0%B8%99%E0%B9%8A%E0%B8%95%E0%B8%9A%E0%B8%B8%E0%B9%8A%E0%B8%84%E0%B8%9D%E0%B8%B2%E0%B8%AB%E0%B8%A5%E0%B8%B1%E0%B8%87%E0%B8%A3%E0%B9%89%E0%B8%B2%E0%B8%A7%E0%B8%82%E0%B8%B2%E0%B8%A2%E0%B9%84%E0%B8%94%E0%B9%89%E0%B9%84%E0%B8%AB%E0%B8%A1/,200,PASS,
https://xn--42cn4aobed0eb6hubj4es0m5dhvd.com/blog/%E0%B9%82%E0%B8%99%E0%B9%8A%E0%B8%95%E0%B8%9A%E0%B8%B8%E0%B9%8A%E0%B8%84%E0%B8%9E%E0%B8%AD%E0%B8%A3%E0%B9%8C%E0%B8%95-type-c-%E0%B9%80%E0%B8%AA%E0%B8%B5%E0%B8%A2%E0%B8%82%E0%B8%B2%E0%B8%A2%E0%B9%84%E0%B8%94%E0%B9%89%E0%B9%84%E0%B8%AB%E0%B8%A1/,200,PASS,
https://xn--42cn4aobed0eb6hubj4es0m5dhvd.com/blog/%E0%B9%82%E0%B8%99%E0%B9%8A%E0%B8%95%E0%B8%9A%E0%B8%B8%E0%B9%8A%E0%B8%84%E0%B8%9E%E0%B8%AD%E0%B8%A3%E0%B9%8C%E0%B8%95%E0%B9%81%E0%B8%A5%E0%B8%99%E0%B9%80%E0%B8%AA%E0%B8%B5%E0%B8%A2%E0%B8%82%E0%B8%B2%E0%B8%A2%E0%B9%84%E0%B8%94%E0%B9%89%E0%B9%84%E0%B8%AB%E0%B8%A1/,200,PASS,
https://xn--42cn4aobed0eb6hubj4es0m5dhvd.com/blog/%E0%B9%82%E0%B8%99%E0%B9%8A%E0%B8%95%E0%B8%9A%E0%B8%B8%E0%B9%8A%E0%B8%84%E0%B8%9E%E0%B8%B1%E0%B8%94%E0%B8%A5%E0%B8%A1%E0%B8%94%E0%B8%B1%E0%B8%87%E0%B8%82%E0%B8%B2%E0%B8%A2%E0%B9%84%E0%B8%94%E0%B9%89%E0%B9%84%E0%B8%AB%E0%B8%A1/,200,PASS,
https://xn--42cn4aobed0eb6hubj4es0m5dhvd.com/blog/%E0%B9%82%E0%B8%99%E0%B9%8A%E0%B8%95%E0%B8%9A%E0%B8%B8%E0%B9%8A%E0%B8%84%E0%B8%84%E0%B8%B5%E0%B8%A2%E0%B9%8C%E0%B8%9A%E0%B8%AD%E0%B8%A3%E0%B9%8C%E0%B8%94%E0%B9%80%E0%B8%AA%E0%B8%B5%E0%B8%A2%E0%B8%82%E0%B8%B2%E0%B8%A2%E0%B9%84%E0%B8%94%E0%B9%89%E0%B9%84%E0%B8%AB%E0%B8%A1/,200,PASS,
https://xn--42cn4aobed0eb6hubj4es0m5dhvd.com/blog/%E0%B9%82%E0%B8%99%E0%B9%8A%E0%B8%95%E0%B8%9A%E0%B8%B8%E0%B9%8A%E0%B8%84%E0%B8%84%E0%B9%89%E0%B8%B2%E0%B8%87%E0%B8%9A%E0%B9%88%E0%B8%AD%E0%B8%A2%E0%B8%82%E0%B8%B2%E0%B8%A2%E0%B9%84%E0%B8%94%E0%B9%89%E0%B9%84%E0%B8%AB%E0%B8%A1/,200,PASS,
https://xn--42cn4aobed0eb6hubj4es0m5dhvd.com/blog/%E0%B9%82%E0%B8%99%E0%B9%8A%E0%B8%95%E0%B8%9A%E0%B8%B8%E0%B9%8A%E0%B8%84%E0%B8%88%E0%B8%AD%E0%B8%9F%E0%B9%89%E0%B8%B2%E0%B8%82%E0%B8%B2%E0%B8%A2%E0%B9%84%E0%B8%94%E0%B9%89%E0%B9%84%E0%B8%AB%E0%B8%A1/,200,PASS,
https://xn--42cn4aobed0eb6hubj4es0m5dhvd.com/blog/%E0%B9%82%E0%B8%99%E0%B9%8A%E0%B8%95%E0%B8%9A%E0%B8%B8%E0%B9%8A%E0%B8%84%E0%B8%88%E0%B8%AD%E0%B8%81%E0%B8%A3%E0%B8%B0%E0%B8%9E%E0%B8%A3%E0%B8%B4%E0%B8%9A%E0%B8%82%E0%B8%B2%E0%B8%A2%E0%B9%84%E0%B8%94%E0%B9%89%E0%B9%84%E0%B8%AB%E0%B8%A1/,200,PASS,
https://xn--42cn4aobed0eb6hubj4es0m5dhvd.com/blog/%E0%B9%82%E0%B8%99%E0%B9%8A%E0%B8%95%E0%B8%9A%E0%B8%B8%E0%B9%8A%E0%B8%84%E0%B8%88%E0%B8%AD%E0%B8%A1%E0%B8%B5%E0%B9%80%E0%B8%AA%E0%B9%89%E0%B8%99%E0%B8%82%E0%B8%B2%E0%B8%A2%E0%B9%84%E0%B8%94%E0%B9%89%E0%B9%84%E0%B8%AB%E0%B8%A1/,200,PASS,
https://xn--42cn4aobed0eb6hubj4es0m5dhvd.com/blog/%E0%B9%82%E0%B8%99%E0%B9%8A%E0%B8%95%E0%B8%9A%E0%B8%B8%E0%B9%8A%E0%B8%84%E0%B8%88%E0%B8%AD%E0%B9%81%E0%B8%95%E0%B8%81%E0%B8%A2%E0%B8%B1%E0%B8%87%E0%B8%A1%E0%B8%B5%E0%B8%A3%E0%B8%B2%E0%B8%84%E0%B8%B2%E0%B9%84%E0%B8%AB%E0%B8%A1/,200,PASS,
https://xn--42cn4aobed0eb6hubj4es0m5dhvd.com/blog/%E0%B9%82%E0%B8%99%E0%B9%8A%E0%B8%95%E0%B8%9A%E0%B8%B8%E0%B9%8A%E0%B8%84%E0%B8%88%E0%B8%AD%E0%B9%84%E0%B8%A1%E0%B9%88%E0%B8%95%E0%B8%B4%E0%B8%94%E0%B9%81%E0%B8%95%E0%B9%88%E0%B9%80%E0%B8%84%E0%B8%A3%E0%B8%B7%E0%B9%88%E0%B8%AD%E0%B8%87%E0%B8%95%E0%B8%B4%E0%B8%94%E0%B8%82%E0%B8%B2%E0%B8%A2%E0%B9%84%E0%B8%94%E0%B9%89%E0%B9%84%E0%B8%AB%E0%B8%A1/,200,PASS,
https://xn--42cn4aobed0eb6hubj4es0m5dhvd.com/blog/%E0%B9%82%E0%B8%99%E0%B9%8A%E0%B8%95%E0%B8%9A%E0%B8%B8%E0%B9%8A%E0%B8%84%E0%B8%95%E0%B8%B4%E0%B8%94%E0%B8%A3%E0%B8%AB%E0%B8%B1%E0%B8%AA-windows-%E0%B8%82%E0%B8%B2%E0%B8%A2%E0%B9%84%E0%B8%94%E0%B9%89%E0%B9%84%E0%B8%AB%E0%B8%A1/,200,PASS,
https://xn--42cn4aobed0eb6hubj4es0m5dhvd.com/blog/%E0%B9%82%E0%B8%99%E0%B9%8A%E0%B8%95%E0%B8%9A%E0%B8%B8%E0%B9%8A%E0%B8%84%E0%B8%97%E0%B8%B1%E0%B8%8A%E0%B8%AA%E0%B8%81%E0%B8%A3%E0%B8%B5%E0%B8%99%E0%B9%80%E0%B8%AA%E0%B8%B5%E0%B8%A2%E0%B8%82%E0%B8%B2%E0%B8%A2%E0%B9%84%E0%B8%94%E0%B9%89%E0%B9%84%E0%B8%AB%E0%B8%A1/,200,PASS,
https://xn--42cn4aobed0eb6hubj4es0m5dhvd.com/blog/%E0%B9%82%E0%B8%99%E0%B9%8A%E0%B8%95%E0%B8%9A%E0%B8%B8%E0%B9%8A%E0%B8%84%E0%B8%A1%E0%B8%B5%E0%B8%9B%E0%B8%A3%E0%B8%B0%E0%B8%81%E0%B8%B1%E0%B8%99%E0%B9%80%E0%B8%AB%E0%B8%A5%E0%B8%B7%E0%B8%AD-%E0%B8%82%E0%B8%B2%E0%B8%A2%E0%B8%A1%E0%B8%B7%E0%B8%AD%E0%B8%AA%E0%B8%AD%E0%B8%87%E0%B9%84%E0%B8%94%E0%B9%89%E0%B9%80%E0%B8%9B%E0%B8%A3%E0%B8%B5%E0%B8%A2%E0%B8%9A%E0%B9%80%E0%B8%A3%E0%B8%B7%E0%B9%88%E0%B8%AD%E0%B8%87%E0%B8%A3%E0%B8%B2%E0%B8%84%E0%B8%B2%E0%B9%84%E0%B8%AB%E0%B8%A1/,200,PASS,
https://xn--42cn4aobed0eb6hubj4es0m5dhvd.com/blog/%E0%B9%82%E0%B8%99%E0%B9%8A%E0%B8%95%E0%B8%9A%E0%B8%B8%E0%B9%8A%E0%B8%84%E0%B8%A3%E0%B8%B5%E0%B8%AA%E0%B8%95%E0%B8%B2%E0%B8%A3%E0%B9%8C%E0%B8%97%E0%B9%80%E0%B8%AD%E0%B8%87%E0%B8%82%E0%B8%B2%E0%B8%A2%E0%B9%84%E0%B8%94%E0%B9%89%E0%B9%84%E0%B8%AB%E0%B8%A1/,200,PASS,
https://xn--42cn4aobed0eb6hubj4es0m5dhvd.com/blog/%E0%B9%82%E0%B8%99%E0%B9%8A%E0%B8%95%E0%B8%9A%E0%B8%B8%E0%B9%8A%E0%B8%84%E0%B8%A3%E0%B9%89%E0%B8%AD%E0%B8%99%E0%B8%88%E0%B8%B1%E0%B8%94%E0%B8%94%E0%B8%B1%E0%B8%9A%E0%B9%80%E0%B8%AD%E0%B8%87%E0%B8%82%E0%B8%B2%E0%B8%A2%E0%B9%84%E0%B8%94%E0%B9%89%E0%B9%84%E0%B8%AB%E0%B8%A1/,200,PASS,
https://xn--42cn4aobed0eb6hubj4es0m5dhvd.com/blog/%E0%B9%82%E0%B8%99%E0%B9%8A%E0%B8%95%E0%B8%9A%E0%B8%B8%E0%B9%8A%E0%B8%84%E0%B9%80%E0%B8%9B%E0%B8%B4%E0%B8%94%E0%B9%84%E0%B8%A1%E0%B9%88%E0%B8%95%E0%B8%B4%E0%B8%94%E0%B8%82%E0%B8%B2%E0%B8%A2%E0%B9%84%E0%B8%94%E0%B9%89%E0%B9%84%E0%B8%AB%E0%B8%A1/,200,PASS,
https://xn--42cn4aobed0eb6hubj4es0m5dhvd.com/blog/%E0%B9%82%E0%B8%99%E0%B9%8A%E0%B8%95%E0%B8%9A%E0%B8%B8%E0%B9%8A%E0%B8%84%E0%B9%80%E0%B8%AA%E0%B8%B5%E0%B8%A2%E0%B8%82%E0%B8%B2%E0%B8%A2%E0%B9%84%E0%B8%94%E0%B9%89%E0%B9%84%E0%B8%AB%E0%B8%A1/,200,PASS,
https://xn--42cn4aobed0eb6hubj4es0m5dhvd.com/blog/%E0%B9%82%E0%B8%99%E0%B9%8A%E0%B8%95%E0%B8%9A%E0%B8%B8%E0%B9%8A%E0%B8%84%E0%B9%81%E0%B8%9A%E0%B8%95%E0%B8%9A%E0%B8%A7%E0%B8%A1%E0%B8%82%E0%B8%B2%E0%B8%A2%E0%B9%84%E0%B8%94%E0%B9%89%E0%B9%84%E0%B8%AB%E0%B8%A1/,200,PASS,
https://xn--42cn4aobed0eb6hubj4es0m5dhvd.com/blog/%E0%B9%82%E0%B8%99%E0%B9%8A%E0%B8%95%E0%B8%9A%E0%B8%B8%E0%B9%8A%E0%B8%84%E0%B9%81%E0%B8%9A%E0%B8%95%E0%B9%80%E0%B8%AA%E0%B8%B7%E0%B9%88%E0%B8%AD%E0%B8%A1%E0%B8%82%E0%B8%B2%E0%B8%A2%E0%B9%84%E0%B8%94%E0%B9%89%E0%B9%84%E0%B8%AB%E0%B8%A1/,200,PASS,
https://xn--42cn4aobed0eb6hubj4es0m5dhvd.com/blog/%E0%B9%82%E0%B8%99%E0%B9%8A%E0%B8%95%E0%B8%9A%E0%B8%B8%E0%B9%8A%E0%B8%84%E0%B9%82%E0%B8%94%E0%B8%99%E0%B8%99%E0%B9%89%E0%B8%B3%E0%B8%82%E0%B8%B2%E0%B8%A2%E0%B9%84%E0%B8%94%E0%B9%89%E0%B9%84%E0%B8%AB%E0%B8%A1/,200,PASS,
https://xn--42cn4aobed0eb6hubj4es0m5dhvd.com/blog/%E0%B9%82%E0%B8%99%E0%B9%8A%E0%B8%95%E0%B8%9A%E0%B8%B8%E0%B9%8A%E0%B8%84%E0%B9%84%E0%B8%9F%E0%B9%84%E0%B8%A1%E0%B9%88%E0%B9%80%E0%B8%82%E0%B9%89%E0%B8%B2%E0%B8%82%E0%B8%B2%E0%B8%A2%E0%B9%84%E0%B8%94%E0%B9%89%E0%B9%84%E0%B8%AB%E0%B8%A1/,200,PASS,
https://xn--42cn4aobed0eb6hubj4es0m5dhvd.com/blog/%E0%B9%82%E0%B8%99%E0%B9%8A%E0%B8%95%E0%B8%9A%E0%B8%B8%E0%B9%8A%E0%B8%84%E0%B9%84%E0%B8%A1%E0%B9%88%E0%B8%A1%E0%B8%B5%E0%B8%97%E0%B8%B5%E0%B9%88%E0%B8%8A%E0%B8%B2%E0%B8%A3%E0%B9%8C%E0%B8%88%E0%B8%82%E0%B8%B2%E0%B8%A2%E0%B9%84%E0%B8%94%E0%B9%89%E0%B9%84%E0%B8%AB%E0%B8%A1/,200,PASS,
https://xn--42cn4aobed0eb6hubj4es0m5dhvd.com/blog/gaming-notebook-%E0%B8%A1%E0%B8%B7%E0%B8%AD%E0%B8%AA%E0%B8%AD%E0%B8%87%E0%B8%82%E0%B8%B2%E0%B8%A2%E0%B9%84%E0%B8%94%E0%B9%89%E0%B8%A3%E0%B8%B2%E0%B8%84%E0%B8%B2%E0%B8%94%E0%B8%B5%E0%B8%81%E0%B8%A7%E0%B9%88%E0%B8%B2%E0%B9%84%E0%B8%AB%E0%B8%A1/,200,PASS,
https://xn--42cn4aobed0eb6hubj4es0m5dhvd.com/blog/macbook-%E0%B8%8A%E0%B8%B2%E0%B8%A3%E0%B9%8C%E0%B8%88%E0%B9%84%E0%B8%A1%E0%B9%88%E0%B9%80%E0%B8%82%E0%B9%89%E0%B8%B2-%E0%B8%82%E0%B8%B2%E0%B8%A2%E0%B9%84%E0%B8%94%E0%B9%89%E0%B9%84%E0%B8%AB%E0%B8%A1/,200,PASS,
https://xn--42cn4aobed0eb6hubj4es0m5dhvd.com/blog/macbook-%E0%B8%84%E0%B8%B5%E0%B8%A2%E0%B9%8C%E0%B8%9A%E0%B8%AD%E0%B8%A3%E0%B9%8C%E0%B8%94%E0%B9%80%E0%B8%AA%E0%B8%B5%E0%B8%A2-%E0%B8%82%E0%B8%B2%E0%B8%A2%E0%B9%84%E0%B8%94%E0%B9%89%E0%B9%84%E0%B8%AB%E0%B8%A1/,200,PASS,
https://xn--42cn4aobed0eb6hubj4es0m5dhvd.com/blog/macbook-%E0%B8%88%E0%B8%AD%E0%B8%A3%E0%B9%89%E0%B8%B2%E0%B8%A7-%E0%B8%82%E0%B8%B2%E0%B8%A2%E0%B9%84%E0%B8%94%E0%B9%89%E0%B9%84%E0%B8%AB%E0%B8%A1/,200,PASS,
https://xn--42cn4aobed0eb6hubj4es0m5dhvd.com/blog/macbook-%E0%B8%95%E0%B8%B4%E0%B8%94-mdm-%E0%B8%82%E0%B8%B2%E0%B8%A2%E0%B9%84%E0%B8%94%E0%B9%89%E0%B9%84%E0%B8%AB%E0%B8%A1/,200,PASS,
https://xn--42cn4aobed0eb6hubj4es0m5dhvd.com/blog/macbook-%E0%B9%81%E0%B8%9A%E0%B8%95%E0%B8%9A%E0%B8%A7%E0%B8%A1-%E0%B8%82%E0%B8%B2%E0%B8%A2%E0%B9%84%E0%B8%94%E0%B9%89%E0%B9%84%E0%B8%AB%E0%B8%A1/,200,PASS,
https://xn--42cn4aobed0eb6hubj4es0m5dhvd.com/blog/macbook-%E0%B9%84%E0%B8%A1%E0%B9%88%E0%B8%A1%E0%B8%B5%E0%B8%81%E0%B8%A5%E0%B9%88%E0%B8%AD%E0%B8%87-%E0%B9%84%E0%B8%A1%E0%B9%88%E0%B8%A1%E0%B8%B5%E0%B9%83%E0%B8%9A%E0%B9%80%E0%B8%AA%E0%B8%A3%E0%B9%87%E0%B8%88-%E0%B8%82%E0%B8%B2%E0%B8%A2%E0%B9%84%E0%B8%94%E0%B9%89%E0%B9%84%E0%B8%AB%E0%B8%A1/,200,PASS,
https://xn--42cn4aobed0eb6hubj4es0m5dhvd.com/blog/macbook-%E0%B9%84%E0%B8%A1%E0%B9%88%E0%B8%A1%E0%B8%B5%E0%B8%97%E0%B8%B5%E0%B9%88%E0%B8%8A%E0%B8%B2%E0%B8%A3%E0%B9%8C%E0%B8%88-%E0%B8%82%E0%B8%B2%E0%B8%A2%E0%B9%84%E0%B8%94%E0%B9%89%E0%B9%84%E0%B8%AB%E0%B8%A1/,200,PASS,
https://xn--42cn4aobed0eb6hubj4es0m5dhvd.com/blog/macbook-battery-health-%E0%B8%A1%E0%B8%B5%E0%B8%9C%E0%B8%A5%E0%B8%95%E0%B9%88%E0%B8%AD%E0%B8%A3%E0%B8%B2%E0%B8%84%E0%B8%B2%E0%B9%84%E0%B8%AB%E0%B8%A1/,200,PASS,
https://xn--42cn4aobed0eb6hubj4es0m5dhvd.com/blog/macbook-cycle-count-%E0%B9%80%E0%B8%97%E0%B9%88%E0%B8%B2%E0%B9%84%E0%B8%AB%E0%B8%A3%E0%B9%88%E0%B8%96%E0%B8%B6%E0%B8%87%E0%B8%A3%E0%B8%B2%E0%B8%84%E0%B8%B2%E0%B8%95%E0%B8%81/,200,PASS,
https://xn--42cn4aobed0eb6hubj4es0m5dhvd.com/blog/ram-8gb-%E0%B8%81%E0%B8%B1%E0%B8%9A-16gb-%E0%B8%A1%E0%B8%B5%E0%B8%9C%E0%B8%A5%E0%B8%95%E0%B9%88%E0%B8%AD%E0%B8%A3%E0%B8%B2%E0%B8%84%E0%B8%B2%E0%B8%A3%E0%B8%B1%E0%B8%9A%E0%B8%8B%E0%B8%B7%E0%B9%89%E0%B8%AD%E0%B9%84%E0%B8%AB%E0%B8%A1/,200,PASS,
https://xn--42cn4aobed0eb6hubj4es0m5dhvd.com/blog/ssd-%E0%B9%80%E0%B8%AA%E0%B8%B5%E0%B8%A2%E0%B8%82%E0%B8%B2%E0%B8%A2%E0%B9%84%E0%B8%94%E0%B9%89%E0%B9%84%E0%B8%AB%E0%B8%A1/,200,PASS,
https://xn--42cn4aobed0eb6hubj4es0m5dhvd.com/blog/ssd-256gb-512gb-1tb-%E0%B8%A1%E0%B8%B5%E0%B8%9C%E0%B8%A5%E0%B8%95%E0%B9%88%E0%B8%AD%E0%B8%A3%E0%B8%B2%E0%B8%84%E0%B8%B2%E0%B8%AD%E0%B8%A2%E0%B9%88%E0%B8%B2%E0%B8%87%E0%B9%84%E0%B8%A3/,200,PASS,
https://xn--42cn4aobed0eb6hubj4es0m5dhvd.com/sitemap/,200,PASS,
