source_url,page_type,priority,source_exists,dist_exists,production_status,indexability,in_sitemap,canonical,title,h1,internal_inbound_links,parent_hub_linked,orphan,word_count,crawl_date,robots_accessible,recommended_action,reason
https://ร้านรับซื้อโน๊ตบุ๊ค.com/รับซื้อโน๊ตบุ๊ค/กำแพงเพชร/,location_or_service,P2,true,true,200,indexable,true,https://ร้านรับซื้อโน๊ตบุ๊ค.com/รับซื้อโน๊ตบุ๊ค/กำแพงเพชร/,รับซื้อโน๊ตบุ๊คกำแพงเพชร ประเมินฟรีผ่านไลน์ @webuy | ร้านรับซื้อโน๊ตบุ๊ค.com,รับซื้อโน๊ตบุ๊ค กำแพงเพชร ประเมินไว ส่งรูปเช็คราคาฟรี,27,true,false,506,missing/never crawled,true,PRIORITY_CRAWL_MONITOR,Fresh GSC shows discovered but never crawled; retain current indexability and prioritize recrawl by business role.
https://ร้านรับซื้อโน๊ตบุ๊ค.com/รับซื้อโน๊ตบุ๊ค/ร้อยเอ็ด/,location_or_service,P2,true,true,200,indexable,true,https://ร้านรับซื้อโน๊ตบุ๊ค.com/รับซื้อโน๊ตบุ๊ค/ร้อยเอ็ด/,รับซื้อโน๊ตบุ๊คร้อยเอ็ด ประเมินฟรีผ่านไลน์ @webuy | ร้านรับซื้อโน๊ตบุ๊ค.com,รับซื้อโน๊ตบุ๊ค ร้อยเอ็ด ประเมินไว ส่งรูปเช็คราคาฟรี,27,true,false,570,missing/never crawled,true,PRIORITY_CRAWL_MONITOR,Fresh GSC shows discovered but never crawled; retain current indexability and prioritize recrawl by business role.
https://ร้านรับซื้อโน๊ตบุ๊ค.com/รับซื้อโน๊ตบุ๊ค/อ่างทอง/,location_or_service,P2,true,true,200,indexable,true,https://ร้านรับซื้อโน๊ตบุ๊ค.com/รับซื้อโน๊ตบุ๊ค/อ่างทอง/,รับซื้อโน๊ตบุ๊คอ่างทอง ประเมินฟรีผ่านไลน์ @webuy | ร้านรับซื้อโน๊ตบุ๊ค.com,รับซื้อโน๊ตบุ๊ค อ่างทอง ประเมินไว ส่งรูปเช็คราคาฟรี,27,true,false,506,missing/never crawled,true,PRIORITY_CRAWL_MONITOR,Fresh GSC shows discovered but never crawled; retain current indexability and prioritize recrawl by business role.
https://ร้านรับซื้อโน๊ตบุ๊ค.com/รับซื้อโน๊ตบุ๊ค/แม่ฮ่องสอน/,location_or_service,P2,true,true,200,indexable,true,https://ร้านรับซื้อโน๊ตบุ๊ค.com/รับซื้อโน๊ตบุ๊ค/แม่ฮ่องสอน/,รับซื้อโน๊ตบุ๊คแม่ฮ่องสอน ประเมินฟรีผ่านไลน์ @webuy | ร้านรับซื้อโน๊ตบุ๊ค.com,รับซื้อโน๊ตบุ๊ค แม่ฮ่องสอน ประเมินไว ส่งรูปเช็คราคาฟรี,27,true,false,506,missing/never crawled,true,PRIORITY_CRAWL_MONITOR,Fresh GSC shows discovered but never crawled; retain current indexability and prioritize recrawl by business role.
https://ร้านรับซื้อโน๊ตบุ๊ค.com/รับซื้อโน๊ตบุ๊ค/dell-inspiron-15/,model_or_service,P1,true,true,200,indexable,true,https://ร้านรับซื้อโน๊ตบุ๊ค.com/รับซื้อโน๊ตบุ๊ค/dell-inspiron-15/,รับซื้อ Dell Inspiron 15 มือสอง ประเมินตามรุ่นและสุขภาพแบต | ร้านรับซื้อโน๊ตบุ๊ค.com,รับซื้อ Dell Inspiron 15 มือสอง สำหรับทำงาน,4,true,false,391,missing/never crawled,true,PRIORITY_CRAWL_MONITOR,Fresh GSC shows discovered but never crawled; retain current indexability and prioritize recrawl by business role.
https://ร้านรับซื้อโน๊ตบุ๊ค.com/รับซื้อโน๊ตบุ๊ค/honor/,model_or_service,P1,true,true,200,indexable,true,https://ร้านรับซื้อโน๊ตบุ๊ค.com/รับซื้อโน๊ตบุ๊ค/honor/,รับซื้อโน๊ตบุ๊ค Honor มือสอง ประเมินตามสภาพและรุ่นย่อย | ร้านรับซื้อโน๊ตบุ๊ค.com,รับซื้อโน๊ตบุ๊ค Honor มือสอง หลายรุ่นยอดนิยม,6,true,false,353,missing/never crawled,true,PRIORITY_CRAWL_MONITOR,Fresh GSC shows discovered but never crawled; retain current indexability and prioritize recrawl by business role.
https://ร้านรับซื้อโน๊ตบุ๊ค.com/รับซื้อโน๊ตบุ๊ค/huawei-matebook/,model_or_service,P1,true,true,200,indexable,true,https://ร้านรับซื้อโน๊ตบุ๊ค.com/รับซื้อโน๊ตบุ๊ค/huawei-matebook/,รับซื้อ Huawei MateBook มือสอง ประเมินตามชิปเซ็ตและสภาพ | ร้านรับซื้อโน๊ตบุ๊ค.com,รับซื้อ Huawei MateBook มือสอง หลายรุ่นยอดนิยม,6,true,false,378,missing/never crawled,true,PRIORITY_CRAWL_MONITOR,Fresh GSC shows discovered but never crawled; retain current indexability and prioritize recrawl by business role.
https://ร้านรับซื้อโน๊ตบุ๊ค.com/รับซื้อโน๊ตบุ๊ค/huawei/,model_or_service,P1,true,true,200,indexable,true,https://ร้านรับซื้อโน๊ตบุ๊ค.com/รับซื้อโน๊ตบุ๊ค/huawei/,รับซื้อโน๊ตบุ๊ค Huawei มือสอง ประเมินตามสเปกและสภาพ | ร้านรับซื้อโน๊ตบุ๊ค.com,รับซื้อโน๊ตบุ๊ค Huawei มือสอง หลายรุ่นยอดนิยมยอดนิยม,6,true,false,505,missing/never crawled,true,PRIORITY_CRAWL_MONITOR,Fresh GSC shows discovered but never crawled; retain current indexability and prioritize recrawl by business role.
https://ร้านรับซื้อโน๊ตบุ๊ค.com/รับซื้อโน๊ตบุ๊ค/macbook-mdm/,model_or_service,P1,true,true,200,indexable,true,https://ร้านรับซื้อโน๊ตบุ๊ค.com/รับซื้อโน๊ตบุ๊ค/macbook-mdm/,MacBook ติด MDM ขายได้ไหม | ร้านรับซื้อโน๊ตบุ๊ค.com,MacBook ติด MDM ขายได้ไหม เช็กก่อนนัดขาย,18,true,false,410,missing/never crawled,true,PRIORITY_CRAWL_MONITOR,Fresh GSC shows discovered but never crawled; retain current indexability and prioritize recrawl by business role.
https://ร้านรับซื้อโน๊ตบุ๊ค.com/รับซื้อโน๊ตบุ๊ค/macbook-no-box-no-receipt/,model_or_service,P1,true,true,200,indexable,true,https://ร้านรับซื้อโน๊ตบุ๊ค.com/รับซื้อโน๊ตบุ๊ค/macbook-no-box-no-receipt/,รับซื้อ MacBook ไม่มีกล่อง ไม่มีใบเสร็จ ประเมินสเปกและเอกสารแสดงสิทธิ์ | ร้านรับซื้อโน๊ตบุ๊ค.com,รับซื้อ MacBook ไม่มีกล่อง ไม่มีใบเสร็จ ประเมินตามสเปก,4,true,false,385,missing/never crawled,true,PRIORITY_CRAWL_MONITOR,Fresh GSC shows discovered but never crawled; retain current indexability and prioritize recrawl by business role.
https://ร้านรับซื้อโน๊ตบุ๊ค.com/รับซื้อโน๊ตบุ๊ค/macbook-pro-m5/,model_or_service,P1,true,true,200,indexable,true,https://ร้านรับซื้อโน๊ตบุ๊ค.com/รับซื้อโน๊ตบุ๊ค/macbook-pro-m5/,รับซื้อ MacBook Pro M5 มือสอง ประเมินฟรี | ร้านรับซื้อโน๊ตบุ๊ค.com,รับซื้อ MacBook Pro M5 มือสอง เช็กราคาไว ส่งรูปประเมินฟรี,6,true,false,502,missing/never crawled,true,PRIORITY_CRAWL_MONITOR,Fresh GSC shows discovered but never crawled; retain current indexability and prioritize recrawl by business role.
https://ร้านรับซื้อโน๊ตบุ๊ค.com/รับซื้อโน๊ตบุ๊ค/surface-book/,model_or_service,P1,true,true,200,indexable,true,https://ร้านรับซื้อโน๊ตบุ๊ค.com/รับซื้อโน๊ตบุ๊ค/surface-book/,รับซื้อ Surface Book มือสอง ประเมินตามชิปเซ็ตและสภาพกลไก | ร้านรับซื้อโน๊ตบุ๊ค.com,รับซื้อ Surface Book มือสอง ไฮบริดถอดจอได้,6,true,false,394,missing/never crawled,true,PRIORITY_CRAWL_MONITOR,Fresh GSC shows discovered but never crawled; retain current indexability and prioritize recrawl by business role.
https://ร้านรับซื้อโน๊ตบุ๊ค.com/เช็คราคาโน๊ตบุ๊คมือสอง/,core,P0,true,true,200,indexable,true,https://ร้านรับซื้อโน๊ตบุ๊ค.com/เช็คราคาโน๊ตบุ๊คมือสอง/,เช็คราคาโน๊ตบุ๊คมือสอง ประเมินฟรี แจ้งราคาก่อนขาย | ร้านรับซื้อโน๊ตบุ๊ค.com,เช็คราคาโน๊ตบุ๊คมือสอง ประเมินฟรี แจ้งราคาก่อนตัดสินใจขาย,13,true,false,976,missing/never crawled,true,PRIORITY_CRAWL_MONITOR,Fresh GSC shows discovered but never crawled; retain current indexability and prioritize recrawl by business role.
https://ร้านรับซื้อโน๊ตบุ๊ค.com/blog/รับซื้อ-acer-nitro-predator-ราคาเท่าไหร่/,blog,P3,true,true,200,indexable,true,https://ร้านรับซื้อโน๊ตบุ๊ค.com/blog/รับซื้อ-acer-nitro-predator-ราคาเท่าไหร่/,รับซื้อ Acer Nitro และ Predator ราคาเท่าไหร่ (คู่มือตรวจสอบราคามือสอง) | ร้านรับซื้อโน๊ตบุ๊ค.com | ร้านรับซื้อโน๊ตบุ๊ค.com,รับซื้อ Acer Nitro และ Predator ราคาเท่าไหร่ (คู่มือตรวจสอบราคามือสอง) | ร้านรับซื้อโน๊ตบุ๊ค.com,6,true,false,312,missing/never crawled,true,PRIORITY_CRAWL_MONITOR,Fresh GSC shows discovered but never crawled; retain current indexability and prioritize recrawl by business role.
https://ร้านรับซื้อโน๊ตบุ๊ค.com/blog/รับซื้อ-dell-vostro-ราคาเท่าไหร่/,blog,P3,true,true,200,indexable,true,https://ร้านรับซื้อโน๊ตบุ๊ค.com/blog/รับซื้อ-dell-vostro-ราคาเท่าไหร่/,รับซื้อ Dell Vostro ราคาเท่าไหร่ | ร้านรับซื้อโน๊ตบุ๊ค.com,รับซื้อ Dell Vostro ราคาเท่าไหร่,3,true,false,217,missing/never crawled,true,PRIORITY_CRAWL_MONITOR,Fresh GSC shows discovered but never crawled; retain current indexability and prioritize recrawl by business role.
https://ร้านรับซื้อโน๊ตบุ๊ค.com/blog/รับซื้อ-hp-victus-omen-ราคาเท่าไหร่/,blog,P3,true,true,200,indexable,true,https://ร้านรับซื้อโน๊ตบุ๊ค.com/blog/รับซื้อ-hp-victus-omen-ราคาเท่าไหร่/,รับซื้อ HP Victus และ OMEN ราคาเท่าไหร่ (เช็คราคาประเมินอ้างอิงเกมมิ่ง) | ร้านรับซื้อโน๊ตบุ๊ค.com | ร้านรับซื้อโน๊ตบุ๊ค.com,รับซื้อ HP Victus และ OMEN ราคาเท่าไหร่ (เช็คราคาประเมินอ้างอิงเกมมิ่ง) | ร้านรับซื้อโน๊ตบุ๊ค.com,7,true,false,293,missing/never crawled,true,PRIORITY_CRAWL_MONITOR,Fresh GSC shows discovered but never crawled; retain current indexability and prioritize recrawl by business role.
https://ร้านรับซื้อโน๊ตบุ๊ค.com/blog/รับซื้อ-macbook-air-m5-ราคาเท่าไหร่/,blog,P3,true,true,200,indexable,true,https://ร้านรับซื้อโน๊ตบุ๊ค.com/blog/รับซื้อ-macbook-air-m5-ราคาเท่าไหร่/,รับซื้อ MacBook Air M5 ราคาเท่าไหร่ (รุ่นใหม่ดูอะไรบ้างก่อนประเมิน) | ร้านรับซื้อโน๊ตบุ๊ค.com,รับซื้อ MacBook Air M5 ราคาเท่าไหร่ (รุ่นใหม่ดูอะไรบ้างก่อนประเมิน),9,true,false,279,missing/never crawled,true,PRIORITY_CRAWL_MONITOR,Fresh GSC shows discovered but never crawled; retain current indexability and prioritize recrawl by business role.
https://ร้านรับซื้อโน๊ตบุ๊ค.com/blog/รับซื้อ-surface-laptop-go-book-pro-ราคาเท่าไหร่/,blog,P3,true,true,200,indexable,true,https://ร้านรับซื้อโน๊ตบุ๊ค.com/blog/รับซื้อ-surface-laptop-go-book-pro-ราคาเท่าไหร่/,รับซื้อ Surface Laptop Go Book และ Pro ราคาเท่าไหร่ | ร้านรับซื้อโน๊ตบุ๊ค.com,รับซื้อ Surface Laptop Go Book และ Pro ราคาเท่าไหร่,3,true,false,251,missing/never crawled,true,PRIORITY_CRAWL_MONITOR,Fresh GSC shows discovered but never crawled; retain current indexability and prioritize recrawl by business role.
https://ร้านรับซื้อโน๊ตบุ๊ค.com/blog/โน๊ตบุ๊คชาร์จไม่เข้า-พอร์ตชาร์จเสียขายได้ไหม/,blog,P3,true,true,200,indexable,true,https://ร้านรับซื้อโน๊ตบุ๊ค.com/blog/โน๊ตบุ๊คชาร์จไม่เข้า-พอร์ตชาร์จเสียขายได้ไหม/,โน๊ตบุ๊คชาร์จไม่เข้า พอร์ตชาร์จเสียขายได้ไหม | ร้านรับซื้อโน๊ตบุ๊ค.com,โน๊ตบุ๊คชาร์จไม่เข้า พอร์ตชาร์จเสียขายได้ไหม,3,true,false,274,missing/never crawled,true,PRIORITY_CRAWL_MONITOR,Fresh GSC shows discovered but never crawled; retain current indexability and prioritize recrawl by business role.
https://ร้านรับซื้อโน๊ตบุ๊ค.com/blog/โน๊ตบุ๊คบานพับแตกขายได้ไหม/,blog,P3,true,true,200,indexable,true,https://ร้านรับซื้อโน๊ตบุ๊ค.com/blog/โน๊ตบุ๊คบานพับแตกขายได้ไหม/,โน๊ตบุ๊คบานพับแตกขายได้ไหม (เปิดปิดฝืด ฝาร้าว ขอบจออ้า) | ร้านรับซื้อโน๊ตบุ๊ค.com,โน๊ตบุ๊คบานพับแตกขายได้ไหม (เปิดปิดฝืด ฝาร้าว ขอบจออ้า),5,true,false,246,missing/never crawled,true,PRIORITY_CRAWL_MONITOR,Fresh GSC shows discovered but never crawled; retain current indexability and prioritize recrawl by business role.
https://ร้านรับซื้อโน๊ตบุ๊ค.com/blog/macbook-ไม่มีกล่อง-ไม่มีใบเสร็จ-ขายได้ไหม/,blog,P3,true,true,200,indexable,true,https://ร้านรับซื้อโน๊ตบุ๊ค.com/blog/macbook-ไม่มีกล่อง-ไม่มีใบเสร็จ-ขายได้ไหม/,MacBook ไม่มีกล่อง ไม่มีใบเสร็จ ขายได้ไหม ต้องเตรียมอะไรบ้าง | ร้านรับซื้อโน๊ตบุ๊ค.com,MacBook ไม่มีกล่อง ไม่มีใบเสร็จ ขายได้ไหม ต้องเตรียมอะไรบ้าง,5,true,false,336,missing/never crawled,true,PRIORITY_CRAWL_MONITOR,Fresh GSC shows discovered but never crawled; retain current indexability and prioritize recrawl by business role.
